"client_id","source_id","Id Amo Интенсив","Id Amocrm","Id Amocrm [Новые Продажи]","Id Amocrm Доп Урок","Id Amocrm Индив","Id Getcourse","Id Telegramm","№ Школы","Акция Гарант","Алгебра","Английский Язык","Блок Алгебра","Блок Английский Язык","Блок Геометрия","Блок Казахский Язык","Блок Математика","Блок По Английскому Языку","Блок По Казахскому Языку","Блок По Математике","Блок По Русскому Языку","Блок Русский Язык","Блок Физика","Время Обучения","Время Прихода","Выгружен","Геометрия","Город","Город Поступления","Город Поступления Ктл","Город Поступления Ниш","Город Поступления Рфмш","Дата Выхода С Заморозки","Дата Конец Занятии","Дата Начала Заморозки","Дата Начала Обучения","Дата Нового Ранга","Дата Получения Ачивки","Дни Обзвона Родителей","Дни Обучения","Дни Получения Интенсива","Доп Урок","Доп. Сведения О Ребенке","Доступ К Getcourse","Ент Сдает","Зарегистрирован В Телеграмм","Иин","Икт","Интенсив","Интенсив Ктл","Интенсив Ниш","Интенсив Рфмш","Казахский Язык","Класс","Книги","Код Рфмш","Код Школы","Кол-Во Предметов","Личный Бренд","Логика","Математика","Мотивация","Направление Ниш","Ник","Область","Обучение Грамоте","Общий","Окружающий Мир","Остаток Дней Заморозки","Отделение","Первый Тур","Пол","Поступают В 126 Лицей","Поступают В 178 Лицей","Поступают В 39","Поступают В 54 Лицей","Поступают В 90 Лицей","Поступают В 92 Лицей","Поступают В Ктл","Поступают В Ниш","Поступают В Рфмш","Поступление Ент","Поступление Ктл","Поступление Ниш","Поступление Рфмш","Продажа Доп Урока","Продукт","Проф.предметы","Профессия","Профильный Предмет-1","Профильный Предмет-2","Развитие Речи","Ранг","Русский Язык","Сдает Ент","Сдали Доки В 126 Лицей","Сдали Доки В 178 Лицей","Сдали Доки В 39 Лицей","Сдали Доки В 54 Лицей","Сдали Доки В 90 Лицей","Сдали Доки В 92 Лицей","Сдали Доки В Ктл","Сдали Доки В Ниш","Сдали Доки В Рфмш","Сдали Документы В Ктл","Сдали Документы В Ниш","Сдали Документы В Рфмш","Срок Обучения (Месяц)","Статус Обзвона","Статус Олимпиады","Сумма Айбаксов","Тест 7-9 Классы","Тип Ачивки","Только Интенсив","Топ","Фермер","Физика","Филиал","Хантер","Химия","Цель Обучения","Цель Обучения(Амо)","Чтение","Что Знает О Професси","Язык Оповещения"
391,102,,"26486837",,,,"358146613",,"12",,,"3013",,,,,,,,,,,,Вечер,"17:20",,"1628",,,,,,,,,"2022-10-06T00:00:00","2024-06-17T00:00:00",,"12",Пн-Ср-Пт,,,"открытая, матем и география хорошо, хромает история казахстана, рассказать дополнительно какие универы можно в дальнейшем",Да,"23-24",,"060923602064",-,,,,,,"11",,,,,,,"20729",,,,,,"31489",,,КО,,Женский,,,,,,,,,,Грант 23-24,,,,,,,,Математика,Физика,,Легенда I (Legend I),,,,,,,,,,,,,,,,Дозвон,,,,,,,,"6119",Основной,,,,,,,Казахский
669,102,,"26671637",,,,,,"175",,,"2182",,,,,,,,,,,,Вечер,"17:20",,"1151",,,,,,,"2023-05-05T00:00:00",,"2022-11-03T00:00:00","2023-05-25T00:00:00",,"2",,,,,,,,"051126501464",,,,,,,"11",,,,,,,"17117",,,,,,"31903,5",,,КО,,Мужской,,,,,,,,,,Грант 22-23,,,,,,,,Математика,География,,Легенда I (Legend I),,,,,,,,,,,,,,,,Дозвон,,,,,,,Жандос Усенулы,"11454",Основной,,,,,,,Казахский
859,103,,"29368953","28446553",,,"356752752",,"9",,,"3503",,,,,,,,,,,,Вечер,"15:05",,"1811",,,,,,"2024-06-06T00:00:00","2024-05-25T00:00:00","2024-06-05T00:00:00","2022-09-15T00:00:00","2022-10-05T00:00:00",,"1",Пн-Вт-Ср-Чт-Пт,,,,Да,"23-24",,"061202500788",,,,,,,"11",,,,,,,"5360",,,,,,"27172",,"24",РО,,Мужской,,,,,,,,,,Грант 23-24,,,,,,,,Химия,Биология,,Босс (AIBoss),,,,,,,,,,,,,,,,Недозвон,,,,,,,Тастанбекова Айдана,"2112",Дулати,,"14386",,,,,Русский
1058,102,,"28136747","28117155",,,"358146564",,"96",,,"1079",,,,,,,,,,,,Обед,"14:00",,,,,,,,"2024-06-07T00:00:00",,"2024-06-06T00:00:00","2023-08-01T00:00:00","2024-07-03T00:00:00",,"11",Пн-Вт-Ср-Чт-Пт,,,,Да,"23-24",,"070214501824",,,,,,,"11",,,,,,,"16706",,,,,,"20787,5",,"42",КО,,Мужской,,,,,,,,,,Грант 23-24,,,,,,,,Математика,Информатика,,Босс (AIBoss),,,,,,,,,,,,,,,,"0",,,,,,,,"3003",Основной,,,,,,,Казахский
1093,102,,"26642247",,,,,,"136",,,,,,,,,,,,,,,Вечер,"17:20",,,,,,,,,,,"2022-11-07T00:00:00","2023-02-10T00:00:00",,"10",,,,,,,,"060120600548",,,,,,,"11",,,,,,,"5090",,,,,,"12477",,,РО,,Женский,,,,,,,,,,Грант 22-23,,,,,,,,Математика,География,,Мегамозг (Megamind),,,,,,,,,,,,,,,,"0",,,,,,,,,,,,,,,,
1643,102,,"28411381","28383861",,,"354988355",,"62",,,"10400",,,,,,,,,,,,Вечер,"17:20",,,,,,,,,,,"2023-09-28T00:00:00","2024-06-24T00:00:00",,"12",Пн-Вт-Ср-Чт-Пт,,,,Да,"23-24",,"061009601694",,,,,,,"11",,,,,,,,,,,,,"10400",,,КО,,Женский,,,,,,,,,,Неизвестно,,,,,,,,Английский язык,Всемирная история,,Профессор (Professor),,,,,,,,,,,,,,,,"0",,,,,,,,,Основной,,,,,,,
1697,102,,"29145595",,,,"380936275",,"1",,,,,,,,,,,,,,,Обед,"14:00",,,,,,,,"2024-06-22T00:00:00",,"2024-06-21T00:00:00","2024-03-29T00:00:00","2024-06-25T00:00:00",,"1",Пн-Вт-Ср-Вс-Чт-Пт-Сб,,,-,,"23-24",,"061024500919",,,,,,,"11",,,,,,,"2947",,,,,,"2947",,"12",РО,,Мужской,,,,,,,,,,Грант 23-24,,,,,,,,Математика,Информатика,,Мастер (Master),,,,,,,,,,,,,,,,"0",,,,,,,Никто,,Основной,Арайлым Агайдарова,,,ЕНТ,,,
1747,101,,"29424659",,,,"354995912",,"9",,,"273",,,,,,,,,,,,Вечер,"17:20",,,,,,,,,"2024-06-19T00:00:00",,"2024-06-17T00:00:00",,,"14",Пн-Вт-Ср-Чт-Пт,,,,Да,"23-24",,"060908551094",,,,,,,"11",,,,,,,"8279",,,,,,"9753,75",,,РО,,Мужской,,,,,,,,,,Грант 23-24,,,,,,,,Математика,Информатика,,Профессор (Professor),,,,,,,,,,,,,,,,Дозвон,,,,,,,,"1202",Ансар1,,,,ЕНТ,,,Казахский
1903,102,,"28425983","28338633",,,"340362393",,"10",,,"674",,,,,,,,,,,,Вечер,"17:20",,"765",,,,,,,,,"2022-04-21T00:00:00","2024-06-28T00:00:00",,"1",Пн-Вт-Ср-Чт-Пт,,,,Да,"23-24",,"070504500818",,,,,,,"11",,,,,,,"14317",,,,,,"17197",,,КО,,Мужской,,,,,,,,,,Грант 23-24,,,,,,,,Математика,Информатика,,Мегамозг (Megamind),,,,,,,,,,,,,,,,"0",,,,,,,,"1441",Основной,,,,,,,
1931,101,,"41842925",,,,,,BINOM SCHOOL имени Мырза Али,,,"1985",,,,,,,,,,,,Вечер,"17:20",,,,,,,,,"2023-06-01T00:00:00",,"2022-11-30T00:00:00",,,"8",Пн-Ср-Пт,,,,,,,"060409500542",,,,,,,"11",,,,,,,"16928",,,,,,"26470",,,КО,,Мужской,,,,,,,,,,Грант 22-23,,,,,,,,Математика,Информатика,,Босс (AIBoss),,,,,,,,,,,,,,,,"0",,,,,,,Зарина Кайратовна,"5701",Ансар1,,"1856",,,,,Казахский
1984,102,,"28848885","28833641",,,"363155405",,"28",,,,,,,,,,,,,,,Обед,"14:00",,,,,,,,"2024-06-05T00:00:00",,"2024-06-03T00:00:00","2024-01-31T00:00:00","2024-06-07T00:00:00",,"8",Пн-Вт-Ср-Чт-Пт,,,"ист каз 0, матем 5, матграм 5, инфо 8, учился у нас, все знает про учебу, ист каз слабо",Да,"23-24",,"061216501287",,,,,,,"11",,,,,,,"808",,,,,,"808",,"11",РО,,Мужской,,,,,,,,,,Грант 23-24,,,,,,,,Математика,Информатика,,Новобранец (Recruit),,,,,,,,,,,,,,,,Дозвон,,,,,,,Никто,,Основной,Асель Толеужанкызы,,,ЕНТ,,,
2276,101,,"28589513",,,,"364451767",,"82",,,"292",,,,,,,,,,,,Вечер,"17:20",,,,,,,,,,,"2023-10-04T00:00:00",,,"15",Пн-Вт-Ср-Чт-Пт,,,,,"23-24",,"060504550783",,,,,,,"11",,,,,,,"11164",,,,,,"12541",,,РО,,Мужской,,,,,,,,,,Грант 23-24,,,,,,,,Математика,Информатика,,Мегамозг (Megamind),,,,,,,,,,,,,,,,"0",,,,,,,,"1085",Ансар1,,,,ЕНТ,,,Русский
2325,102,,"26979109",,,,,,"6",,,"4185",,,,,,,,,,,,Вечер,"17:20",,"1224",,,,,,,"2023-05-17T00:00:00",,"2022-08-01T00:00:00","2023-05-15T00:00:00",,"5",,,,,,,,"051219551189",,,,,,,"11",,,,,,,"15132",,,,,,"38457,5",,,РО,,Мужской,,,,,,,,,,Грант 22-23,,,,,,,,Математика,Физика,,Легенда II (Legend II),,,,,,,,,,,,,,,,"0",,,,,,,Алимов Адилет,"17917",Основной,,,,,,,
2429,101,,"41843319",,,,,,"84",,,"380",,,,,,,,,,,,Вечер,"17:20",,,,,,,,,"2023-06-07T00:00:00",,"2022-10-05T00:00:00",,,"6",Вт-Чт-Сб,,,,,,,"050526651191",,,,,,,"11",,,,,,,"13728",,,,,,"26300",,,КО,,Женский,,,,,,,,,,Грант 22-23,,,,,,,,Математика,Физика,,Босс (AIBoss),,,,,,,,,,,,,,,,"0",,,,,,,,"12192",Ансар1,,,,,,,Казахский
2598,102,,"28270515",,,,,,"117",,,,,,,,,,,,,,,Вечер,"17:20",,,,Алматы,,,,,,,"2023-08-28T00:00:00","2024-05-10T00:00:00",,"3",Пн-Вт-Ср-Чт-Пт,,,,,"23-24",,"060613601675",,,,,,,"11",,,,,,,"10460",,,,,,"10460",,,РО,,Женский,,,,,,,,,,Грант 23-24,,,,,,,,Математика,Информатика,,Профессор (Professor),,,,,,,,,,,,,,,,"0",,,,,,,,,Основной,,,,,,,
2711,101,,"28322075",,,,"362496659",,"2",,,"888",,,,,,,,,,,,Вечер,"17:20",,"419",,,,,,"2024-02-24T00:00:00",,,"2023-09-07T00:00:00",,,"2",Пн-Вт-Ср-Чт-Пт,,,,,"23-24",,"0060809652090",,,,,,,"11",,,,,,,"9096",,,,,,"15087",,"44",РО,,Женский,,,,,,,,,,Грант 22-23,,,,,,,,Математика,Информатика,,Мегамозг (Megamind),,,,,,,,,,,,,,,,"0",,,,,,,,"4071",Ансар1,,"613",,,,,Русский
2826,102,,"28666343",,,,"354988361",,"93",,,,,,,,,,,,,,,Вечер,"17:20",,,,Алматы,,,,"2024-04-06T00:00:00",,,"2023-11-28T00:00:00","2024-06-17T00:00:00",,"10",Пн-Вт-Ср-Чт-Пт,,,,Да,"23-24",,"061107500701",,,,,,,"11",,,,,,,"9789",,,,,,"9789",,"29",КО,,Мужской,,,,,,,,,,Грант 23-24,,,,,,,,Математика,География,,Профессор (Professor),,,,,,,,,,,,,,,,Дозвон,,,,,,,,,Основной,,,,,,,
2925,102,,,,,,,,"66",,,,,,,,,,,,,,,Обед,"14:00",,,,Алматы,,,,,,,"2023-08-01T00:00:00","2023-09-05T00:00:00",,"10",Пн-Ср-Пт,,,,,"23-24",,"061118601002",,,,,,,"11",,,,,,,"1636",,,,,,"3295",,,КО,,Женский,,,,,,,,,,Грант 23-24,,,,,,,,Математика,Физика,,Мастер (Master),"234",,,,,,,,,,,,,,,"0",,,,,,,,"1425",Основной,,,,,,,
3101,101,,"27961279",,,,"362669317",,"54",,,"9109",,,,,,,,,,,,Вечер,"17:20",,"3223",,,,,,"2024-06-01T00:00:00","2024-06-01T00:00:00","2024-05-31T00:00:00","2023-09-01T00:00:00",,,"1",Вт-Ср-Чт-Пт-Сб,,,,,"23-24",,"061220551493",,,,,,,"11",,,,,,,"32876",,,,,,"62110",,"27",КО,,Мужской,,,,,,,,,,Грант 23-24,,,,,,,,Математика,Информатика,,Легенда III (Legend III),,,,,,,,,,,,,,,,"0",,,,,,,Зарина Кайратовна,"14807",Ансар1,,"2095",,,,,Казахский
3485,102,,"26568913",,,,,,"28",,,"2703",,,,,,,,,,,,Обед,"14:00",,,,,,,,,"2023-05-19T00:00:00",,"2022-09-17T00:00:00","2023-05-23T00:00:00",,"3",,,,"ист каз 1/15, мат грам 9/15",,,,"060318501219",,,,,,,"11",,,,,,,"12827",,,,,,"16344",,,КО,,Мужской,,,,,,,,,,Грант 22-23,,,,,,,,Математика,Информатика,,Мегамозг (Megamind),,,,,,,,,,,,,,,,"0",,,,,,,Жасулан Таубалдыулы,"814",Основной,,,,,,,Казахский
3950,102,,"26656847",,,,,,"105",,,,,,,,,,,,,,,Обед,"14:00",,,,,,,,,"2023-05-03T00:00:00",,"2023-02-02T00:00:00","2023-06-01T00:00:00",,"5",,,,,,,,"051127501201",,,,,,,"11",,,,,,,"10752",,,,,,"10752",,,РО,,Мужской,,,,,,,,,,Грант 22-23,,,,,,,,Математика,Информатика,,Профессор (Professor),,,,,,,,,,,,,,,,Дозвон,,,,,,,Жасулан Таубалдыулы,,Основной,,,,,,,
4175,102,,"28216089",,,,,,"22",,,,,,,,,,,,,,,Обед,"14:00",,,,,,,,,,,"2023-08-21T00:00:00","2024-04-30T00:00:00",,"12",Пн-Вт-Ср-Чт-Пт,,,,,"23-24",,"070519500815",,,,,,,"11",,,,,,,"8935",,,,,,"8935",,,РО,,Мужской,,,,,,,,,Думают,Грант 23-24,,,,,,,,Математика,Информатика,,Профессор (Professor),,,,,,,,,,,,,,,,Дозвон,,,,,,,,,Основной,,,,,,,
4252,102,,"27015551",,,,"358146624",,"178",,,"2355",,,,,,,,,,,,Вечер,"17:20",,"1335",,,,,,,"2023-06-04T00:00:00",,"2023-02-02T00:00:00","2024-05-29T00:00:00",,"8",Вт-Чт-Сб,,,"матем 6 из 10, физика 1 из 7",Да,"23-24",,"071102550613",,,,,,,"11",,,,,,"80","15356",,,,,,"23353",,,КО,,Мужской,,,,,,,,,Думают,Грант 23-24,,,,,,,,Математика,Физика,,Босс (AIBoss),,,,,,,,,,,,,,,,"0",,,,,,,Жандос Усенулы,"4227",Основной,,,,,,,Казахский
4280,103,,"25432838",,,,,,"65",,,"1806",,,,,,,,,,,,Вечер,"15:05",,,,,,,,,,,"2021-02-03T00:00:00","2022-10-05T00:00:00",,"10",Вт-Чт-Сб,,,,,,,"051104600859",,,,,,,"11",,,,,,,"3820",,,,,,"26029",,,КО,,Женский,,,,,,,,,,Грант 22-23,,,,,,,,Химия,Биология,,Босс (AIBoss),,,,,,,,,,,,,,,,"0",,,,,,,,"683",Желтоксан,,"19720",,,,,Казахский
4453,102,,"28501043",,,,"361559378",,"120",,,"436",,,,,,,,,,,,Обед,"14:00",,,,,,,,,,,,"2024-03-13T00:00:00",,"8",Пн-Вт-Ср-Чт-Пт,,,,,"23-24",,"060806501549",,,,,,"236","11",,,,,,,"5162",,,,,,"6100",,,РО,,Мужской,,,,,,,,,,Грант 23-24,,,,,,,,Математика,Информатика,,Грандмастер (Grandmaster),"266",,,,,,,,,,,,,,,Дозвон,,,,,,,,,Основной,,,,,,,
4502,102,,"28443925",,,,"340847701",,"6",,,"362",,,,,,,,,,,,Вечер,"17:20",,,,,,,,,,,"2023-10-04T00:00:00","2024-05-29T00:00:00",,"9",Пн-Вт-Ср-Чт-Пт,,,,Да,"23-24",,"060616502247",,,,,,"79","11",,,,,,,"7001",,,,,,"16342",,,РО,,Мужской,,,,,,,,,,Грант 23-24,,,,,,,,Математика,Физика,,Мегамозг (Megamind),"82",,,,,,,,,,,,,,,Дозвон,,,,,,,,"8818",Основной,,,,,,,
4663,101,,"42026219",,,,,,"1",,,"1440",,,,,,,,,,,,Вечер,"17:20",,"271",,,,,,,"2023-06-04T00:00:00",,"2023-02-02T00:00:00",,,"5",Вт-Чт-Сб,,,,,,,"060530650583",,,,,,,"11",,,,,,,"12670",,,,,,"30311",,,КО,,Женский,,,,,,,,,,Грант 22-23,,,,,,,,Химия,Биология,,Легенда I (Legend I),,,,,,,,,,,,,,,,"0",,,,,,,Молдир Нурлыханкызы,"7794",Ансар1,,"8136",,,,,Казахский
4668,101,,"29170249",,,,"381088825",,"1",,,,,,,,,,,,,,,Вечер,"17:20",,,,,,,,,,,"2024-03-28T00:00:00",,,"12",Пн-Вт-Ср-Чт-Пт,,,,,"23-24",,"070324551537",,,,,,,"11",,,,,,,,,,,,,"4348",,,РО,,Мужской,,,,,,,,,,Грант 23-24,,,,,,,,Химия,Физика,,Мастер (Master),,,,,,,,,,,,,,,,"0",,,,,,,Никто,"2430",Ансар1,Муратбай Талгатович,"1918",,ЕНТ,,,
4676,102,,"28774797",,,,"390422187",,"27",,,,,,,,,,,,,,,Обед,"14:00",,,,,,,,"2024-03-26T00:00:00",,,"2024-01-05T00:00:00","2024-06-21T00:00:00",,"10",Пн-Вт-Ср-Чт-Пт,,,,,"23-24",,"071211500164",,,,,,,"11",,,,,,,"5452",,,,,,"5546,5",,"19",РО,,Мужской,,,,,,,,,,Грант 23-24,,,,,,,,Математика,Информатика,,Грандмастер (Grandmaster),,,,,,,,,,,,,,,,"0",,,,,,,,"95",Основной,,,,,,,
4699,102,,"28076521",,,,"362656336",,"75",,,,,,,,,,,,,,,Обед,"14:00",,,,,,,,,,,"2023-07-31T00:00:00","2024-05-24T00:00:00",,"7",,,,слабая по ик,,"23-24",,"061218600840",,,,,,,"11",,,,,,,"14467",,,,,,"14467",,,РО,,Женский,,,,,,,,,,Грант 23-24,,,,,,,,Математика,География,,Мегамозг (Megamind),,,,,,,,,,,,,,,,Дозвон,,,,,,,Томирис Султанкызы,,Основной,,,,,,,Русский
4712,102,,"29226181","29226181",,,"390101226",,"1",,,,,,,,,,,,,,,Вечер,"17:20",,,,Алматы,,,,,,,"2024-04-22T00:00:00","2024-06-20T00:00:00",,"2",Пн-Вт-Ср-Чт-Пт,,,,,"23-24",,"070827551869",,,,,,,"11",,,,,,,"2030",,,,,,"2030",,,КО,,Мужской,,,,,,,,,,Не поступил,,,,,,,,Математика,География,,Мастер (Master),,,,,,,,,,,,,,,,"0",,,,,,,,,Основной,,,,,,,
4888,103,,"22989712",,,,,,"41",,,"305",,,,,,,,,,,,Вечер,"15:05",,"97,5",,,,,,,"2023-06-20T00:00:00",,"2021-08-17T00:00:00","2022-10-05T00:00:00",,"9",Вт-Чт-Сб,,,,,,,"050621500474",,,,,,,"11",,,,,,,"18662",,,,,,"34115",,,РО,,Мужской,,,,,,,,,,Грант 22-23,,,,,,,,Математика,Физика,,Легенда I (Legend I),"795",,,,,,,,,,,,,,,"0",,,,,,,Тастанбекова Айдана,"14256",Дулати,,,,,,,Русский
4916,102,,"29213791","28670237",,,,"28670237",Другое,,,"3039",,,,,,,,,,,,Обед,"14:00",,,,,,,,,,,"2023-12-06T00:00:00","2024-05-29T00:00:00",,"3",Пн-Вт-Ср-Вс-Чт-Пт-Сб,,,,,"23-24",,"061121502116",,,,,,,"11",,,,,,,"5332",,,,,,"15380",,,РО,,Мужской,,,,,,,,,Думают,Грант 23-24,,,,,,,,Английский язык,Всемирная история,,Мегамозг (Megamind),,,,,,,,,,,,,,,,"0",,,,,,,Нурбек Талгатулы,"6670",Основной,,"339",,,,,Русский
4997,101,,"29367323",,,,"362936089",,"54",,,"7697",,,,,,,,,,,,Обед,"14:00",,"2269",,,,,,"2024-05-26T00:00:00","2024-05-31T00:00:00","2024-05-25T00:00:00","2024-04-19T00:00:00",,,"9",Пн-Вт-Ср-Вс-Чт-Пт-Сб,,,,,"23-24",,"070102551153",,,,,,,"11",,,,,,,"35177",,,,,,"75533",,"14",КО,,Мужской,,,,,,,,,,Грант 23-24,,,,,,,,Математика,Физика,,Легенда III (Legend III),,,,,,,,,,,,,,,,Дозвон,Участвует,,,,,,Молдир Нурлыханкызы,"28387",Ансар1,,"2003",,,,,
5031,101,,"28594679",,,,"361513930",,"20",,,,,,,,,,,,,,,Вечер,"17:20",,,,,,,,"2024-06-16T00:00:00",,"2024-06-14T00:00:00","2023-09-06T00:00:00",,,"11",Вт-Ср-Чт-Пт-Сб,,,,,"23-24",,"070628500931",,,,,,,"11",,,,,,,"14232",,,,,,"17170,5",,"43",КО,,Мужской,,,,,,,,,,Грант 23-24,,,,,,,,Математика,Информатика,,Мегамозг (Megamind),,,,,,,,,,,,,,,,"0",,,,,,,,"2124",Ансар1,,"815",,,,,Казахский
5110,102,,"26972329",,,,"358146653",,"140",,,"1475",,,,,,,,,,,,Обед,"14:00",,"947",,,,,,,"2023-05-01T00:00:00",,"2023-01-24T00:00:00","2024-02-09T00:00:00",,"6",Вт-Чт-Сб,,,слабые,Да,"23-24",,"060824501626",,,,,,,"11",,,,,,,"12566",,,,,,"16713,5",,,КО,,Мужской,,,,,,,,,,Грант 23-24,,,,,,,,Математика,Информатика,,Мегамозг (Megamind),,,,,,,,,,,,,,,,Дозвон,,,,,,,Нурбек Талгатулы,"1726",Основной,,,,,,,
5529,103,,"26401230",,,,,,"5",,,,,,,,,,,,,,,Вечер,"15:05",,,,,,,,,"2023-05-11T00:00:00",,"2022-12-06T00:00:00","2022-10-05T00:00:00",,"9",Вт-Чт-Сб,,,,,,,"050919501254",,,,,,,"11",,,,,,,"27913",,,,,,"29202",,,РО,,Мужской,,,,,,,,,,Грант 22-23,,,,,,,,Математика,География,,Легенда I (Legend I),"1289",,,,,,,,,,,,,,,"0",,,,,,,Байзакова Акжибек,,Дулати,,,,,,,Казахский
5606,101,,"37197559",,,,,,"72",,,,,,,,,,,,,,,Вечер,"17:20",,,,,,,,,"2023-05-03T00:00:00",,"2022-09-01T00:00:00",,,"6",Вт-Чт-Сб,,,,,,,"051122550490",,,,,,,"11",,,,,,,"35646",,,,,,"65540",,,КО,,Мужской,,,,,,,,,,Грант 22-23,,,,,,,,Математика,Физика,,Легенда III (Legend III),,,,,,,,,,,,,,,,"0",,,,,,,Ерсаин Ахметулы,"27870",Ансар1,,"2024",,,,,
5796,103,,"28591451",,,,"356752797",,"46",,,"3570",,,,,,,,,,,,Вечер,"16:15",,"945",,,,,,"2024-05-26T00:00:00","2024-08-01T00:00:00","2024-05-25T00:00:00","2023-11-01T00:00:00",,,"5",Вт-Ср-Чт-Пт-Сб,,,,Да,"23-24",,"060617501600",,,,,,,"11",,,,,,,"13247",,,,,,"32147,5",,"7",РО,,Мужской,,,,,,,,,,Грант 23-24,,,,,,,,Математика,Физика,,Легенда I (Legend I),,,,,,,,,,,,,,,,Дозвон,,,,,,,Тастанбекова Айдана,"14261",Дулати,,"125",,,,,Русский
5899,101,,"36881987",,,,,,"59",,,,,,,,,,,,,,,Вечер,"17:20",,,,,,,,,"2023-05-02T00:00:00",,"2022-08-31T00:00:00",,,"6",Вт-Чт-Сб,,,,,,,"050623551013",,,,,,,"11",,,,,,,"20800",,,,,,"41761",,,КО,,Мужской,,,,,,,,,,Грант 22-23,,,,,,,,Математика,Физика,,Легенда II (Legend II),,,,,,,,,,,,,,,,"0",,,,,,,Молдир Нурлыханкызы,"18445",Ансар1,,"2516",,,,,
5903,101,,"36415703",,,,,,BINOM SCHOOL имени Мырза Али,,,"1760",,,,,,,,,,,,Вечер,"17:20",,"1306",,,,,,,,,"2020-10-21T00:00:00",,,"7",Вт-Чт-Сб,,,,,,,"060202651240",,,,,,,"11",,,,,,,"16121",,,,,,"33201",,,РО,,Женский,,,,,,,,,,Грант 22-23,,,,,,,,Математика,Физика,,Легенда I (Legend I),,,,,,,,,,,,,,,,"0",,,,,,,,"11857",Олимп Палас,,"2157",,,,,
5922,103,,"26636080",,,,,,"46",,,,,,,,,,,,,,,Вечер,"15:05",,,,,,,,,"2023-05-14T00:00:00",,"2023-01-11T00:00:00",,,"3",Пн-Ср-Пт,,,,,,,"060318500934",,,,,,,"11",,,,,,,"15669",,,,,,"25843",,,РО,,Мужской,,,,,,,,,,Грант 22-23,,,,,,,,Математика,Физика,,Босс (AIBoss),"375",,,,,,,,,,,,,,,"0",,,,,,,Тастанбекова Айдана,"9799",Дулати,,,,,,,
6176,103,,,,,,,,"20",,,,,,,,,,,,,,,Вечер,"15:05",,,,,,,,,,,,"2022-10-05T00:00:00",,"6",Пн-Ср-Пт,,,,,,,"050610500860",,,,,,,"11",,,,,,,,,,,,,"15335",,,КО,,Мужской,,,,,,,,,,Грант 22-23,,,,,,,,Химия,Биология,,Мегамозг (Megamind),,,,,,,,,,,,,,,,"0",,,,,,,,,Желтоксан,,"15335",,,,,
6349,103,,"23885974",,,,,,"23",,,,,,,,,,,,,,,Вечер,"15:05",,,,,,,,,"2023-05-03T00:00:00",,"2022-03-03T00:00:00","2022-10-05T00:00:00",,"2",Вт-Чт-Сб,,,,,,,"060219600724",,,,,,,"11",,,,,,,"16982",,,,,,"36330",,,КО,,Женский,,,,,,,,,,Грант 22-23,,,,,,,,Математика,Физика,,Легенда II (Legend II),,,,,,,,,,,,,,,,Дозвон,,,,,,,Тастанбекова Айдана,"19348",Желтоксан,,,,,,,
6385,103,,"25431794",,,,,,"44",,,"333",,,,,,,,,,,,Вечер,"15:05",,,,,,,,,,,"2021-10-26T00:00:00",,,"5",Вт-Чт-Сб,,,,,,,"060617600580",,,,,,,"11",,,,,,,"5239",,,,,,"31584",,,КО,,Женский,,,,,,,,,,Грант 22-23,,,,,,,,География,Биология,,Легенда I (Legend I),,,,,,,,,,,,,,,,"0",,,,,,,,"6263",Желтоксан,,,,,,,
6412,101,,"37534111",,,,,,Бил (для мальчиков),,,"1398",,,,,,,,,,,,Вечер,"17:20",,"700",,,,,,,"2023-06-03T00:00:00",,"2022-12-01T00:00:00",,,"5",Пн-Ср-Пт,,,,,,,"050906550112",,,,,,,"11",,,,,,,"9565",,,,,,"14742",,,РО,,Мужской,,,,,,,,,,Грант 22-23,,,,,,,,Математика,Информатика,,Мегамозг (Megamind),,,,,,,,,,,,,,,,"0",,,,,,,Зарина Кайратовна,"2042",Олимп Палас,,"1037",,,,,Русский
6424,103,,"26898050",,,,,,"20",,,"6672",,,,,,,,,,,,Вечер,"16:15",,,,,,,,,,,,"2022-10-05T00:00:00",,"10",Вт-Чт-Сб,,,,,,,"060112600762",,,,,,,"11",,,,,,,"9805",,,,,,"25894",,,РО,,Женский,,,,,,,,,,Грант 22-23,,,,,,,,Математика,Физика,,Босс (AIBoss),,,,,,,,,,,,,,,,"0",,,,,,,,"9417",Дулати,,,,,,,
6465,103,,"28954429",,,"28673671","356752831",,"23",,,"2266",,,,,,,,,,,,Вечер,"15:05",,"946",,,,,,,"2024-05-10T00:00:00",,"2024-02-10T00:00:00",,,"7",Вт-Ср-Чт-Пт-Сб,,,,Да,"23-24",,"061109600481",,,,,,,"11",,,,,,,"4589",,,,,,"23022",,,РО,,Женский,,,,,,,,,,Грант 23-24,,,,,,,,Химия,Биология,,Босс (AIBoss),,,,,,,,,,,,,,,,"0",,,,,,,Тастанбекова Айдана,"2122",Дулати,,"13099",,,,,
6612,101,,"42181799",,,,,,"37",,,,,,,,,,,,,,,Вечер,"17:20",,,,,,,,,"2023-04-08T00:00:00",,"2022-09-06T00:00:00",,,"6",Вт-Чт-Сб,,,,,,,"050831551034",,,,,,,"11",,,,,,,"30378",,,,,,"56848",,,КО,,Мужской,,,,,,,,,,Грант 22-23,,,,,,,,Математика,Физика,,Легенда III (Legend III),,,,,,,,,,,,,,,,"0",,,,,,,Молдир Нурлыханкызы,"24857",Ансар1,,"1613",,,,,
6686,101,,"36950839",,,,,,"62",,,"1024",,,,,,,,,,,,Вечер,"17:20",,"471",,,,,,,"2023-05-09T00:00:00",,"2022-09-07T00:00:00",,,"5",Пн-Ср-Пт,,,,,,,"060310550632",,,,,,,"11",,,,,,,"17499",,,,,,"34520",,,РО,,Мужской,,,,,,,,,,Грант 22-23,,,,,,,,Математика,Физика,,Легенда I (Legend I),,,,,,,,,,,,,,,,"0",,,,,,,Искандер Маликович,"13318",Олимп Палас,,"2208",,,,,
6703,101,,"28505757","28505697",,,"364453665",,"3",,,"301",,,,,,,,,,,,Обед,"14:00",,,,,,,,"2024-06-26T00:00:00","2024-10-03T00:00:00","2024-06-25T00:00:00","2023-10-18T00:00:00",,,"13",Пн-Вт-Ср-Чт-Пт,,,,,"23-24",,"061223550154",,,,,,,"11",,,,,,,"4442",,,,,,"9192",,"8",РО,,Мужской,,,,,,,,,,Грант 23-24,,,,,,,,Математика,Физика,,Профессор (Professor),,,,,,,,,,,,,,,,"0",,,,,,,,"3649",Ансар1,,"800",,,,,
6743,103,,"26534024",,,,,,"50",,,,,,,,,,,,,,,Вечер,"15:05",,,,,,,,,"2023-06-12T00:00:00",,"2023-01-12T00:00:00","2022-10-05T00:00:00",,"6",Пн-Ср-Пт,,,,,,,"061004501690",,,,,,,"11",,,,,,,"21311",,,,,,"46367",,,КО,,Мужской,,,,,,,,,,Грант 22-23,,,,,,,,Математика,Физика,,Легенда III (Legend III),,,,,,,,,,,,,,,,"0",,,,,,,Байзакова Акжибек,"25057",Желтоксан,,,,,,,
6761,103,,"24186328",,,,,,"18",,,,,,,,,,,,,,,Вечер,"16:15",,,,,,,,,,,"2022-02-01T00:00:00","2022-10-05T00:00:00",,"2",Вт-Чт-Сб,,,,,,,"060619500544",,,,,,,"11",,,,,,,"8853",,,,,,"25873",,,РО,,Мужской,,,,,,,,,,Грант 22-23,,,,,,,,Математика,Физика,,Босс (AIBoss),,,,,,,,,,,,,,,,Дозвон,,,,,,,,"17020",Дулати,,,,,,,
6836,103,,"25431766",,,,,,"55",,,,,,,,,,,,,,,Вечер,"16:15",,,,,,,,,"2023-06-10T00:00:00",,"2023-04-10T00:00:00","2022-10-05T00:00:00",,"8",Пн-Ср-Пт,,,,,,,"060424501304",,,,,,,"11",,,,,,,"15971",,,,,,"36966,5",,,КО,,Мужской,,,,,,,,,,Грант 22-23,,,,,,,,Математика,Физика,,Легенда II (Legend II),,,,,,,,,,,,,,,,"0",,,,,,,Байзакова Акжибек,"20996",Желтоксан,,,,,,,
6903,103,,"29370593",,,,"356753055",,"50",,,"1189",,,,,,,,,,,,Вечер,"16:15",,"386",,,,,,"2024-02-21T00:00:00","2023-09-02T00:00:00",,"2023-03-02T00:00:00",,,"1",Пн-Вт-Ср-Чт-Пт,,,,Да,"23-24",,"070808550410",,,,,,,"11",,,,,,,"9311",,,,,,"11709",,"10",КО,,Мужской,,,,,,,,,,Грант 23-24,,,,,,,,Математика,Информатика,,Профессор (Professor),,,,,,,,,,,,,,,,Дозвон,,,,,,,Никто,"608",Желтоксан,,"215",,,,,
6947,101,,"37424495",,,,,,"54",,,"767",,,,,,,,,,,,Вечер,"17:20",,"135",,,,,,,"2023-06-11T00:00:00",,"2023-03-09T00:00:00",,,"5",Вт-Чт-Сб,,,,,,,"060802551721",,,,,,,"11",,,,,,,"17056",,,,,,"34911,5",,,КО,,Мужской,,,,,,,,,,Грант 22-23,,,,,,,,Математика,Физика,,Легенда I (Legend I),,,,,,,,,,,,,,,,"0",,,,,,,Молдир Нурлыханкызы,"15979",Ансар1,,"975",,,,,
6985,103,,"24527174",,,,,,"80",,,,,,,,,,,,,,,Вечер,"15:05",,,,,,,,,"2023-06-17T00:00:00",,"2023-04-17T00:00:00","2022-10-05T00:00:00",,"8",Пн-Ср-Пт,,,,,,,"060422601220",,,,,,,"11",,,,,,,,,,,,,"18868",,,КО,,Женский,,,,,,,,,,Грант 22-23,,,,,,,,Химия,Биология,,Мегамозг (Megamind),,,,,,,,,,,,,,,,"0",,,,,,,Тастанбекова Айдана,,Желтоксан,,"18868",,,,,
7047,103,,"25431248",,,,,,"5",,,,,,,,,,,,,,,Вечер,"16:15",,,,,,,,,"2023-04-23T00:00:00",,"2022-02-09T00:00:00",,,"3",Вт-Чт-Сб,,,,,,,"060228501834",,,,,,,"11",,,,,,,"8039",,,,,,"19812",,,РО,,Мужской,,,,,,,,,,Грант 22-23,,,,,,,,Математика,Физика,,Мегамозг (Megamind),,,,,,,,,,,,,,,,"0",,,,,,,Тастанбекова Айдана,"11773",Дулати,,,,,,,
7482,103,,"26624402",,,,,,"9",,,,,,,,,,,,,,,Вечер,"16:15",,,,,,,,,"2023-04-24T00:00:00",,"2022-11-23T00:00:00",,,"7",Вт-Чт-Сб,,,,,,,"060124502163",,,,,,,"11",,,,,,,"13112",,,,,,"22558",,,РО,,Мужской,,,,,,,,,,Грант 22-23,,,,,,,,Математика,Информатика,,Босс (AIBoss),,,,,,,,,,,,,,,,"0",,,,,,,Тастанбекова Айдана,"9446",Дулати,,,,,,,
7487,103,,"25430764",,,,,,"25",,,,,,,,,,,,,,,Вечер,"15:05",,,,,,,,,"2023-06-01T00:00:00",,"2022-06-01T00:00:00","2022-10-05T00:00:00",,"8",Пн-Ср-Пт,,,,,,,"050830500556",,,,,,,"11",,,,,,,"17900",,,,,,"32497",,,КО,,Мужской,,,,,,,,,,Грант 22-23,,,,,,,,Математика,Физика,,Легенда I (Legend I),,,,,,,,,,,,,,,,"0",,,,,,,Тастанбекова Айдана,"14598",Желтоксан,,,,,,,
7491,103,,"25478290",,,,,,"42",,,,,,,,,,,,,,,Вечер,"15:05",,,,,,,,,"2023-06-01T00:00:00",,"2023-03-01T00:00:00",,,"7",Вт-Чт-Сб,,,,,,,"050812500998",,,,,,,"11",,,,,,,"8931",,,,,,"13372",,,РО,,Мужской,,,,,,,,,,Грант 22-23,,,,,,,,Математика,Информатика,,Мегамозг (Megamind),,,,,,,,,,,,,,,,"0",,,,,,,Тастанбекова Айдана,"4441",Дулати,,,,,,,
7526,103,,"27623873",,,,,,село Атбулак школа-интернат 5 им. Каппарова,,,,,,,,,,,,,,,Вечер,"15:05",,,,,,,,,"2023-05-31T00:00:00",,"2023-04-12T00:00:00",,,"8",Пн-Ср-Пт,,,,,,,"60318501427",,,,,,,"11",,,,,,,,,,,,,"9205,5",,,РО,,Мужской,,,,,,,,,,Грант 22-23,,,,,,,,Химия,Биология,,Профессор (Professor),,,,,,,,,,,,,,,,"0",,,,,,,Курманаева Даяна,,Дулати,,"9206",,,,,
7542,103,,,,,,,,"40",,,,,,,,,,,,,,,Вечер,"15:05",,,,,,,,,,,"2022-06-02T00:00:00",,,"6",Вт-Чт-Сб,,,,,,,"061104500963",,,,,,,"11",,,,,,,,,,,,,"12719,5",,,РО,,Мужской,,,,,,,,,,Грант 22-23,,,,,,,,Химия,Биология,,Мегамозг (Megamind),,,,,,,,,,,,,,,,"0",,,,,,,,,Дулати,,"12720",,,,,
7553,103,,"25431882",,,,,,"9",,,,,,,,,,,,,,,Вечер,"15:05",,,,,,,,,"2023-06-09T00:00:00",,"2022-06-07T00:00:00","2022-10-05T00:00:00",,"9",Вт-Чт-Сб,,,,,,,"060407500809",,,,,,,"11",,,,,,,"18936",,,,,,"18936",,,РО,,Мужской,,,,,,,,,,Грант 22-23,,,,,,,,Математика,География,,Мегамозг (Megamind),,,,,,,,,,,,,,,,"0",,,,,,,Байзакова Акжибек,,Дулати,,,,,,,
7574,103,,"25430750",,,,,,"9",,,,,,,,,,,,,,,Вечер,"15:05",,,,,,,,,"2023-06-08T00:00:00",,"2022-06-08T00:00:00",,,"9",Вт-Чт-Сб,,,,,,,"050601501562",,,,,,,"11",,,,,,,"7207",,,,,,"10263",,,РО,,Мужской,,,,,,,,,,Грант 22-23,,,,,,,,Математика,Информатика,,Профессор (Professor),,,,,,,,,,,,,,,,"0",,,,,,,Тастанбекова Айдана,"3056",Дулати,,,,,,,
7594,101,,"28595523",,,,"362649811",,"5",,,,,,,,,,,,,,,Обед,"14:00",,,,,,,,,,,"2023-08-23T00:00:00",,,"6",Пн-Вт-Ср-Чт-Пт,,,,,"23-24",,"061020551535",,,,,,,"11",,,,,,,"13475",,,,,,"15529",,,РО,,Мужской,,,,,,,,,,Грант 23-24,,,,,,,,Математика,География,,Мегамозг (Megamind),,,,,,,,,,,,,,,,Дозвон,Участвует,,,,,,,"1380",Ансар1,,"674",,,,,
7609,103,,"25431876",,,,,,"65",,,,,,,,,,,,,,,Вечер,"15:05",,,,,,,,,"2023-05-13T00:00:00",,"2022-07-13T00:00:00","2022-10-05T00:00:00",,"8",Пн-Ср-Пт,,,,,,,"060125601296",,,,,,,"11",,,,,,,,,,,,,"15145",,,КО,,Женский,,,,,,,,,,Грант 22-23,,,,,,,,Химия,Биология,,Мегамозг (Megamind),,,,,,,,,,,,,,,,"0",,,,,,,Байзакова Акжибек,,Желтоксан,,"15145",,,,,
7623,103,,"25430578",,,,,,"20",,,,,,,,,,,,,,,Вечер,"15:05",,,,,,,,,"2023-06-15T00:00:00",,"2022-06-15T00:00:00","2022-10-05T00:00:00",,"5",Вт-Чт-Сб,,,,,,,"050918600930",,,,,,,"11",,,,,,,"16144",,,,,,"16144",,,РО,,Женский,,,,,,,,,,Грант 22-23,,,,,,,,Математика,География,,Мегамозг (Megamind),,,,,,,,,,,,,,,,"0",,,,,,,Тастанбекова Айдана,,Дулати,,,,,,,
7665,101,,"36950895",,,,,,"30",,,"3066",,,,,,,,,,,,Вечер,"17:20",,,,,,,,,"2023-05-19T00:00:00",,"2022-08-17T00:00:00",,,"1",Пн-Ср-Пт,,,,,,,"050729651066",,,,,,,"11",,,,,,,"9390",,,,,,"12587",,,РО,,Женский,,,,,,,,,,Грант 22-23,,,,,,,,,География,,Мегамозг (Megamind),,,,,,,,,,,,,,,,"0",,,,,,,Акарыс Мухитулы,"132",Олимп Палас,,,,,,,Русский
7750,103,,"25430356",,,,,,"46",,,,,,,,,,,,,,,Вечер,"15:05",,,,,,,,,"2023-07-14T00:00:00",,"2022-07-14T00:00:00",,,"9",Вт-Чт-Сб,,,,,,,"060112600188",,,,,,,"11",,,,,,,"6625",,,,,,"8343",,,РО,,Мужской,,,,,,,,,,Грант 22-23,,,,,,,,Математика,Информатика,,Профессор (Professor),,,,,,,,,,,,,,,,"0",,,,,,,Тастанбекова Айдана,"1718",Дулати,,,,,,,
7778,103,,"25281326",,,,,,,,,,,,,,,,,,,,,Вечер,"15:05",,,,,,,,,"2023-06-01T00:00:00",,"2022-08-01T00:00:00","2022-10-05T00:00:00",,"3",Пн-Ср-Пт,,,хочет обучение с 0,,,,"060522500190",,,,,,,"11",,,,,,,"7354",,,,,,"17739",,,КО,,Мужской,,,,,,,,,,Грант 22-23,,,,,,,,Математика,Физика,,Мегамозг (Megamind),,,,,,,,,,,,,,,,"0",,,,,,,Тастанбекова Айдана,"6931",,,,,,,,
7793,103,,"25296206",,,,,,"75",,,,,,,,,,,,,,,Вечер,"15:05",,,,,,,,,"2023-05-20T00:00:00",,"2022-07-20T00:00:00","2022-10-05T00:00:00",,"3",Пн-Ср-Пт,,,Контроль,,,,"061001501456",,,,,,,"11",,,,,,,"15119",,,,,,"28036,5",,,КО,,Мужской,,,,,,,,,,Грант 22-23,,,,,,,,Математика,Физика,,Легенда I (Legend I),,,,,,,,,,,,,,,,"0",,,,,,,Тастанбекова Айдана,"12918",Желтоксан,,,,,,,
7815,102,,"26155851",,,,,,"46",,,"1958",,,,,,,,,,,,Обед,"14:00",,"300",,,,,,,"2023-06-05T00:00:00",,"2022-04-01T00:00:00","2023-05-12T00:00:00",,"5",,,,,,,,"050319501311",,,,,,,"11",,,,,,,"10406",,,,,,"24519",,,РО,,Мужской,,,,,,,,,,Грант 22-23,,,,,,,,Математика,Физика,,Босс (AIBoss),,,,,,,,,,,,,,,,"0",,,,,,,Жасулан Таубалдыулы,"11100",Основной,,"755",,,,,Русский
7885,103,,"25606954",,,,,,"17",,,,,,,,,,,,,,,Вечер,"15:05",,,,,,,,,"2023-04-15T00:00:00",,"2022-10-15T00:00:00","2022-10-05T00:00:00",,"8",Вт-Чт-Сб,,,,,,,"050418501419",,,,,,,"11",,,,,,,,,,,,,"9142,5",,,РО,,Мужской,,,,,,,,,,Грант 22-23,,,,,,,,Химия,Биология,,Профессор (Professor),,,,,,,,,,,,,,,,"0",,,,,,,Тастанбекова Айдана,,Дулати,,"9143",,,,,
7895,103,,,,,,,,"20",,,"1986",,,,,,,,,,,,Вечер,"15:05",,,,,,,,,,,"2022-08-03T00:00:00","2022-10-05T00:00:00",,"10",Вт-Чт-Сб,,,,,,,"060902600915",,,,,,,"11",,,,,,,"6178",,,,,,"8164",,,РО,,Женский,,,,,,,,,,Грант 22-23,,,,,,,,Математика,География,,Профессор (Professor),,,,,,,,,,,,,,,,"0",,,,,,,,,Дулати,,,,,,,
7953,103,,"25430686",,,,,,"43",,,,,,,,,,,,,,,Вечер,"15:05",,,,,,,,,"2023-06-10T00:00:00",,"2022-08-10T00:00:00","2022-10-05T00:00:00",,"10",Вт-Чт-Сб,,,,,,,"060423650759",,,,,,,"11",,,,,,,,,,,,,"13900,5",,,РО,,Мужской,,,,,,,,,,Грант 22-23,,,,,,,,Химия,Биология,,Мегамозг (Megamind),,,,,,,,,,,,,,,,"0",,,,,,,Тастанбекова Айдана,,Дулати,,"13901",,,,,
7973,103,,"25392458",,,,,,"50",,,,,,,,,,,,,,,Вечер,"15:05",,,,,,,,,,,"2022-08-17T00:00:00",,,"1",Вт-Чт-Сб,,,-,,,,"050403500380",,,,,,,"11",,,,,,,,,,,,,"6616",,,РО,,Мужской,,,,,,,,,,Грант 22-23,,,,,,,,География,Биология,,Грандмастер (Grandmaster),,,,,,,,,,,,,,,,"0",,,,,,,,"77,5",Дулати,,"6539",,,,,
8054,102,,"28280999",,,,"354988352",,"8",,,"885",,,,,,,,,,,,Обед,"14:00",,,,,,,,"2024-02-08T00:00:00",,,"2023-09-04T00:00:00","2024-04-09T00:00:00",,"15",Пн-Вт-Ср-Чт-Пт,,,,Да,"23-24",,"061003502257",,,,,,,"11",,,,,,,"7858",,,,,,"10551",,"36",КО,,Мужской,,,,,,,,,,Грант 23-24,,,,,,,,Математика,География,,Профессор (Professor),,,,,,,,,,,,,,,,"0",,,,,,,,"1808",Основной,,,,,,,Казахский
8103,103,,,,,,,,Болашак,,,,,,,,,,,,,,,Вечер,"15:05",,,,,,,,,,,"2022-09-01T00:00:00",,,"7",Вт-Чт-Сб,,,,,,,"060304501718",,,,,,,"11",,,,,,,"4020",,,,,,"4020",,,РО,,Мужской,,,,,,,,,,Грант 22-23,,,,,,,,Математика,Информатика,,Мастер (Master),,,,,,,,,,,,,,,,"0",,,,,,,,,Дулати,,,,,,,
8109,103,,"25469928",,,,,,"22",,,,,,,,,,,,,,,Вечер,"15:05",,,,,,,,,"2023-06-05T00:00:00",,"2023-03-04T00:00:00","2022-10-05T00:00:00",,"3",Вт-Чт-Сб,,,био-хим,,,,"051222500626",,,,,,,"11",,,,,,,"7199",,,,,,"15692,5",,,РО,,Мужской,,,,,,,,,,Грант 22-23,,,,,,,,Математика,Физика,,Мегамозг (Megamind),,,,,,,,,,,,,,,,"0",,,,,,,Байзакова Акжибек,"6454",Дулати,,"2040",,,,,
8119,103,,"25438414",,,,,,Нет школы,,,,,,,,,,,,,,,Вечер,"15:05",,,,,,,,,"2023-05-06T00:00:00",,"2023-03-06T00:00:00","2022-10-05T00:00:00",,"1",Пн-Ср-Пт,,,уже закончил школу,,,,"030703500852",,,,,,,"11",,,,,,,,,,,,,"9915",,,КО,,Мужской,,,,,,,,,,Грант 22-23,,,,,,,,Химия,Биология,,Профессор (Professor),,,,,,,,,,,,,,,,"0",,,,,,,Курманаева Даяна,,Желтоксан,,"9915",,,,,
8208,102,,"26426433",,,,,,"136",,,"1272",,,,,,,,,,,,Обед,"14:00",,,,,,,,,,,"2022-09-19T00:00:00","2023-03-16T00:00:00",,"2",,,,,,,,"051216601866",,,,,,,"11",,,,,,,"9695",,,,,,"12690,5",,,КО,,Женский,,,,,,,,,,Грант 22-23,,,,,,,,Математика,Информатика,,Мегамозг (Megamind),,,,,,,,,,,,,,,,Дозвон,,,,,,,,"1724",Основной,,,,,,,Казахский
9098,102,,"26822861",,,,"389265854",,"1",,,"11324",,,,,,,,,,,,Обед,"14:00",,"3426",,,,,,,"2023-04-30T00:00:00",,"2022-09-28T00:00:00","2024-06-03T00:00:00",,"8",,,,,,"23-24",,"060818602241",,,,,,,"11",,,,,,,"32682",,,,,,"79106",,,РО,,Женский,,,,,,,,,,Грант 23-24,,,,,,,,Математика,Физика,,Легенда III (Legend III),,,,,,,,,,,,,,,,Дозвон,,,,,,,Томирис Султанкызы,"31674",Основной,,,,,,,Русский
9126,103,,"25398264",,,,,,"46",,,,,,,,,,,,,,,Вечер,"15:05",,,,,,,,,,,"2022-09-01T00:00:00","2022-10-05T00:00:00",,"9",Вт-Чт-Сб,,,,,,,"050513500794",,,,,,,"11",,,,,,,"12039",,,,,,"21049",,,РО,,Мужской,,,,,,,,,,Грант 22-23,,,,,,,,Математика,Физика,,Босс (AIBoss),,,,,,,,,,,,,,,,"0",,,,,,,,"9010",Дулати,,,,,,,
9160,103,,"25512472",,,,,,"38",,,,,,,,,,,,,,,Вечер,"15:05",,,,,,,,,"2023-06-01T00:00:00",,"2023-03-01T00:00:00","2022-10-05T00:00:00",,"5",Пн-Ср-Пт,,,физ мат,,,,"050328500878",,,,,,,"11",,,,,,,"12407",,,,,,"25809",,,КО,,Мужской,,,,,,,,,,Грант 22-23,,,,,,,,Математика,Физика,,Босс (AIBoss),,,,,,,,,,,,,,,,"0",,,,,,,Тастанбекова Айдана,"13403",Желтоксан,,,,,,,
9162,102,,"26919551",,,,,,"108",,,"1181",,,,,,,,,,,,Вечер,"17:20",,,,,,,,,"2023-06-05T00:00:00",,"2022-12-26T00:00:00","2023-06-05T00:00:00",,"7",,,,"воспитанный мальчик, мама требовательная. Просит решить вопрос с группой и тренером",,,,"050726502025",,,,,,,"11",,,,,,,"10685",,,,,,"15037",,,РО,,Мужской,,,,,,,,,,Грант 22-23,,,,,,,,Математика,Информатика,,Мегамозг (Megamind),,,,,,,,,,,,,,,,"0",,,,,,,Никто,"2415",Основной,,"756",,,,,Русский
9175,103,,"25460264",,,,,,"24",,,,,,,,,,,,,,,Вечер,"15:05",,,,,,,,,"2023-06-07T00:00:00",,"2023-03-07T00:00:00",,,"2",Пн-Ср-Пт,,,информатика математика,,,,"070108501784",,,,,,,"11",,,,,,,"5565",,,,,,"5565",,,КО,,Мужской,,,,,,,,,,Грант 22-23,,,,,,,,Математика,Информатика,,Грандмастер (Grandmaster),,,,,,,,,,,,,,,,"0",,,,,,,Никто,,Желтоксан,,,,,,,
9182,103,,"25476190",,,,,,Нет школы,,,,,,,,,,,,,,,Вечер,"15:05",,,,,,,,,"2023-05-01T00:00:00",,"2022-09-01T00:00:00","2022-10-05T00:00:00",,"8",Пн-Ср-Пт,,,обучение с 0,,,,"061015500958",,,,,,,"11",,,,,,,"11133",,,,,,"24435,5",,,КО,,Мужской,,,,,,,,,,Грант 22-23,,,,,,,,Математика,Физика,,Босс (AIBoss),,,,,,,,,,,,,,,,"0",,,,,,,Байзакова Акжибек,"13303",Желтоксан,,,,,,,
9193,103,,"25478280",,,,,,"1 им. Пушкина",,,,,,,,,,,,,,,Вечер,"15:05",,,,,,,,,,,"2022-09-02T00:00:00",,,"10",Пн-Ср-Пт,,,,,,,"051021501087",,,,,,,"11",,,,,,,,,,,,,"10010",,,КО,,Мужской,,,,,,,,,,Грант 22-23,,,,,,,,Химия,Биология,,Профессор (Professor),,,,,,,,,,,,,,,,"0",,,,,,,,,Желтоксан,,"10010",,,,,
9199,103,,"25473900",,,,,,"46",,,,,,,,,,,,,,,Вечер,"15:05",,,,,,,,,,,"2022-09-01T00:00:00",,,"5",Пн-Ср-Пт,,,,,,,"060224601195",,,,,,,"11",,,,,,,"4623",,,,,,"4623",,,КО,,Мужской,,,,,,,,,,Грант 22-23,,,,,,,,Математика,Информатика,,Грандмастер (Grandmaster),,,,,,,,,,,,,,,,"0",,,,,,,,,Желтоксан,,,,,,,
9204,102,,"28434977","28434695",,,"368209759",,"171",,,"4429",,,,,,,,,,,,Обед,"14:00",,"1351",,,,,,,,,,"2024-06-26T00:00:00",,"10",Пн-Вт-Ср-Чт-Пт,,,,,"23-24",,"061227500516",,,,,,,"11",,,,,,,"21950",,,,,,"38357",,,РО,,Мужской,,,,,,,,,,Грант 23-24,,,,,,,,Математика,Информатика,,Легенда II (Legend II),,,,,,,,,,,,,,,,"0",,,,,,,,"9848",Основной,,"779",,,,,Русский
9212,103,,"25532096",,,,,,"65",,,,,,,,,,,,,,,Вечер,"16:15",,,,,,,,,"2023-05-08T00:00:00",,"2022-09-08T00:00:00",,,"2",Пн-Ср-Пт,,,"1",,,,"050411500115",,,,,,,"11",,,,,,,"7066",,,,,,"13479",,,КО,,Мужской,,,,,,,,,,Грант 22-23,,,,,,,,Математика,Физика,,Мегамозг (Megamind),,,,,,,,,,,,,,,,"0",,,,,,,Байзакова Акжибек,"6413",Желтоксан,,,,,,,
9222,102,,"28811501",,,,,,"51",,,,,,,,,,,,,,,Вечер,"17:20",,,,,,,,"2024-04-06T00:00:00",,,"2024-01-18T00:00:00","2024-04-29T00:00:00",,"3",Пн-Вт-Ср-Чт-Пт,,,топчик,,"23-24",,"070630500645",,,,,,,"11",,,,,,,"3247",,,,,,"6918,5",,"10",КО,,Мужской,,,,,,,,,,Грант 23-24,,,,,,,,Математика,Физика,,Грандмастер (Grandmaster),,,,,,,,,,,,,,,,"0",,,,,,,Нурбек Талгатулы,"3672",Основной,Нурбек Талгатулы,,,ЕНТ,,,Казахский
9223,103,,"24456064",,,,,,,,,,,,,,,,,,,,,Вечер,,,,,,,,,,,,"2022-09-07T00:00:00",,,"10",Вт-Чт-Сб,,,,,,,"051202600247",,,,,,,"11",,,,,,,"4708",,,,,,"9575",,,РО,,Мужской,,,,,,,,,,Грант 22-23,,,,,,,,,,,Профессор (Professor),,,,,,,,,,,,,,,,"0",,,,,,,,"3149",,,,,,,,
9224,103,,"25467958",,,,,,"39",,,"97,5",,,,,,,,,,,,Вечер,"15:05",,,,,,,,,,,"2022-09-07T00:00:00",,,"3",Пн-Ср-Пт,,,,,,,"060127500996",,,,,,,"11",,,,,,,"4969",,,,,,"5066",,,КО,,Мужской,,,,,,,,,,Грант 22-23,,,,,,,,Математика,Информатика,,Грандмастер (Grandmaster),,,,,,,,,,,,,,,,"0",,,,,,,,,Желтоксан,,,,,,,
9228,103,,"26588618",,,,,,"99",,,,,,,,,,,,,,,Вечер,"15:05",,,,,,,,,"2023-02-26T00:00:00",,"2022-12-15T00:00:00",,,"5",Пн-Ср-Пт,,,,,,,"060619602061",,,,,,,"11",,,,,,,,,,,,,"3963",,,КО,,Женский,,,,,,,,,,Грант 22-23,,,,,,,,Химия,Биология,,Мастер (Master),,,,,,,,,,,,,,,,"0",,,,,,,Байзакова Акжибек,,Желтоксан,,"3963",,,,,Казахский
9240,103,,"25479598",,,,,,,,,,,,,,,,,,,,,Вечер,,,,,,,,,,,,"2022-09-08T00:00:00",,,"10",,,,по истории 0,,,,"60407500294",,,,,,,"11",,,,,,,,,,,,,"4080",,,РО,,Мужской,,,,,,,,,,Грант 22-23,,,,,,,,,,,Мастер (Master),,,,,,,,,,,,,,,,Дозвон,,,,,,,,,,,"1781",,,,,
9248,103,,"25493554",,,,,,"20",,,,,,,,,,,,,,,Вечер,"15:05",,,,,,,,,,,"2022-09-07T00:00:00",,,"2",Пн-Ср-Пт,,,,,,,"061115501783",,,,,,,"11",,,,,,,"10049",,,,,,"22486,5",,,КО,,Мужской,,,,,,,,,,Грант 22-23,,,,,,,,Математика,Физика,,Босс (AIBoss),,,,,,,,,,,,,,,,"0",,,,,,,,"12438",Желтоксан,,,,,,,
9292,103,,"25484646",,,,,,,,,"1475",,,,,,,,,,,,Вечер,"15:05",,,,,,,,,,,"2022-09-14T00:00:00",,,"7",,,,с Созака,,,,"051011600645",,,,,,,"11",,,,,,,,,,,,,"2232",,,РО,,Мужской,,,,,,,,,,Грант 22-23,,,,,,,,,,,Мастер (Master),,,,,,,,,,,,,,,,Дозвон,,,,,,,,,,,,,,,,
9301,103,,"25505454",,,,,,"38",,,,,,,,,,,,,,,Вечер,"15:05",,,,,,,,,"2023-05-14T00:00:00",,"2022-09-14T00:00:00",,,"10",Пн-Ср-Пт,,,-,,,,"060720500593",,,,,,,"11",,,,,,,"5001",,,,,,"5001",,,КО,,Мужской,,,,,,,,,,Грант 22-23,,,,,,,,Математика,Информатика,,Грандмастер (Grandmaster),,,,,,,,,,,,,,,,"0",,,,,,,Тастанбекова Айдана,,Желтоксан,,,,,,,
9315,103,,"25525786",,,,,,"13",,,,,,,,,,,,,,,Вечер,"15:05",,,,,,,,,"2023-05-28T00:00:00",,"2022-09-14T00:00:00",,,"9",Вт-Чт-Сб,,,по профильным предметам сильная,,,,"060721600684",,,,,,,"11",,,,,,,,,,,,,"0",,,РО,,Мужской,,,,,,,,,,Грант 22-23,,,,,,,,География,Биология,,Новобранец (Recruit),,,,,,,,,,,,,,,,"0",,,,,,,Байзакова Акжибек,,Дулати,,,,,,,
9323,103,,"25518012",,,,,,"23",,,,,,,,,,,,,,,Вечер,"15:05",,,,,,,,,,,"2022-09-14T00:00:00",,,"8",Пн-Ср-Пт,,,младший брат Ермахана,,,,"061117500964",,,,,,,"11",,,,,,,"8132",,,,,,"17496",,,КО,,Мужской,,,,,,,,,,Грант 22-23,,,,,,,,Математика,Физика,,Мегамозг (Megamind),,,,,,,,,,,,,,,,"0",,,,,,,,"9364",Желтоксан,,,,,,,
9337,103,,"25525938",,,,,,"20",,,,,,,,,,,,,,,Вечер,"15:05",,,,,,,,,,,"2022-09-14T00:00:00",,,"9",Вт-Чт-Сб,,,.,,,,"060830601130",,,,,,,"11",,,,,,,,,,,,,"10185",,,КО,,Мужской,,,,,,,,,,Грант 22-23,,,,,,,,Химия,Биология,,Профессор (Professor),,,,,,,,,,,,,,,,"0",,,,,,,,,Желтоксан,,"10185",,,,,
9344,103,,,,,,,,"38",,,,,,,,,,,,,,,Вечер,"15:05",,,,,,,,,"2023-06-14T00:00:00",,"2022-09-14T00:00:00",,,"10",Пн-Ср-Пт,,,,,,,"051113600709",,,,,,,"11",,,,,,,"5118",,,,,,"5117,5",,,КО,,Женский,,,,,,,,,,Грант 22-23,,,,,,,,Математика,Информатика,,Грандмастер (Grandmaster),,,,,,,,,,,,,,,,"0",,,,,,,Тастанбекова Айдана,,Желтоксан,,,,,,,
9356,103,,"27558687",,,,,,"38",,,,,,,,,,,,,,,Вечер,"15:05",,,,,,,,,"2023-06-20T00:00:00",,"2023-03-20T00:00:00",,,"9",Пн-Ср-Пт,,,,,,,"060624500777",,,,,,,"11",,,,,,,"4638",,,,,,"4638",,,КО,,Мужской,,,,,,,,,,Грант 22-23,,,,,,,,Математика,Информатика,,Грандмастер (Grandmaster),,,,,,,,,,,,,,,,"0",,,,,,,Курманаева Даяна,,Желтоксан,,,,,,,
9359,103,,"25525734",,,,,,,,,,,,,,,,,,,,,Вечер,"15:05",,,,,,,,,,,"2022-09-15T00:00:00",,,"9",Вт-Чт-Сб,,,слабый уровень знания,,,,"050529501561",,,,,,,"11",,,,,,,,,,,,,"1619",,,РО,,Мужской,,,,,,,,,,Грант 22-23,,,,,,,,,,,Мастер (Master),,,,,,,,,,,,,,,,"0",,,,,,,,,,,,,,,,
9366,103,,"25537480",,,,,,"9",,,,,,,,,,,,,,,Вечер,"16:15",,,,,,,,,"2023-06-11T00:00:00",,"2023-04-09T00:00:00",,,"4",Вт-Чт-Сб,,,"1",,,,"050728500763",,,,,,,"11",,,,,,,"3083",,,,,,"3082,5",,,РО,,Мужской,,,,,,,,,,Грант 22-23,,,,,,,,Математика,Информатика,,Мастер (Master),,,,,,,,,,,,,,,,"0",,,,,,,Байзакова Акжибек,,Дулати,,,,,,,
9369,103,,"25534846",,,,,,"5",,,,,,,,,,,,,,,Вечер,"15:05",,,,,,,,,"2023-06-13T00:00:00",,"2022-10-05T00:00:00",,,"5",Вт-Чт-Сб,,,.,,,,"051010501403",,,,,,,"11",,,,,,,"3249",,,,,,"3433,5",,,РО,,Мужской,,,,,,,,,,Грант 22-23,,,,,,,,Математика,Информатика,,Мастер (Master),,,,,,,,,,,,,,,,"0",,,,,,,Байзакова Акжибек,"185",Дулати,,,,,,,
9393,103,,"25570256",,,,,,"18",,,,,,,,,,,,,,,Вечер,"15:05",,,,,,,,,"2023-06-19T00:00:00",,"2022-10-05T00:00:00",,,"9",Вт-Чт-Сб,,,,,,,"60905500310",,,,,,,"11",,,,,,,"5035",,,,,,"6171",,,РО,,Мужской,,,,,,,,,,Грант 22-23,,,,,,,,Химия,Биология,,Грандмастер (Grandmaster),,,,,,,,,,,,,,,,"0",,,,,,,Байзакова Акжибек,,Дулати,,"1136",,,,,
9394,103,,"29368143",,,,"366170598",,"37",,,,,,,,,,,,,,,Вечер,"16:15",,,,,,,,,"2023-06-05T00:00:00",,"2022-10-05T00:00:00",,,"3",Пн-Вт-Ср-Чт-Пт,,,,Да,"23-24",,"070103601773",,,,,,,"11",,,,,,,,,,,,,"24724,5",,,КО,,Женский,,,,,,,,,,Грант 23-24,,,,,,,,Химия,Биология,,Босс (AIBoss),,,,,,,,,,,,,,,,"0",,,,,,,Байзакова Акжибек,,Желтоксан,,"24725",,,,,
9413,101,,"28227471","28195553",,,"361550619",,"1",,,"1314",,,,,,,,,,,,Вечер,"17:20",,"269",,,,,,"2024-06-09T00:00:00","2024-05-17T00:00:00","2024-06-07T00:00:00","2023-08-17T00:00:00",,,"5",Пн-Вт-Ср-Чт-Пт,,,,,"23-24",,"060912551829",,,,,,,"11",,,,,,,"3901",,,,,,"19735",,"39",КО,,Мужской,,,,,,,,,,Грант 23-24,,,,,,,,Химия,Биология,,Мегамозг (Megamind),,,,,,,,,,,,,,,,"0",Участвует,,,,,,,"2278",Ансар1,,"11973",,,,,
9417,103,,"29361943",,,,"356753044",,"23",,,,,,,,,,,,,,,Вечер,"16:15",,,,,,,,"2024-06-01T00:00:00",,"2024-05-22T00:00:00","2022-10-05T00:00:00",,,"12",Пн-Вт-Ср-Чт-Пт,,,,Да,"23-24",,"060922602217",,,,,,,"11",,,,,,,,,,,,,"13314,5",,"0",КО,,Женский,,,,,,,,,,Грант 23-24,,,,,,,,Химия,Биология,,Мегамозг (Megamind),,,,,,,,,,,,,,,,"0",,,,,,,Никто,,Желтоксан,,"13315",,,,,
9418,101,,"27406155",,,,"364658149",,"26",,,"1381",,,,,,,,,,,,Вечер,"17:20",,"820",,,,,,"2024-05-26T00:00:00",,"2024-05-24T00:00:00","2023-05-03T00:00:00",,,"13",Вт-Ср-Чт-Пт-Сб,,,,,"23-24",,"070414650930",,,,,,,"11",,,,,,,"17407",,,,,,"25347",,"41",КО,,Женский,,,,,,,,,,Грант 23-24,,,,,,,,География,Биология,,Босс (AIBoss),,,,,,,,,,,,,,,,"0",Участвует,,,,,,,"4406",Ансар1,,"1333",,,,,Казахский
9420,103,,"25578052",,,,,,"20",,,,,,,,,,,,,,,Вечер,"15:05",,,,,,,,,"2023-06-11T00:00:00",,"2022-10-05T00:00:00",,,"1",Вт-Чт-Сб,,,,,,,"060206600991",,,,,,,"11",,,,,,,,,,,,,"0",,,РО,,Мужской,,,,,,,,,,Грант 22-23,,,,,,,,География,Биология,,Новобранец (Recruit),,,,,,,,,,,,,,,,"0",,,,,,,Байзакова Акжибек,,Дулати,,,,,,,
9423,103,,"25577550",,,,,,"23",,,,,,,,,,,,,,,Вечер,"15:05",,,,,,,,,"2023-06-13T00:00:00",,"2022-10-05T00:00:00",,,"3",Вт-Чт-Сб,,,,,,,"60311500857",,,,,,,"11",,,,,,,,,,,,,"7460",,,РО,,Мужской,,,,,,,,,,Грант 22-23,,,,,,,,Химия,Биология,,Грандмастер (Grandmaster),,,,,,,,,,,,,,,,"0",,,,,,,Байзакова Акжибек,,Дулати,,"7460",,,,,
9424,103,,"25576626",,,,,,"23",,,,,,,,,,,,,,,Вечер,"15:05",,,,,,,,,,,"2022-10-05T00:00:00",,,"3",Вт-Чт-Сб,,,,,,,"60825601172",,,,,,,"11",,,,,,,,,,,,,"5948",,,РО,,Женский,,,,,,,,,,Грант 22-23,,,,,,,,Химия,Биология,,Грандмастер (Grandmaster),,,,,,,,,,,,,,,,"0",,,,,,,,,Дулати,,"5948",,,,,
9445,103,,"25589114",,,,,,"43",,,,,,,,,,,,,,,Вечер,"15:05",,,,,,,,,"2023-06-07T00:00:00",,"2022-10-05T00:00:00",,,"1",Вт-Чт-Сб,,,,,,,"051208500719",,,,,,,"11",,,,,,,"5217",,,,,,"5217",,,РО,,Мужской,,,,,,,,,,Грант 22-23,,,,,,,,Математика,Информатика,,Грандмастер (Grandmaster),,,,,,,,,,,,,,,,"0",,,,,,,Байзакова Акжибек,,Дулати,,,,,,,
9450,103,,,,,,,,,,,,,,,,,,,,,,,Вечер,,,,,,,,,,,,"2022-10-05T00:00:00",,,,,,,,,,,"50313600604",,,,,,,"11",,,,,,,,,,,,,,,,РО,,Женский,,,,,,,,,,Грант 22-23,,,,,,,,,,,,,,,,,,,,,,,,,,,"0",,,,,,,,,,,,,,,,
9482,103,,"25247880",,,,,,,,,,,,,,,,,,,,,Вечер,"15:05",,,,,,,,,,,"2022-10-05T00:00:00",,,"2",Пн-Ср-Пт,,,,,,,"060402500059",,,,,,,"11",,,,,,,"962",,,,,,"2622",,,КО,,Мужской,,,,,,,,,,Грант 22-23,,,,,,,,,,,Мастер (Master),,,,,,,,,,,,,,,,"0",,,,,,,,,,,,,,,,
9489,103,,"25668062",,,,,,"38",,,,,,,,,,,,,,,Вечер,"15:05",,,,,,,,,"2023-06-05T00:00:00",,"2022-10-05T00:00:00",,,"2",Пн-Ср-Пт,,,"1",,,,"060529500654",,,,,,,"11",,,,,,,"9001",,,,,,"18097",,,КО,,Мужской,,,,,,,,,,Грант 22-23,,,,,,,,Математика,Физика,,Мегамозг (Megamind),,,,,,,,,,,,,,,,Дозвон,,,,,,,Байзакова Акжибек,"9096",Желтоксан,,,,,,,
9508,103,,"25765880",,,,,,"20",,,,,,,,,,,,,,,Вечер,"15:05",,,,,,,,,"2023-07-15T00:00:00",,"2022-11-15T00:00:00",,,"9",Вт-Чт-Сб,,,,,,,"60120601239",,,,,,,"11",,,,,,,"11084",,,,,,"11084",,,РО,,Женский,,,,,,,,,,Грант 22-23,,,,,,,,Математика,География,,Профессор (Professor),,,,,,,,,,,,,,,,"0",,,,,,,Тастанбекова Айдана,,Дулати,,,,,,,
9509,103,,"25627242",,,,,,"20",,,,,,,,,,,,,,,Вечер,"15:05",,,,,,,,,,,"2022-10-12T00:00:00",,,"6",Вт-Чт-Сб,,,,,,,"50826500548",,,,,,,"11",,,,,,,"9383",,,,,,"17479",,,РО,,Мужской,,,,,,,,,,Грант 22-23,,,,,,,,Математика,Физика,,Мегамозг (Megamind),,,,,,,,,,,,,,,,"0",,,,,,,,"8096",Дулати,,,,,,,
9514,103,,"27563769",,,,"372379946",,"39",,,,,,,,,,,,,,,Вечер,"16:15",,,,,,,,,"2024-05-10T00:00:00",,"2024-02-10T00:00:00",,,"6",Вт-Ср-Чт-Пт-Сб,,,"1",Да,"23-24",,"070226500986",,,,,,,"11",,,,,,,,,,,,,"9175",,,РО,,Мужской,,,,,,,,,,Грант 23-24,,,,,,,,Химия,Биология,,Профессор (Professor),,,,,,,,,,,,,,,,"0",,,,,,,Байзакова Акжибек,,Дулати,,"9175",,,,,
9518,103,,"25650174",,,,,,"5",,,,,,,,,,,,,,,Вечер,"15:05",,,,,,,,,"2023-06-24T00:00:00",,"2022-10-12T00:00:00",,,"7",Вт-Чт-Сб,,,,,,,"060223501044",,,,,,,"11",,,,,,,"3696",,,,,,"6123",,,РО,,Мужской,,,,,,,,,,Грант 22-23,,,,,,,,Математика,Информатика,,Грандмастер (Grandmaster),,,,,,,,,,,,,,,,"0",,,,,,,Байзакова Акжибек,"2427",Дулати,,,,,,,
9533,103,,,,,,,,"15",,,,,,,,,,,,,,,Вечер,"15:05",,,,,,,,,,,"2022-10-12T00:00:00",,,"8",Пн-Ср-Пт,,,,,,,"060521600924",,,,,,,"11",,,,,,,,,,,,,"8580",,,КО,,Женский,,,,,,,,,,Грант 22-23,,,,,,,,Химия,Биология,,Профессор (Professor),,,,,,,,,,,,,,,,"0",,,,,,,,,Желтоксан,,"8580",,,,,
9548,103,,"25644968",,,,,,,,,,,,,,,,,,,,,Вечер,,,,,,,,,,,,"2022-10-12T00:00:00",,,"9",Пн-Ср-Пт,,,,,,,"050614500694",,,,,,,"11",,,,,,,,,,,,,"3356",,,КО,,Мужской,,,,,,,,,,Грант 22-23,,,,,,,,,,,Мастер (Master),,,,,,,,,,,,,,,,"0",,,,,,,,,,,"1880",,,,,
9563,103,,"25662522",,,,,,"30",,,,,,,,,,,,,,,Вечер,"16:15",,,,,,,,,"2023-07-03T00:00:00",,"2022-10-20T00:00:00",,,"7",Вт-Чт-Сб,,,гео мат,,,,"060118600369",,,,,,,"11",,,,,,,"9187",,,,,,"9186,5",,,РО,,Мужской,,,,,,,,,,Грант 22-23,,,,,,,,Математика,География,,Профессор (Professor),,,,,,,,,,,,,,,,"0",,,,,,,Курманаева Даяна,,Дулати,,,,,,,
9570,103,,"21853166",,,,,,,,,,,,,,,,,,,,,Вечер,,,,,,,,,,,,"2022-10-19T00:00:00",,,"4",Пн-Ср-Пт,,,уделять много времени,,,,"60408501941",,,,,,,"11",,,,,,,,,,,,,"158",,,КО,,Мужской,,,,,,,,,,Грант 22-23,,,,,,,,,,,Новобранец (Recruit),,,,,,,,,,,,,,,,"0",,,,,,,,,,,"158",,,,,
9586,103,,"25663004",,,,,,"45",,,,,,,,,,,,,,,Вечер,"15:05",,,,,,,,,"2023-05-25T00:00:00",,"2022-11-02T00:00:00",,,"9",Вт-Чт-Сб,,,,,,,"50703500985",,,,,,,"11",,,,,,,"9105",,,,,,"18761",,,РО,,Мужской,,,,,,,,,,Грант 22-23,,,,,,,,Математика,Физика,,Мегамозг (Megamind),,,,,,,,,,,,,,,,"0",,,,,,,Байзакова Акжибек,"9656",Дулати,,,,,,,
9589,103,,"25668250",,,,,,"40",,,,,,,,,,,,,,,Вечер,"15:05",,,,,,,,,"2023-05-20T00:00:00",,"2022-10-19T00:00:00",,,"8",Вт-Ср-Чт-Пт-Сб,,,-,,,,"051025500536",,,,,,,"11",,,,,,,"8773",,,,,,"14700",,,РО,,Мужской,,,,,,,,,,Грант 22-23,,,,,,,,Математика,Физика,,Мегамозг (Megamind),,,,,,,,,,,,,,,,"0",,,,,,,Тастанбекова Айдана,"5927",Дулати,,,,,,,
9591,103,,"25669454",,,,,,"105",,,,,,,,,,,,,,,Вечер,"15:05",,,,,,,,,"2023-04-19T00:00:00",,"2022-10-19T00:00:00",,,"6",Пн-Ср-Пт,,,.,,,,"060204600188",,,,,,,"11",,,,,,,"3589",,,,,,"11426",,,КО,,Мужской,,,,,,,,,,Грант 22-23,,,,,,,,Математика,Физика,,Профессор (Professor),,,,,,,,,,,,,,,,"0",,,,,,,Байзакова Акжибек,"2933",Желтоксан,,"4904",,,,,
9601,103,,"25756100",,,,,,"9",,,,,,,,,,,,,,,Вечер,"15:05",,,,,,,,,"2023-05-02T00:00:00",,"2022-10-26T00:00:00",,,"10",Вт-Чт-Сб,,,активная девочка,,,,"060814601162",,,,,,,"11",,,,,,,,,,,,,"9069",,,РО,,Мужской,,,,,,,,,,Грант 22-23,,,,,,,,Химия,Биология,,Профессор (Professor),,,,,,,,,,,,,,,,"0",,,,,,,Тастанбекова Айдана,,Дулати,,"9069",,,,,
9610,103,,"25755058",,,,,,"3",,,,,,,,,,,,,,,Вечер,"15:05",,,,,,,,,"2023-06-02T00:00:00",,"2022-11-02T00:00:00",,,"3",Вт-Чт-Сб,,,.,,,,"060311600536",,,,,,,"11",,,,,,,"9683",,,,,,"19255",,,РО,,Мужской,,,,,,,,,,Грант 22-23,,,,,,,,Математика,Физика,,Мегамозг (Megamind),,,,,,,,,,,,,,,,"0",,,,,,,Тастанбекова Айдана,"9572",Дулати,,,,,,,
9612,103,,"26605026",,,,,,"47",,,,,,,,,,,,,,,Вечер,"15:05",,,,,,,,,"2023-04-26T00:00:00",,"2022-10-26T00:00:00",,,"10",Пн-Ср-Пт,,,,,,,"060320600951",,,,,,,"11",,,,,,,"7855",,,,,,"17748,5",,,КО,,Женский,,,,,,,,,,Грант 22-23,,,,,,,,Математика,Физика,,Мегамозг (Megamind),,,,,,,,,,,,,,,,"0",,,,,,,Тастанбекова Айдана,"9894",Желтоксан,,,,,,,
9614,103,,,,,,,,,,,,,,,,,,,,,,,Вечер,,,,,,,,,,,,,,,"1",Пн-Ср-Пт,,,,,,,"051210600944",,,,,,,"11",,,,,,,,,,,,,,,,КО,,Женский,,,,,,,,,,Грант 22-23,,,,,,,,,,,,,,,,,,,,,,,,,,,Дозвон,,,,,,,,,,,,,,,,Казахский
9634,103,,"25799990",,,,,,им. Абая Кунанбаева,,,,,,,,,,,,,,,Вечер,"16:15",,,,,,,,,"2023-06-04T00:00:00",,"2022-11-02T00:00:00",,,"8",Вт-Чт-Сб,,,.,,,,"060412551236",,,,,,,"11",,,,,,,"4850",,,,,,"4850",,,РО,,Мужской,,,,,,,,,,Грант 22-23,,,,,,,,Математика,Информатика,,Грандмастер (Grandmaster),,,,,,,,,,,,,,,,"0",,,,,,,Байзакова Акжибек,,Дулати,,,,,,,
9651,103,,"25839368",,,,,,Достык,,,,,,,,,,,,,,,Вечер,"16:15",,,,,,,,,"2023-05-02T00:00:00",,"2022-11-02T00:00:00",,,"2",Пн-Ср-Пт,,,,,,,"051015500303",,,,,,,"11",,,,,,,,,,,,,"7636",,,КО,,Мужской,,,,,,,,,,Грант 22-23,,,,,,,,Химия,Биология,,Грандмастер (Grandmaster),,,,,,,,,,,,,,,,"0",,,,,,,Тастанбекова Айдана,,Желтоксан,,"7636",,,,,Казахский
9661,103,,,,,,,,"50",,,,,,,,,,,,,,,Вечер,,,,,,,,,,,,"2022-11-09T00:00:00",,,"7",,,,,,,,"60707600985",,,,,,,"11",,,,,,,"170",,,,,,"170",,,РО,,Женский,,,,,,,,,,Грант 22-23,,,,,,,,Математика,Информатика,,Новобранец (Recruit),,,,,,,,,,,,,,,,"0",,,,,,,,,,,,,,,,
9665,103,,"25784702",,,,,,"80",,,,,,,,,,,,,,,Вечер,"16:15",,,,,,,,,"2023-05-09T00:00:00",,"2022-11-09T00:00:00",,,"6",Пн-Ср-Пт,,,,,,,"060522500666",,,,,,,"11",,,,,,,"4800",,,,,,"4800",,,КО,,Мужской,,,,,,,,,,Грант 22-23,,,,,,,,Математика,Информатика,,Грандмастер (Grandmaster),,,,,,,,,,,,,,,,"0",,,,,,,Тастанбекова Айдана,,Желтоксан,,,,,,,
9677,103,,,,,,,,"5",,,,,,,,,,,,,,,Вечер,"15:05",,,,,,,,,,,"2022-11-09T00:00:00",,,"5",,,,,,,,"50930501026",,,,,,,"11",,,,,,,"1902",,,,,,"6873",,,РО,,Мужской,,,,,,,,,,Грант 22-23,,,,,,,,Математика,География,,Грандмастер (Grandmaster),,,,,,,,,,,,,,,,"0",,,,,,,,,,,,,,,,
9685,103,,,,,,,,"7",,,,,,,,,,,,,,,Вечер,"16:15",,,,,,,,,,,"2022-11-16T00:00:00",,,"1",Пн-Ср-Пт,,,,,,,"060131500472",,,,,,,"11",,,,,,,,,,,,,"7488",,,КО,,Мужской,,,,,,,,,,Грант 22-23,,,,,,,,Химия,Биология,,Грандмастер (Grandmaster),,,,,,,,,,,,,,,,Дозвон,,,,,,,,,Желтоксан,,"7488",,,,,
9694,103,,"25821188",,,,,,"40",,,,,,,,,,,,,,,Вечер,"15:05",,,,,,,,,"2023-05-10T00:00:00",,"2022-11-10T00:00:00",,,"5",Вт-Чт-Сб,,,"1",,,,"060607501140",,,,,,,"11",,,,,,,"6837",,,,,,"11897",,,РО,,Мужской,,,,,,,,,,Грант 22-23,,,,,,,,Математика,Физика,,Профессор (Professor),,,,,,,,,,,,,,,,"0",,,,,,,Байзакова Акжибек,"5060",Дулати,,,,,,,
9705,103,,"25830990",,,,,,ADAN,,,,,,,,,,,,,,,Вечер,"15:05",,,,,,,,,"2023-05-15T00:00:00",,"2023-04-15T00:00:00",,,"9",Пн-Ср-Пт,,,"1",,,,"051128600700",,,,,,,"11",,,,,,,,,,,,,"0",,,КО,,Женский,,,,,,,,,,Грант 22-23,,,,,,,,География,Биология,,Новобранец (Recruit),,,,,,,,,,,,,,,,"0",,,,,,,Байзакова Акжибек,,Желтоксан,,,,,,,
9735,103,,"28180291",,,,"356752978",,"9",,,"291",,,,,,,,,,,,Вечер,"16:15",,,,,,,,"2024-05-15T00:00:00","2024-05-09T00:00:00",,"2023-08-09T00:00:00",,,"6",Пн-Вт-Ср-Чт-Пт,,,-,Да,"23-24",,"060412501824",,,,,,,"11",,,,,,,"12700",,,,,,"24538,5",,"21",КО,,Мужской,,,,,,,,,,Грант 23-24,,,,,,,,Математика,Информатика,,Босс (AIBoss),,,,,,,,,,,,,,,,"0",,,,,,,Тастанбекова Айдана,"11548",Желтоксан,,,,,,,
9736,103,,"25856214",,,,,,"46",,,,,,,,,,,,,,,Вечер,"15:05",,,,,,,,,"2023-05-23T00:00:00",,"2022-11-23T00:00:00",,,"2",Пн-Ср-Пт,,,\,,,,"060404501197",,,,,,,"11",,,,,,,"7523",,,,,,"13742,5",,,КО,,Мужской,,,,,,,,,,Грант 22-23,,,,,,,,Математика,Информатика,,Мегамозг (Megamind),,,,,,,,,,,,,,,,"0",,,,,,,Байзакова Акжибек,"6220",Желтоксан,,,,,,,
9737,103,,,,,,,,,,,,,,,,,,,,,,,Вечер,"15:05",,,,,,,,,,,"2022-11-23T00:00:00",,,,,,,,,,,"60315500722",,,,,,,"11",,,,,,,,,,,,,,,,РО,,Мужской,,,,,,,,,,Грант 22-23,,,,,,,,,,,,,,,,,,,,,,,,,,,,,,,,,,,,,,,,,,,
9784,103,,"25913536",,,,,,"8",,,,,,,,,,,,,,,Вечер,"15:05",,,,,,,,,"2023-06-09T00:00:00",,"2022-11-30T00:00:00",,,"5",Вт-Чт-Сб,,,"1",,,,"060215500042",,,,,,,"11",,,,,,,"2152",,,,,,"5996",,,РО,,Мужской,,,,,,,,,,Грант 22-23,,,,,,,,Математика,Физика,,Грандмастер (Grandmaster),,,,,,,,,,,,,,,,"0",,,,,,,Байзакова Акжибек,"3844",Дулати,,,,,,,
9785,103,,"25913940",,,,,,,,,,,,,,,,,,,,,Вечер,,,,,,,,,,,,"2022-12-07T00:00:00",,,"9",Пн-Ср-Пт,,,-,,,,"051120600142",,,,,,,"11",,,,,,,"3378",,,,,,"6631",,,КО,,Мужской,,,,,,,,,,Грант 22-23,,,,,,,,Математика,Физика,,Грандмастер (Grandmaster),,,,,,,,,,,,,,,,"0",,,,,,,Тастанбекова Айдана,"3253",Желтоксан,,,,,,,
9796,103,,"27576225",,,,"356753066",,"24",,,,,,,,,,,,,,,Вечер,"16:15",,,,,,,,,"2023-12-07T00:00:00",,"2022-12-07T00:00:00",,,"11",Пн-Вт-Ср-Чт-Пт,,,,Да,"23-24",,"060712501200",,,,,,,"11",,,,,,,"12899",,,,,,"24903",,,КО,,Мужской,,,,,,,,,,Грант 23-24,,,,,,,,Математика,Физика,,Босс (AIBoss),,,,,,,,,,,,,,,,"0",,,,,,,Тастанбекова Айдана,"12004",Желтоксан,,,,,,,
9797,103,,"25978808",,,,,,"23",,,,,,,,,,,,,,,Вечер,"16:15",,,,,,,,,"2023-05-07T00:00:00",,"2022-12-07T00:00:00",,,"1",Пн-Ср-Пт,,,"1",,,,"051001600998",,,,,,,"11",,,,,,,"7298",,,,,,"7297,5",,,КО,,Женский,,,,,,,,,,Грант 22-23,,,,,,,,Математика,География,,Грандмастер (Grandmaster),,,,,,,,,,,,,,,,"0",,,,,,,Байзакова Акжибек,,Желтоксан,,,,,,,
9806,103,,"26447372",,,,,,"80",,,,,,,,,,,,,,,Вечер,"15:05",,,,,,,,,"2023-06-07T00:00:00",,"2022-12-07T00:00:00",,,"9",Пн-Ср-Пт,,,,,,,"051006501184",,,,,,,"11",,,,,,,"4203",,,,,,"4202,5",,,КО,,Мужской,,,,,,,,,,Грант 22-23,,,,,,,,Математика,Информатика,,Мастер (Master),,,,,,,,,,,,,,,,"0",,,,,,,Тастанбекова Айдана,,Желтоксан,,,,,,,
9808,103,,"26401258",,,,,,Байтерек,,,,,,,,,,,,,,,Вечер,"15:05",,,,,,,,,"2023-06-08T00:00:00",,"2022-12-07T00:00:00",,,"7",Вт-Ср-Чт-Пт-Сб,,,-,,,,"050402500949",,,,,,,"11",,,,,,,"5361",,,,,,"5361",,,РО,,Мужской,,,,,,,,,,Грант 22-23,,,,,,,,Математика,География,,Грандмастер (Grandmaster),,,,,,,,,,,,,,,,"0",,,,,,,Тастанбекова Айдана,,Дулати,,,,,,,
9809,103,,"29046727",,,,"356752904",,"45",,,,,,,,,,,,,,,Вечер,"16:15",,,,,,,,,,,"2022-12-07T00:00:00",,,"12",Вт-Ср-Чт-Пт-Сб,,,пока не определились с профессией,Да,"23-24",,"71225652131",,,,,,,"11",,,,,,,"4695",,,,,,"9651,5",,,РО,,Женский,,,,,,,,,,Грант 23-24,,,,,,,,Математика,Физика,,Профессор (Professor),,,,,,,,,,,,,,,,"0",,,,,,,Зуппарова Умида,"4337",Дулати,,"620",,,,,
9842,103,,"26434480",,,,,,"10",,,,,,,,,,,,,,,Вечер,"15:05",,,,,,,,,"2023-05-14T00:00:00",,"2022-12-14T00:00:00",,,"5",Вт-Чт-Сб,,,\,,,,"060312501127",,,,,,,"11",,,,,,,"8570",,,,,,"17433",,,РО,,Мужской,,,,,,,,,,Грант 22-23,,,,,,,,Математика,Физика,,Мегамозг (Megamind),,,,,,,,,,,,,,,,"0",,,,,,,Тастанбекова Айдана,"8863",Дулати,,,,,,,
9844,103,,"26587292",,,,,,,,,,,,,,,,,,,,,Вечер,"15:05",,,,,,,,,,,"2022-12-14T00:00:00",,,"12",Пн-Ср-Пт,,,,,,,"060120500432",,,,,,,"11",,,,,,,,,,,,,"72,5",,,КО,,Мужской,,,,,,,,,,Грант 22-23,,,,,,,,Математика,Информатика,,Новобранец (Recruit),,,,,,,,,,,,,,,,"0",,,,,,,,,Желтоксан,,,,,,,
9849,103,,"26530936",,,,,,"23",,,,,,,,,,,,,,,Вечер,"15:05",,,,,,,,,"2023-05-14T00:00:00",,"2022-12-14T00:00:00",,,"5",Пн-Ср-Пт,,,,,,,"060827600630",,,,,,,"11",,,,,,,"5982",,,,,,"5982",,,КО,,Женский,,,,,,,,,,Грант 22-23,,,,,,,,Математика,География,,Грандмастер (Grandmaster),,,,,,,,,,,,,,,,"0",,,,,,,Байзакова Акжибек,,Желтоксан,,,,,,,
9880,103,,"26481516",,,,,,"87",,,,,,,,,,,,,,,Вечер,,,,,,,,,,,,"2022-12-28T00:00:00",,,"11",Пн-Ср-Пт,,,усиленно работать,,,,"60227500943",,,,,,,"11",,,,,,,"1144",,,,,,"2064",,,КО,,Мужской,,,,,,,,,,Грант 22-23,,,,,,,,Математика,Физика,,Мастер (Master),,,,,,,,,,,,,,,,"0",,,,,,,Тастанбекова Айдана,"920",Желтоксан,,,,,,,
9904,103,,"26662048",,,,,,Нет школы,,,,,,,,,,,,,,,Вечер,"15:05",,,,,,,,,"2023-05-04T00:00:00",,"2023-03-04T00:00:00",,,"10",Пн-Ср-Пт,,,",,,",,,,"061109500227",,,,,,,"11",,,,,,,"4153",,,,,,"7775",,,КО,,Мужской,,,,,,,,,,Грант 22-23,,,,,,,,Математика,Физика,,Грандмастер (Grandmaster),,,,,,,,,,,,,,,,"0",,,,,,,Курманаева Даяна,"3622",Желтоксан,,,,,,,
9922,103,,"29359407",,,,"378259720",,"39",,,,,,,,,,,,,,,Вечер,"15:05",,,,,,,,"2024-05-26T00:00:00","2023-07-11T00:00:00","2024-05-22T00:00:00","2023-01-11T00:00:00",,,"10",Вт-Ср-Чт-Пт-Сб,,,,Да,"24-25",,"070201601499",,,,,,,"11",,,,,,,,,,,,,"15162",,"30",РО,,Женский,,,,,,,,,,Грант 23-24,,,,,,,,Химия,Биология,,Мегамозг (Megamind),,,,,,,,,,,,,,,,Дозвон,,,,,,,Байзакова Акжибек,,Дулати,,"15162",,,,,
9939,103,,"28892551","28892455",,,,,"9",,,,,,,,,,,,,,,Вечер,"16:15",,,,,,,,,"2024-01-12T00:00:00",,"2023-01-11T00:00:00",,,"8",Вт-Ср-Чт-Пт-Сб,,,-,,"23-24",,"60615601844",,,,,,,"11",,,,,,,"3544",,,,,,"3544",,,РО,,Женский,,,,,,,,,,Грант 23-24,,,,,,,,Математика,Информатика,,Мастер (Master),,,,,,,,,,,,,,,,"0",,,,,,,Тастанбекова Айдана,,Дулати,,,,,,,
9962,103,,"29322543",,,,"356753025",,"1 им. Пушкина",,,,,,,,,,,,,,,Вечер,"16:15",,,,,,,,,"2023-07-11T00:00:00",,"2023-01-11T00:00:00",,,"10",Пн-Вт-Ср-Чт-Пт,,,"1",Да,"23-24",,"070120601627",,,,,,,"11",,,,,,,"18156",,,,,,"18156",,,КО,,Женский,,,,,,,,,,Грант 23-24,,,,,,,,Математика,География,,Мегамозг (Megamind),,,,,,,,,,,,,,,,Дозвон,,,,,,,Байзакова Акжибек,,Желтоксан,,,,,,,
9988,103,,"26646082",,,,,,"13",,,,,,,,,,,,,,,Вечер,"15:05",,,,,,,,,"2023-05-18T00:00:00",,"2023-03-18T00:00:00",,,"2",Пн-Ср-Пт,,,-,,,,"050614601094",,,,,,,"11",,,,,,,,,,,,,"0",,,КО,,Женский,,,,,,,,,,Грант 22-23,,,,,,,,География,Биология,,Новобранец (Recruit),,,,,,,,,,,,,,,,Дозвон,,,,,,,Курманаева Даяна,,Желтоксан,,,,,,,
9997,103,,"26576166",,,,,,"21",,,,,,,,,,,,,,,Вечер,"15:05",,,,,,,,,,,"2023-01-18T00:00:00",,,"9",,,,,,,,"050910500564",,,,,,,"11",,,,,,,"1260",,,,,,"3344",,,РО,,Мужской,,,,,,,,,,Грант 22-23,,,,,,,,Математика,Физика,,Мастер (Master),,,,,,,,,,,,,,,,"0",,,,,,,Тастанбекова Айдана,"1449",Дулати,,,,,,,Казахский
9998,103,,"29333313",,,,"356753096",,"65",,,,,,,,,,,,,,,Вечер,"16:15",,,,,,,,,"2024-01-23T00:00:00",,"2023-01-23T00:00:00",,,"15",Пн-Вт-Ср-Чт-Пт,,,",,,м",Да,"23-24",,"070424501277",,,,,,,"11",,,,,,,"18835",,,,,,"27222",,,КО,,Мужской,,,,,,,,,,Грант 23-24,,,,,,,,Математика,Физика,,Босс (AIBoss),,,,,,,,,,,,,,,,"0",,,,,,,Байзакова Акжибек,"8387",Желтоксан,,,,,,,
10008,102,,"29387235","27893269",,,"358146638",,"163",,,"2690",,,,,,,,,,,,Обед,"14:00",,"2334",,,,,,,,,"2021-11-25T00:00:00","2024-06-24T00:00:00",,"9",Вт-Чт-Сб,,,,Да,"23-24",,"061022650732",,,,,,,"11",,,,,,,"26938",,,,,,"51585",,,КО,,Женский,,,,,,,,,,Грант 23-24,,,,,,,,Математика,География,,Легенда III (Legend III),,,,,,,,,,,,,,,,Дозвон,,,,,,,Нурбек Талгатулы,"14104",Основной,,"5519",,,,,Казахский
10009,103,,"26622854",,,,,,Нет школы,,,,,,,,,,,,,,,Вечер,"15:05",,,,,,,,,,,"2023-01-25T00:00:00",,,"3",,,,"1",,,,"061112551515",,,,,,,"11",,,,,,,,,,,,,"0",,,КО,,Мужской,,,,,,,,,,Грант 22-23,,,,,,,,Математика,Информатика,,Новобранец (Recruit),,,,,,,,,,,,,,,,"0",,,,,,,Байзакова Акжибек,,Желтоксан,,,,,,,
10011,103,,"27996501",,,,,,"65",,,"1865",,,,,,,,,,,,Вечер,"16:15",,"626",,,,,,,"2024-04-19T00:00:00",,"2023-07-18T00:00:00",,,"10",Пн-Вт-Ср-Чт-Пт,,,"Аружан учиться в 10 классе, но родители просят посадить ее с 8 класс. чтобы она закрыла пробелы",,"23-24",,"070515601278",,,,,,,"11",,,,,,,"10050",,,,,,"13530",,,КО,,Женский,,,,,,,,,,Грант 23-24,,,,,,,,Математика,География,,Мегамозг (Megamind),,,,,,,,,,,,,,,,"0",,,,,,,Тастанбекова Айдана,"989",Желтоксан,,,,,,,
10036,103,,,,,,,,"46",,,"1565",,,,,,,,,,,,Вечер,"15:05",,,,,,,,,"2023-02-25T00:00:00",,"2023-01-25T00:00:00",,,"5",Вт-Чт-Сб,,,,,,,"50222601320",,,,,,,"11",,,,,,,,,,,,,"1565",,,РО,,Мужской,,,,,,,,,,Грант 22-23,,,,,,,,Английский язык,Всемирная история,,Мастер (Master),,,,,,,,,,,,,,,,"0",,,,,,,Тастанбекова Айдана,,Дулати,,,,,,,
10065,103,,"26641622",,,,,,,,,,,,,,,,,,,,,Вечер,"15:05",,,,,,,,,,,"2023-02-02T00:00:00",,,,Пн-Ср-Пт,,,,,,,"51024500372",,,,,,,"11",,,,,,,,,,,,,,,,РО,,Мужской,,,,,,,,,,Грант 22-23,,,,,,,,Математика,Информатика,,,,,,,,,,,,,,,,,,"0",,,,,,,,,,,,,,,,
10093,103,,"27588315",,,,,,Нет школы,,,,,,,,,,,,,,,Вечер,"15:05",,,,,,,,,,,"2023-02-07T00:00:00",,,"7",Пн-Ср-Пт,,,,,,,"060315501946",,,,,,,"11",,,,,,,,,,,,,"1866",,,КО,,Мужской,,,,,,,,,,Грант 22-23,,,,,,,,Химия,Биология,,Мастер (Master),,,,,,,,,,,,,,,,"0",,,,,,,,,Желтоксан,,"1866",,,,,
10099,103,,"27586953",,,,,,"23",,,,,,,,,,,,,,,Вечер,"15:05",,,,,,,,,"2023-06-07T00:00:00",,"2023-02-07T00:00:00",,,"2",Пн-Ср-Пт,,,\,,,,"050830552069",,,,,,,"11",,,,,,,"2367",,,,,,"2366,5",,,КО,,Мужской,,,,,,,,,,Грант 22-23,,,,,,,,Математика,Информатика,,Мастер (Master),,,,,,,,,,,,,,,,"0",,,,,,,Курманаева Даяна,,Желтоксан,,,,,,,
10102,103,,"26699882",,,,,,Нет школы,,,,,,,,,,,,,,,Вечер,"15:05",,,,,,,,,,,"2023-02-08T00:00:00",,,"8",Пн-Ср-Пт,,,,,,,"051104601758",,,,,,,"11",,,,,,,"1591",,,,,,"1591",,,КО,,Женский,,,,,,,,,,Грант 22-23,,,,,,,,Математика,Информатика,,Мастер (Master),,,,,,,,,,,,,,,,"0",,,,,,,,,Желтоксан,,,,,,,
10111,103,,"26680298",,,,,,Нет школы,,,,,,,,,,,,,,,Вечер,"15:05",,,,,,,,,"2023-06-14T00:00:00",,"2023-02-09T00:00:00",,,"4",Вт-Чт-Сб,,,\,,,,"060821501560",,,,,,,"11",,,,,,,,,,,,,"5077,5",,,РО,,Мужской,,,,,,,,,,Грант 22-23,,,,,,,,Химия,Биология,,Грандмастер (Grandmaster),,,,,,,,,,,,,,,,"0",,,,,,,Курманаева Даяна,,Дулати,,"5078",,,,,Казахский
10138,103,,"27661615",,,,,,"51",,,,,,,,,,,,,,,Вечер,"15:05",,,,,,,,,"2023-06-15T00:00:00",,"2023-02-15T00:00:00",,,"2",Пн-Ср-Пт,,,,,,,"060909601634",,,,,,,"11",,,,,,,,,,,,,"0",,,КО,,Женский,,,,,,,,,,Грант 22-23,,,,,,,,География,Биология,,Новобранец (Recruit),,,,,,,,,,,,,,,,"0",,,,,,,Тастанбекова Айдана,,Желтоксан,,,,,,,
10153,103,,,,,,,,Нет школы,,,,,,,,,,,,,,,Вечер,"15:05",,,,,,,,,,,"2023-02-17T00:00:00",,,"2",Пн-Ср-Пт,,,,,,,"060315600479",,,,,,,"11",,,,,,,,,,,,,"0",,,КО,,Женский,,,,,,,,,,Грант 22-23,,,,,,,,География,Биология,,Новобранец (Recruit),,,,,,,,,,,,,,,,"0",,,,,,,,,Желтоксан,,,,,,,
10170,103,,"26728248",,,,,,"18",,,,,,,,,,,,,,,Вечер,"15:05",,,,,,,,,"2023-05-21T00:00:00",,"2023-02-21T00:00:00",,,"5",Пн-Ср-Пт,,,-,,,,"060202502276",,,,,,,"11",,,,,,,"1848",,,,,,"1848",,,КО,,Мужской,,,,,,,,,,Грант 22-23,,,,,,,,Математика,Информатика,,Мастер (Master),,,,,,,,,,,,,,,,"0",,,,,,,Тастанбекова Айдана,,Желтоксан,,,,,,,
10181,103,,"26741104",,,,,,Жалын,,,,,,,,,,,,,,,Вечер,"15:05",,,,,,,,,"2023-05-23T00:00:00",,"2023-02-23T00:00:00",,,"8",Пн-Ср-Пт,,,,,,,"061210600966",,,,,,,"11",,,,,,,"2753",,,,,,"2752,5",,,КО,,Женский,,,,,,,,,,Грант 22-23,,,,,,,,Математика,География,,Мастер (Master),,,,,,,,,,,,,,,,"0",,,,,,,Курманаева Даяна,,Желтоксан,,,,,,,
10200,103,,"26752534",,,,,,Нет школы,,,,,,,,,,,,,,,Вечер,"15:05",,,,,,,,,,,,,,"9",Пн-Ср-Пт,,,,,,,"051112601741",,,,,,,"11",,,,,,,,,,,,,"1093",,,КО,,Женский,,,,,,,,,,Грант 22-23,,,,,,,,Химия,Биология,,Новобранец (Recruit),,,,,,,,,,,,,,,,"0",,,,,,,,,Желтоксан,,"1093",,,,,
10229,103,,"26904370",,,,,,Байтерек,,,,,,,,,,,,,,,Вечер,"16:15",,,,,,,,,"2023-05-19T00:00:00",,"2023-04-18T00:00:00",,,"2",Пн-Ср-Пт,,,,,,,"050726500207",,,,,,,"11",,,,,,,"1921",,,,,,"4142",,,РО,,Мужской,,,,,,,,,,Грант 22-23,,,,,,,,Математика,Физика,,Мастер (Master),,,,,,,,,,,,,,,,"0",,,,,,,Курманаева Даяна,"2221",Дулати,,,,,,,
10239,103,,"27593389",,,,"356753138",,"46",,,"4485",,,,,,,,,,,,Вечер,"16:15",,,,,,,,"2024-05-24T00:00:00","2023-09-14T00:00:00","2024-05-23T00:00:00","2023-03-14T00:00:00",,,"14",Пн-Вт-Ср-Чт-Пт,,,,Да,"23-24",,"060713600660",,,,,,,"11",,,,,,,"2604",,,,,,"7089",,"1",КО,,Женский,,,,,,,,,,Грант 23-24,,,,,,,,География,Биология,,Грандмастер (Grandmaster),,,,,,,,,,,,,,,,"0",,,,,,,Байзакова Акжибек,,Желтоксан,,,,,,,
10246,102,,"29306155",,,,"358146629",,"36",,,"1495",,,,,,,,,,,,Обед,"14:00",,"1126",,,,,,"2024-05-15T00:00:00",,,"2022-12-01T00:00:00","2024-06-24T00:00:00",,"5",Пн-Вт-Ср-Чт-Пт,,,база у ребенка очень хорошая! надо подтянуть историю,Да,"23-24",,"060711551390",,,,,,,"11",,,,,,,"16287",,,,,,"21696",,"14",КО,,Мужской,,,,,,,,,,Грант 23-24,,,,,,,,Математика,Информатика,,Босс (AIBoss),,,,,,,,,,,,,,,,"0",,,,,,,Томирис Султанкызы,"2788",Основной,,,,,,,Казахский
10266,103,,"27599811",,,,,,Арман,,,,,,,,,,,,,,,Вечер,"16:15",,,,,,,,,"2023-05-28T00:00:00",,"2023-03-28T00:00:00",,,"5",Пн-Ср-Пт,,,"1",,,,"060816600749",,,,,,,"11",,,,,,,,,,,,,"2331",,,КО,,Мужской,,,,,,,,,,Грант 22-23,,,,,,,,Химия,Биология,,Мастер (Master),,,,,,,,,,,,,,,,"0",,,,,,,Байзакова Акжибек,,Желтоксан,,"2331",,,,,
10270,103,,,,,,,,Нет школы,,,,,,,,,,,,,,,Вечер,"15:05",,,,,,,,,,,"2023-03-24T00:00:00",,,"10",Пн-Ср-Пт,,,,,,,"050609501447",,,,,,,"11",,,,,,,"3122",,,,,,"3121,5",,,КО,,Мужской,,,,,,,,,,Грант 22-23,,,,,,,,Математика,Информатика,,Мастер (Master),,,,,,,,,,,,,,,,"0",,,,,,,,,Желтоксан,,,,,,,
10273,102,,"28991213","28991213",,,,,"62",,,,,,,,,,,,,,,Вечер,"17:20",,,,,,,,"2024-05-12T00:00:00",,,"2024-02-21T00:00:00","2024-06-17T00:00:00",,"8",Пн-Вт-Ср-Чт-Пт,,,"слабый, надо подтянуть",,"23-24",,"070312501515",,,,,,,"11",,,,,,,"1047",,,,,,"3312",,"14",РО,,Мужской,,,,,,,,,,Грант 23-24,,,,,,,,Математика,Физика,,Мастер (Master),,,,,,,,,,,,,,,,"0",,,,,,,Никто,"2265",Основной,Арита Ришадовна,,,ЕНТ,,,
10301,102,,"28669981",,,,"360932182",,"146",,,"1535",,,,,,,,,,,,Вечер,"17:20",,"1144",,,,,,,"2023-05-10T00:00:00",,"2023-02-02T00:00:00","2024-07-01T00:00:00",,"12",Пн-Вт-Ср-Чт-Пт,,,"доп инфо: матем 6/10. 2 недели будут ходить на мат/инфо, возможно перейдут на физику.     почта: g.yerassyl@gmail.com",,"23-24",,"070711501445",,,,,,,"11",,,,,,,"11624",,,,,,"16157",,,КО,,Мужской,,,,,,,,,,Грант 23-24,,,,,,,,Математика,Информатика,,Мегамозг (Megamind),,,,,,,,,,,,,,,,"0",,,,,,,Никто,"1854",Основной,,,,,,,Казахский
10310,103,,"27629031",,,,,,Нет школы,,,,,,,,,,,,,,,Вечер,"15:05",,,,,,,,,"2023-06-04T00:00:00",,"2023-04-04T00:00:00",,,"10",Вт-Чт-Сб,,,\,,,,"051214500543",,,,,,,"11",,,,,,,"2505",,,,,,"5461",,,РО,,Мужской,,,,,,,,,,Грант 22-23,,,,,,,,Математика,Физика,,Грандмастер (Grandmaster),,,,,,,,,,,,,,,,"0",,,,,,,Курманаева Даяна,"2956",Дулати,,,,,,,
10320,103,,"27636621",,,,,,"41",,,,,,,,,,,,,,,Вечер,"15:05",,,,,,,,,"2023-06-05T00:00:00",,"2023-04-05T00:00:00",,,"6",Вт-Чт-Сб,,,/,,,,"051111601002",,,,,,,"11",,,,,,,"895",,,,,,"1839",,,РО,,Женский,,,,,,,,,,Грант 22-23,,,,,,,,Математика,Физика,,Мастер (Master),,,,,,,,,,,,,,,,"0",,,,,,,Байзакова Акжибек,"944",Дулати,,,,,,,
10420,102,,"28132915",,,,"358146616",,"35",,,,,,,,,,,,,,,Вечер,"17:20",,"155",,,,,,,,,"2023-08-01T00:00:00","2024-05-30T00:00:00",,"13",Пн-Ср-Пт,,,,Да,"23-24",,"070511600535",,,,,,,"11",,,,,,,"16467",,,,,,"22936",,,КО,,Женский,,,,,,,,"23-24",,Грант 23-24,,,,,,,,Математика,Информатика,,Босс (AIBoss),,,,,,,,,,,,,,,,"0",,,,,,,,"4005",Основной,,"2309",,,,,
10484,101,,"28595509",,,,"360741477",,"2",,,"5481",,,,,,,,,,,,Вечер,"17:20",,"1063",,,,,,,,,"2023-09-01T00:00:00",,,"14",Пн-Вт-Ср-Чт-Пт,,,Нет проблем,,"23-24",,"070825400356",,,,,,,"11",,,,,,,"10801",,,,,,"28460",,,РО,,Женский,,,,,,,,,,Грант 23-24,,,,,,,,Математика,Физика,,Легенда I (Legend I),,,,,,,,,,,,,,,,"0",,,,,,,,"11115",Ансар1,,,,,,,Русский
10567,103,,"29291559",,,,"356753023",,"8",,,"13185",,,,,,,,,,,,Вечер,"15:05",,,,,,,,"2024-02-08T00:00:00",,,"2023-08-09T00:00:00",,,"12",Пн-Вт-Ср-Чт-Пт,,,-,Да,"23-24",,"061008601659",,,,,,,"11",,,,,,,,,,,,,"13185",,"41",КО,,Женский,,,,,,,,,,Грант 23-24,,,,,,,,Английский язык,Всемирная история,,Мегамозг (Megamind),,,,,,,,,,,,,,,,"0",,,,,,,Мухамеджан Аружан,,Желтоксан,,,,,,,
10615,103,,,,,,,,"5",,,,,,,,,,,,,,,Вечер,"15:05",,"1426",,,,,,,,,"2023-05-15T00:00:00",,,"1",Пн-Ср-Пт,,,,,,,"051122601270",,,,,,,"11",,,,,,,"1748",,,,,,"3174",,,КО,,Женский,,,,,,,,,,Грант 22-23,,,,,,,,,,,Мастер (Master),,,,,,,,,,,,,,,,"0",,,,,,,,,Желтоксан,,,,,,,
10647,103,,"27875941",,,,"356753147",,"83",,,,,,,,,,,,,,,Вечер,"15:05",,,,,,,,"2024-06-22T00:00:00",,"2024-06-17T00:00:00","2023-05-31T00:00:00",,,"12",Пн-Вт-Ср-Чт-Пт,,,\,Да,"23-24",,"070726600435",,,,,,,"11",,,,,,,"12780",,,,,,"26141",,"2",КО,,Женский,,,,,,,,,,Грант 23-24,,,,,,,,Математика,Физика,,Босс (AIBoss),,,,,,,,,,,,,,,,"0",,,,,,,Тастанбекова Айдана,"13361",Желтоксан,,,,,,,
10648,103,,"29355249",,,,"356752815",,Нет школы,,,,,,,,,,,,,,,Вечер,"15:05",,,,,,,,,"2024-06-01T00:00:00",,"2024-02-27T00:00:00",,,"6",Вт-Ср-Чт-Пт-Сб,,,,Да,"23-24",,"061203601331",,,,,,,"11",,,,,,,,,,,,,"9780",,,РО,,Женский,,,,,,,,,,Грант 23-24,,,,,,,,Химия,Биология,,Профессор (Professor),,,,,,,,,,,,,,,,Недозвон,,,,,,,Тастанбекова Айдана,"1245",Дулати,,"8535",,,,,
10665,103,,"27943891",,,,,,"9",,,,,,,,,,,,,,,Обед,"14:00",,,,,,,,,,,"2023-05-30T00:00:00",,,"7",Пн-Ср-Пт,,,,,,,"050407500544",,,,,,,"11",,,,,,,"1453",,,,,,"1453",,,КО,,,,,,,,,,,,Грант 22-23,,,,,,,,,,,Новобранец (Recruit),,,,,,,,,,,,,,,,"0",,,,,,,,,Желтоксан,,,,,,,
10698,103,,"28076397",,,,,,"9",,,,,,,,,,,,,,,Вечер,"15:05",,,,,,,,,,,"2023-06-02T00:00:00",,,"1",Пн-Ср-Пт,,,,,,,"060309501219",,,,,,,"11",,,,,,,"1890",,,,,,"1889,5",,,КО,,Мужской,,,,,,,,,,Грант 22-23,,,,,,,,Математика,Информатика,,Мастер (Master),,,,,,,,,,,,,,,,"0",,,,,,,Никто,,Желтоксан,,,,,,,
10701,103,,"27906371",,,,,,"75",,,,,,,,,,,,,,,Вечер,"15:05",,,,,,,,,,,"2023-06-07T00:00:00",,,"3",,,,\,,"23-24",,"070122601271",,,,,,,"11",,,,,,,,,,,,,"0",,,КО,,Мужской,,,,,,,,,,Грант 23-24,,,,,,,,География,Биология,,Новобранец (Recruit),,,,,,,,,,,,,,,,"0",,,,,,,Байзакова Акжибек,,Желтоксан,,,,,,,
10703,101,,"28052627",,,,"357804811",,"59",,,"18258",,,,,,,,,,,,Обед,"14:00",,"2768",,,,,,"2024-05-07T00:00:00","2024-05-26T00:00:00",,"2023-10-26T00:00:00",,,"15",Пн-Вт-Ср-Чт-Пт,,,Пробелы за раннее классы,Да,"23-24",,"070127651542",,,,,,,"11",,,,,,,"10454",,,,,,"39923,5",,"3",РО,,Женский,,,,,,,,,,Грант 23-24,,,,,,,,Английский язык,География,,Легенда II (Legend II),,,,,,,,,,,,,,,,"0",,,,,,,Зарина Кайратовна,"8444",Ансар1,,,,ЕНТ,,,Русский
10712,103,,"27918999",,,,,,"28",,,,,,,,,,,,,,,Вечер,"15:05",,,,,,,,,,,"2023-06-05T00:00:00",,,"2",,,,"39 набрал по ЕНТ",,,,"060406501158",,,,,,,"11",,,,,,,,,,,,,"0",,,КО,,Мужской,,,,,,,,,,Грант 22-23,,,,,,,,Математика,Информатика,,Новобранец (Recruit),,,,,,,,,,,,,,,,Дозвон,,,,,,,Никто,,Желтоксан,,,,,,,
10741,103,,"29368065",,,,"356752850",,Нет школы,,,,,,,,,,,,,,,Вечер,"16:15",,,,,,,,"2024-03-10T00:00:00",,,"2023-06-13T00:00:00",,,"6",Вт-Ср-Чт-Пт-Сб,,,,Да,"23-24",,"061223601211",,,,,,,"11",,,,,,,"18527",,,,,,"18527",,"3",РО,,Женский,,,,,,,,,,Грант 23-24,,,,,,,,Математика,География,,Мегамозг (Megamind),,,,,,,,,,,,,,,,Встреча в центре,,,,,,,Байзакова Акжибек,,Дулати,,,,,,,
10752,103,,"27952371",,,,"380607351",,"65",,,,,,,,,,,,,,,Вечер,"16:15",,,,,,,,"2024-05-07T00:00:00",,"2024-05-06T00:00:00","2023-08-01T00:00:00",,,"10",Пн-Вт-Ср-Чт-Пт,,,,Да,"23-24",,"070311501689",,,,,,,"11",,,,,,,"13543",,,,,,"13543",,"16",КО,,Мужской,,,,,,,,,,Грант 23-24,,,,,,,,Математика,Информатика,,Мегамозг (Megamind),,,,,,,,,,,,,,,,"0",,,,,,,Курманаева Даяна,,Желтоксан,,,,,,,
10753,103,,"28267071",,,,"356752981",,БИЛ для мальчиков,,,,,,,,,,,,,,,Вечер,"16:15",,,,,,,,"2024-04-17T00:00:00",,,"2023-09-01T00:00:00",,,"10",Пн-Вт-Ср-Чт-Пт,,,,Да,"23-24",,"070522501646",,,,,,,"11",,,,,,,"9023",,,,,,"9022,5",,"27",КО,,Мужской,,,,,,,,,,Грант 23-24,,,,,,,,Математика,Информатика,,Профессор (Professor),,,,,,,,,,,,,,,,"0",,,,,,,,,Желтоксан,,,,,,,
10768,103,,"27966233",,,,"356752908",,"9",,,,,,,,,,,,,,,Вечер,"16:15",,,,,,,,"2024-06-01T00:00:00",,"2024-05-31T00:00:00","2023-08-02T00:00:00",,,"12",Вт-Ср-Чт-Пт-Сб,,,\\,Да,"23-24",,"061229601680",,,,,,,"11",,,,,,,,,,,,,"12076",,"30",РО,,Женский,,,,,,,,,,Грант 23-24,,,,,,,,Химия,Биология,,Мегамозг (Megamind),,,,,,,,,,,,,,,,"0",,,,,,,Курманаева Даяна,,Дулати,,"12076",,,,,
10783,103,,"28084327",,,,,,"78",,,"2833",,,,,,,,,,,,Вечер,"15:05",,,,,,,,,,,"2023-06-21T00:00:00.0000000",,,"4",Пн-Вт-Ср-Чт-Пт,,,,,"23-24",,"060506500193",,,,,,,"11",,,,,,,"153",,,,,,"2986",,,КО,,Мужской,,,,,,,,,,Грант 22-23,,,,,,,,Английский язык,География,,Мастер (Master),,,,,,,,,,,,,,,,"0",,,,,,,,,Желтоксан,,,,,,,
10794,103,,"28075853",,,,,,Нет школы,,,,,,,,,,,,,,,Вечер,"15:05",,,,,,,,,,,"2023-06-22T00:00:00",,,"9",Вт-Ср-Чт-Пт-Сб,,,,,"23-24",,"070207601570",,,,,,,"11",,,,,,,,,,,,,"0",,,РО,,Женский,,,,,,,,,,Грант 23-24,,,,,,,,География,Биология,,Новобранец (Recruit),,,,,,,,,,,,,,,,"0",,,,,,,Никто,,Дулати,,,,,,,
10799,103,,"29200281",,,,"356753169",,Нет школы,,,,,,,,,,,,,,,Вечер,"15:05",,,,,,,,"2024-05-26T00:00:00",,"2024-05-15T00:00:00","2023-07-05T00:00:00",,,"3",Пн-Вт-Ср-Чт-Пт,,,\\,Да,"23-24",,"070116502855",,,,,,,"11",,,,,,,,,,,,,"11724",,"33",КО,,Мужской,,,,,,,,,,Грант 23-24,,,,,,,,Химия,Биология,,Профессор (Professor),,,,,,,,,,,,,,,,"0",,,,,,,Байзакова Акжибек,,Желтоксан,,"11724",,,,,
10806,103,,"28002931",,,,"356753088",,"80",,,,,,,,,,,,,,,Вечер,"15:05",,,,,,,,,,,"2023-06-29T00:00:00",,,"15",Пн-Вт-Ср-Чт-Пт,,,"1",Да,"23-24",,"061129500860",,,,,,,"11",,,,,,,"11185",,,,,,"23885,5",,,КО,,Мужской,,,,,,,,,,Грант 23-24,,,,,,,,Математика,Физика,,Босс (AIBoss),,,,,,,,,,,,,,,,"0",,,,,,,Тастанбекова Айдана,"12701",Желтоксан,,,,,,,
10838,103,,"28076253",,,,,,Нет школы,,,"5800",,,,,,,,,,,,Вечер,"16:15",,,,,,,,,,,"2023-07-05T00:00:00",,,"4",Пн-Вт-Ср-Чт-Пт,,,,,"23-24",,"070212600857",,,,,,,"11",,,,,,,,,,,,,"5800",,,КО,,Женский,,,,,,,,,,Грант 23-24,,,,,,,,Английский язык,Всемирная история,,Грандмастер (Grandmaster),,,,,,,,,,,,,,,,"0",,,,,,,Никто,,Желтоксан,,,,,,,
10840,101,,"32415059",,,,,,BINOM SCHOOL имени Мырза Али,,,,,,,,,,,,,,,Вечер,"17:20",,,,,,,,,"2023-05-19T00:00:00",,"2021-08-25T00:00:00",,,"6",Вт-Чт-Сб,,,Пробелы за раннее классы,,,,"060512601894",,,,,,,"11",,,,,,"95","25914",,,,,,"33637,5",,,КО,,Женский,,,,,,,,,,Грант 22-23,,,,,,,,Математика,География,,Легенда I (Legend I),,,,,,,,,,,,,,,,"0",,,,,,,Зарина Кайратовна,"7629",Ансар1,,,,,,,Русский
10871,103,,"29313761",,,,"356752916",,"120",,,"13362",,,,,,,,,,,,Вечер,"15:05",,,,,,,,"2024-06-01T00:00:00",,"2024-05-31T00:00:00","2023-07-12T00:00:00",,,"12",Вт-Ср-Чт-Пт-Сб,,,усилененая подготовка / есть большие пробелы,Да,"23-24",,"070621601016",,,,,,,"11",,,,,,,,,,,,,"13362",,"6",РО,,Женский,,,,,,,,,,Грант 23-24,,,,,,,,Английский язык,Всемирная история,,Мегамозг (Megamind),,,,,,,,,,,,,,,,"0",,,,,,,Байзакова Акжибек,,Дулати,,,,,,,
10877,103,,"28072539",,,,"356753163",,Парасат,,,,,,,,,,,,,,,Вечер,"15:05",,,,,,,,,,,"2023-07-12T00:00:00",,,"13",Пн-Вт-Ср-Чт-Пт,,,\,Да,"23-24",,"070310601075",,,,,,,"11",,,,,,,"9892",,,,,,"10372",,,КО,,Женский,,,,,,,,,,Грант 23-24,,,,,,,,Математика,География,,Профессор (Professor),,,,,,,,,,,,,,,,"0",,,,,,,Байзакова Акжибек,"480",Желтоксан,,,,,,,
10884,103,,,,,,,,Нет школы,,,,,,,,,,,,,,,Вечер,"16:15",,,,,,,,,"2023-08-31T00:00:00",,"2023-07-12T00:00:00",,,"7",Вт-Ср-Чт-Пт-Сб,,,,,"23-24",,"060208551574",,,,,,,"11",,,,,,,,,,,,,"2790",,,РО,,Мужской,,,,,,,,,,Грант 23-24,,,,,,,,Химия,Биология,,Мастер (Master),,,,,,,,,,,,,,,,"0",,,,,,,,,Дулати,,"2790",,,,,
10927,103,,"28096411",,,,"356753030",,"9",,,,,,,,,,,,,,,Вечер,"15:05",,,,,,,,"2024-06-12T00:00:00",,"2024-06-11T00:00:00","2023-08-02T00:00:00",,,"15",Пн-Вт-Ср-Чт-Пт,,,усиленная работа над пробелами,Да,"23-24",,"061207500091",,,,,,,"11",,,,,,,"12875",,,,,,"12875",,"28",КО,,Мужской,,,,,,,,,,Грант 23-24,,,,,,,,Математика,Информатика,,Мегамозг (Megamind),,,,,,,,,,,,,,,,"0",,,,,,,Тастанбекова Айдана,,Желтоксан,,,,,,,
10937,103,,"28097563",,,,"356752899",,Арман,,,,,,,,,,,,,,,Вечер,"16:15",,,,,,,,"2024-03-21T00:00:00",,,"2023-09-07T00:00:00",,,"12",Вт-Ср-Чт-Пт-Сб,,,,Да,"23-24",,"061202551673",,,,,,,"11",,,,,,,"8322",,,,,,"18148",,"44",РО,,Мужской,,,,,,,,,,Грант 23-24,,,,,,,,Математика,Физика,,Мегамозг (Megamind),,,,,,,,,,,,,,,,"0",,,,,,,Байзакова Акжибек,"9826",Дулати,,,,,,,
10952,103,,"28108851",,,,,,Нет школы,,,,,,,,,,,,,,,Вечер,"15:05",,,,,,,,,,,"2023-07-19T00:00:00",,,"6",,,,,,"23-24",,"070313601735",,,,,,,"11",,,,,,,"2864",,,,,,"6135",,,КО,,Женский,,,,,,,,,,Грант 23-24,,,,,,,,Математика,Физика,,Грандмастер (Grandmaster),,,,,,,,,,,,,,,,"0",,,,,,,Тастанбекова Айдана,"3271",Желтоксан,,,,,,,
10956,103,,"28116621",,,,"356753121",,"41",,,,,,,,,,,,,,,Вечер,"15:05",,,,,,,,,,,"2023-08-02T00:00:00",,,"13",Пн-Вт-Ср-Чт-Пт,,,"0",Да,"23-24",,"070331502399",,,,,,,"11",,,,,,,"13296",,,,,,"23227,5",,,КО,,Мужской,,,,,,,,,,Грант 23-24,,,,,,,,Математика,Физика,,Босс (AIBoss),,,,,,,,,,,,,,,,"0",,,,,,,Никто,"9932",Желтоксан,,,,,,,
10957,103,,"28117253",,,,"356752920",,Арман,,,"9373",,,,,,,,,,,,Вечер,"16:15",,,,,,,,"2024-05-12T00:00:00",,"2024-05-11T00:00:00","2023-08-02T00:00:00",,,"14",Вт-Ср-Чт-Пт-Сб,,,\,Да,"23-24",,"070207601560",,,,,,,"11",,,,,,,"95",,,,,,"9468",,"19",РО,,Женский,,,,,,,,,,Грант 23-24,,,,,,,,Английский язык,География,,Профессор (Professor),,,,,,,,,,,,,,,,"0",,,,,,,Никто,,Дулати,,,,,,,
10984,103,,"28136711",,,,"356753178",,"34",,,,,,,,,,,,,,,Вечер,"15:05",,,,,,,,"2024-04-24T00:00:00",,,"2023-08-02T00:00:00",,,"10",Пн-Вт-Ср-Чт-Пт,,,усиленно работать над пробелами,Да,"23-24",,"070525600958",,,,,,,"11",,,,,,,,,,,,,"10741,5",,"33",КО,,Женский,,,,,,,,,,Грант 23-24,,,,,,,,Химия,Биология,,Профессор (Professor),,,,,,,,,,,,,,,,"0",,,,,,,Никто,,Желтоксан,,"10742",,,,,
10988,103,,"28139527",,,,"356753076",,Нет школы,,,,,,,,,,,,,,,Вечер,"15:05",,,,,,,,"2024-06-01T00:00:00",,"2024-05-28T00:00:00","2023-09-06T00:00:00",,,"1",Пн-Вт-Ср-Чт-Пт,,,,Да,"23-24",,"070808650188",,,,,,,"11",,,,,,,"11906",,,,,,"25130",,"29",КО,,Женский,,,,,,,,,,Грант 23-24,,,,,,,,Математика,Физика,,Босс (AIBoss),,,,,,,,,,,,,,,,Дозвон,,,,,,,Никто,"13224",Желтоксан,,,,,,,
10998,101,,"39776197",,,,,,"80",,,,,,,,,,,,,,,Вечер,"17:20",,,,,,,,,"2023-05-31T00:00:00",,"2022-11-29T00:00:00",,,"7",Вт-Чт-Сб,,,Пробелы за раннее классы,,,,"060827650835",,,,,,,"11",,,,,,,"24692",,,,,,"48403",,,КО,,Женский,,,,,,,,,,Грант 22-23,,,,,,,,Математика,Физика,,Легенда III (Legend III),,,,,,,,,,,,,,,,"0",,,,,,,,"23711",Ансар1,,,,,,,Казахский
11012,103,,"29388233",,,,"356753069",,"4",,,,,,,,,,,,,,,Вечер,"15:05",,,,,,,,,,,"2023-08-02T00:00:00",,,"4",Пн-Вт-Ср-Чт-Пт,,,,Да,"23-24",,"070515501589",,,,,,,"11",,,,,,,,,,,,,"11096",,,КО,,Мужской,,,,,,,,,,Грант 23-24,,,,,,,,Химия,Биология,,Профессор (Professor),,,,,,,,,,,,,,,,"0",,,,,,,Никто,,Желтоксан,,"11096",,,,,
11017,103,,"28152409",,,,"356753032",,"40",,,,,,,,,,,,,,,Вечер,"15:05",,,,,,,,,,,"2023-08-02T00:00:00",,,"1",Пн-Вт-Ср-Чт-Пт,,,усиленная подготовка над пробелами,Да,"23-24",,"070322600984",,,,,,,"11",,,,,,,,,,,,,"4795",,,КО,,Женский,,,,,,,,,,Грант 23-24,,,,,,,,Химия,Биология,,Грандмастер (Grandmaster),,,,,,,,,,,,,,,,"0",,,,,,,Никто,,Желтоксан,,"4795",,,,,
11018,103,,"28153867",,,,"356752855",,"1 им. Пушкина",,,,,,,,,,,,,,,Вечер,"16:15",,,,,,,,"2024-05-26T00:00:00",,"2024-05-24T00:00:00","2023-08-03T00:00:00",,,"7",Вт-Ср-Чт-Пт-Сб,,,"1",Да,"23-24",,"060207501047",,,,,,,"11",,,,,,,"13986",,,,,,"28553",,"40",РО,,Мужской,,,,,,,,,,Грант 23-24,,,,,,,,Математика,Физика,,Легенда I (Legend I),,,,,,,,,,,,,,,,"0",,,,,,,Никто,"14567",Дулати,,,,,,,
11024,103,,"28156733",,,,"356753137",,"26",,,,,,,,,,,,,,,Вечер,"15:05",,,,,,,,,,,"2023-08-02T00:00:00",,,"8",Пн-Вт-Ср-Чт-Пт,,,\,Да,"23-24",,"070730500689",,,,,,,"11",,,,,,,"15024",,,,,,"15024",,,КО,,Мужской,,,,,,,,,,Грант 23-24,,,,,,,,Математика,Информатика,,Мегамозг (Megamind),,,,,,,,,,,,,,,,"0",,,,,,,Никто,,Желтоксан,,,,,,,
11025,103,,"28157743",,,,"386930390",,Аль-Фараби,,,,,,,,,,,,,,,Вечер,"15:05",,,,,,,,,,,"2023-08-02T00:00:00",,,"14",Пн-Вт-Ср-Чт-Пт,,,,Да,"23-24",,"070215501607",,,,,,,"11",,,,,,,"13257",,,,,,"13257",,,КО,,Мужской,,,,,,,,,,Грант 23-24,,,,,,,,Математика,Информатика,,Мегамозг (Megamind),,,,,,,,,,,,,,,,"0",,,,,,,Никто,,Желтоксан,,,,,,,
11027,103,,"28157987",,,,"356752999",,"77",,,,,,,,,,,,,,,Вечер,"15:05",,,,,,,,"2024-05-28T00:00:00",,"2024-05-27T00:00:00","2023-08-30T00:00:00",,,"3",Пн-Вт-Ср-Чт-Пт,,,,Да,"23-24",,"061020600874",,,,,,,"11",,,,,,,,,,,,,"0",,"39",КО,,Женский,,,,,,,,,,Грант 23-24,,,,,,,,География,Биология,,Новобранец (Recruit),,,,,,,,,,,,,,,,"0",,,,,,,Никто,,Желтоксан,,,,,,,
11037,103,,"28269309",,,,"380897329",,Нет школы,,,,,,,,,,,,,,,Вечер,"15:05",,,,,,,,"2024-06-01T00:00:00",,"2024-05-27T00:00:00","2023-08-02T00:00:00",,,"14",Пн-Вт-Ср-Чт-Пт,,,усиленно работать над пробелами,Да,"23-24",,"061231600376",,,,,,,"11",,,,,,,,,,,,,"0",,"25",КО,,Женский,,,,,,,,,,Грант 23-24,,,,,,,,География,Биология,,Новобранец (Recruit),,,,,,,,,,,,,,,,"0",,,,,,,Никто,,Желтоксан,,,,,,,
11057,103,,"29353549",,,,"356753191",,Нет школы,,,,,,,,,,,,,,,Вечер,"15:05",,,,,,,,"2024-06-01T00:00:00","2024-02-09T00:00:00","2024-05-27T00:00:00","2023-08-09T00:00:00",,,"14",Пн-Вт-Ср-Чт-Пт,,,,Да,"23-24",,"070327600812",,,,,,,"11",,,,,,,,,,,,,"13067",,"17",КО,,Женский,,,,,,,,,,Грант 23-24,,,,,,,,Химия,Биология,,Мегамозг (Megamind),,,,,,,,,,,,,,,,"0",,,,,,,,,Желтоксан,,"13067",,,,,
11068,103,,"28177213",,,,"356753108",,БИЛ для мальчиков,,,,,,,,,,,,,,,Вечер,"15:05",,,,,,,,"2023-12-14T00:00:00",,,"2023-08-09T00:00:00",,,"11",Пн-Вт-Ср-Чт-Пт,,,бала прям ТОП / Асхат агайдын тобына отыргызсаныз,Да,"23-24",,"070526500481",,,,,,,"11",,,,,,,"8680",,,,,,"8680",,"26",КО,,Мужской,,,,,,,,,,Грант 23-24,,,,,,,,Математика,География,,Профессор (Professor),,,,,,,,,,,,,,,,"0",,,,,,,Никто,,Желтоксан,,,,,,,
11081,103,,"27592297",,,,,,"24",,,,,,,,,,,,,,,Вечер,"16:15",,,,,,,,,"2024-05-09T00:00:00",,"2023-08-09T00:00:00",,,"8",Пн-Вт-Ср-Чт-Пт,,,,,"23-24",,"070512501057",,,,,,,"11",,,,,,,"5375",,,,,,"9111",,,КО,,Мужской,,,,,,,,,,Грант 23-24,,,,,,,,Математика,Физика,,Профессор (Professor),,,,,,,,,,,,,,,,"0",,,,,,,,"3736",Желтоксан,,,,,,,
11085,103,,"28187205",,,,"393234898",,"80",,,"343",,,,,,,,,,,,Вечер,"15:05",,,,,,,,"2024-06-01T00:00:00",,"2024-05-31T00:00:00","2023-08-16T00:00:00",,,"14",Пн-Вт-Ср-Чт-Пт,,,,Да,"23-24",,"070406600465",,,,,,,"11",,,,,,,"9661",,,,,,"20304,5",,"40",КО,,Женский,,,,,,,,,,Грант 23-24,,,,,,,,Математика,Физика,,Босс (AIBoss),,,,,,,,,,,,,,,,"0",,,,,,,Никто,"10301",Желтоксан,,,,,,,
11094,101,,"28594627",,,,"362222413",,"2",,,"3533",,,,,,,,,,,,Вечер,"17:20",,"889",,,,,,,"2024-06-06T00:00:00",,"2023-09-06T00:00:00",,,"4",Пн-Вт-Ср-Чт-Пт,,,Пробелы за раннее классы,,"23-24",,"060907652053",,,,,,,"11",,,,,,,"18086",,,,,,"27933,5",,,РО,,Женский,,,,,,,,,,Грант 23-24,,,,,,,,Математика,Информатика,,Босс (AIBoss),,,,,,,,,,,,,,,,Дозвон,,,,,,,,"5426",Ансар1,,,,,,,Русский
11104,103,,"28209679",,,,"376973183",,"72",,,,,,,,,,,,,,,Вечер,"15:05",,,,,,,,"2024-05-21T00:00:00",,"2024-05-20T00:00:00","2023-08-16T00:00:00",,,"14",Пн-Вт-Ср-Чт-Пт,,,усиленная подготовка по матем и истории Каз,Да,"23-24",,"070713500278",,,,,,,"11",,,,,,,"11831",,,,,,"11831",,"40",КО,,Мужской,,,,,,,,,,Грант 23-24,,,,,,,,Математика,Информатика,,Профессор (Professor),,,,,,,,,,,,,,,,"0",,,,,,,Никто,,Желтоксан,,,,,,,
11123,103,,"28593735",,,,"356155352",,Нет школы,,,,,,,,,,,,,,,Вечер,"16:15",,,,,,,,,"2024-05-16T00:00:00",,"2023-08-16T00:00:00",,,"1",Вт-Ср-Чт-Пт-Сб,,,,Да,"23-24",,"061113501079",,,,,,,"11",,,,,,,"5658",,,,,,"5658",,,РО,,Мужской,,,,,,,,,,Грант 23-24,,,,,,,,Математика,Информатика,,Грандмастер (Grandmaster),,,,,,,,,,,,,,,,"0",,,,,,,,,Дулати,,,,,,,
11129,103,,"28221703",,,,"356753024",,"25",,,"2060",,,,,,,,,,,,Вечер,"15:05",,,,,,,,,,,"2023-08-17T00:00:00",,,"15",Пн-Вт-Ср-Чт-Пт,,,усиленно работать над пробюелами,Да,"23-24",,"060928501126",,,,,,,"11",,,,,,,"8578",,,,,,"12943",,,КО,,Мужской,,,,,,,,,,Грант 23-24,,,,,,,,Английский язык,География,,Мегамозг (Megamind),,,,,,,,,,,,,,,,"0",,,,,,,Никто,"2305",Желтоксан,,,,,,,
11139,103,,"29333315",,,,"356753021",,"7",,,,,,,,,,,,,,,Вечер,"15:05",,,,,,,,,,,"2023-08-16T00:00:00",,,"8",Пн-Вт-Ср-Чт-Пт,,,,Да,"23-24",,"060512500809",,,,,,,"11",,,,,,,"13476",,,,,,"20097",,,КО,,Мужской,,,,,,,,,,Грант 23-24,,,,,,,,Математика,Физика,,Босс (AIBoss),,,,,,,,,,,,,,,,"0",,,,,,,Никто,"6621",Желтоксан,,,,,,,
11154,103,,"28228063",,,,"356753028",,"9",,,,,,,,,,,,,,,Вечер,"15:05",,,,,,,,,,,"2023-08-23T00:00:00",,,"12",Пн-Вт-Ср-Чт-Пт,,,",",Да,"23-24",,"070711500922",,,,,,,"11",,,,,,,"11737",,,,,,"24170",,,КО,,Мужской,,,,,,,,,,Грант 23-24,,,,,,,,Математика,Физика,,Босс (AIBoss),,,,,,,,,,,,,,,,"0",,,,,,,Никто,"12433",Желтоксан,,,,,,,
11156,103,,"28229713",,,,"356752897",,Другое,,,,,,,,,,,,,,,Вечер,"16:15",,,,,,,,"2023-10-26T00:00:00",,,"2023-09-06T00:00:00",,,"12",Вт-Ср-Чт-Пт-Сб,,,",,",Да,"23-24",,"070405600271",,,,,,,"11",,,,,,,,,,,,,"11189",,,РО,,Женский,,,,,,,,,,Грант 23-24,,,,,,,,Химия,Биология,,Профессор (Professor),,,,,,,,,,,,,,,,"0",,,,,,,Никто,,Дулати,,"11189",,,,,
11164,101,,"28226677",,,,"376141973",,"76",,,"946",,,,,,,,,,,,Обед,"14:00",,"584",,,,,,"2024-02-21T00:00:00",,,"2023-08-23T00:00:00",,,"4",Пн-Вт-Ср-Чт-Пт,,,Нет проблем,,"23-24",,"070131651752",,,,,,,"11",,,,,,,"1414",,,,,,"4366",,"45",РО,,Женский,,,,,,,,,,Грант 23-24,,,,,,,,Английский язык,Всемирная история,,Мастер (Master),,,,,,,,,,,,,,,,Дозвон,Участвует,,,,,,,"1423",Ансар1,,,,,,,Русский
11169,103,,"28244409",,,,"356752830",,Колледж,,,,,,,,,,,,,,,Вечер,"16:15",,,,,,,,"2024-05-31T00:00:00",,"2024-05-30T00:00:00","2023-09-06T00:00:00",,,"7",Вт-Ср-Чт-Пт-Сб,,,усиленная раота над прлбелами,Да,"23-24",,"050804600970",,,,,,,"11",,,,,,,,,,,,,"0",,"38",РО,,Женский,,,,,,,,,,Грант 23-24,,,,,,,,География,Биология,,Новобранец (Recruit),,,,,,,,,,,,,,,,"0",,,,,,,Никто,,Дулати,,,,,,,
11202,103,,"28267205",,,,"356752990",,"39",,,,,,,,,,,,,,,Вечер,"16:15",,,,,,,,,,,"2023-08-24T00:00:00",,,"12",Пн-Вт-Ср-Чт-Пт,,,,Да,"23-24",,"061201600411",,,,,,,"11",,,,,,,,,,,,,"0",,,КО,,Женский,,,,,,,,,,Грант 23-24,,,,,,,,География,Биология,,Новобранец (Recruit),,,,,,,,,,,,,,,,"0",,,,,,,Никто,,Желтоксан,,,,,,,
11205,103,,"29368395",,,,"356753078",,"5",,,,,,,,,,,,,,,Вечер,"16:15",,,,,,,,"2024-06-01T00:00:00",,"2024-05-30T00:00:00","2023-09-06T00:00:00",,,"7",Пн-Вт-Ср-Чт-Пт,,,-,Да,"23-24",,"070317500653",,,,,,,"11",,,,,,,,,,,,,"12272",,"37",КО,,Мужской,,,,,,,,,,Грант 23-24,,,,,,,,Химия,Биология,,Мегамозг (Megamind),,,,,,,,,,,,,,,,Дозвон,,,,,,,Никто,,Желтоксан,,"12272",,,,,
11207,103,,"28272167",,,,"356753176",,"8",,,,,,,,,,,,,,,Вечер,"16:15",,,,,,,,,,,"2023-08-30T00:00:00",,,"8",Пн-Вт-Ср-Чт-Пт,,,"Мат грам ТОП, остальное средне",Да,"23-24",,"070214600720",,,,,,,"11",,,,,,,"6912",,,,,,"16108",,,КО,,Женский,,,,,,,,,,Грант 23-24,,,,,,,,Математика,Физика,,Мегамозг (Megamind),,,,,,,,,,,,,,,,"0",,,,,,,Никто,"9196",Желтоксан,,,,,,,
11209,101,,"38836315",,,,,,BINOM SCHOOL имени Ахмета Байтурсынулы,,,,,,,,,,,,,,,Вечер,"17:20",,,,,,,,,"2023-05-30T00:00:00",,"2022-11-28T00:00:00",,,"4",Пн-Ср-Пт,,,,,,,"060321650517",,,,,,,"11",,,,,,,"8074",,,,,,"8074",,,РО,,Женский,,,,,,,,,,Грант 22-23,,,,,,,,География,Всемирная история,,Профессор (Professor),,,,,,,,,,,,,,,,"0",,,,,,,Зарина Кайратовна,,Олимп Палас,,,,,,,
11215,103,,"29163597",,,,"356752889",,Колледж,,,,,,,,,,,,,,,Вечер,"16:15",,,,,,,,"2023-11-07T00:00:00",,,"2023-08-31T00:00:00",,,"5",Вт-Ср-Чт-Пт-Сб,,,",,",Да,"23-24",,"010112600238",,,,,,,"12",,,,,,,,,,,,,"12064",,"7",РО,,Женский,,,,,,,,,,Грант 23-24,,,,,,,,Химия,Биология,,Мегамозг (Megamind),,,,,,,,,,,,,,,,"0",,,,,,,Байзакова Акжибек,,Дулати,,"12064",,,,,
11230,103,,"28285081",,,,"356752991",,"43",,,,,,,,,,,,,,,Вечер,"16:15",,,,,,,,,,,"2023-09-01T00:00:00",,,"11",Пн-Вт-Ср-Чт-Пт,,,.,Да,"23-24",,"061218650738",,,,,,,"11",,,,,,,,,,,,,"10663,5",,,КО,,Женский,,,,,,,,,,Грант 23-24,,,,,,,,Химия,Биология,,Профессор (Professor),,,,,,,,,,,,,,,,"0",,,,,,,Никто,,Желтоксан,,"10664",,,,,
11235,103,,"29368413",,,,"356752891",,им. Абая Кунанбаева,,,,,,,,,,,,,,,Вечер,"16:15",,,,,,,,"2024-06-02T00:00:00",,"2024-06-01T00:00:00","2023-08-31T00:00:00",,,"10",Вт-Ср-Чт-Пт-Сб,,,"очень старательный, проявлять больше внимания",Да,"23-24",,"070118501184",,,,,,,"11",,,,,,,"13152",,,,,,"26582",,"37",РО,,Мужской,,,,,,,,,,Грант 23-24,,,,,,,,Математика,Физика,,Босс (AIBoss),,,,,,,,,,,,,,,,Недозвон,,,,,,,Никто,"13430",Дулати,,,,,,,
11246,103,,"28290693",,,,"356753152",,"40",,,,,,,,,,,,,,,Вечер,"16:15",,,,,,,,"2024-04-20T00:00:00",,,"2023-08-31T00:00:00",,,"13",Пн-Вт-Ср-Чт-Пт,,,-,Да,"23-24",,"070712501113",,,,,,,"11",,,,,,,"8727",,,,,,"18164",,"7",КО,,Мужской,,,,,,,,,,Грант 23-24,,,,,,,,Математика,Физика,,Мегамозг (Megamind),,,,,,,,,,,,,,,,"0",,,,,,,Никто,"9438",Желтоксан,,,,,,,
11254,103,,"28293035",,,,"356752915",,"29",,,,,,,,,,,,,,,Вечер,"16:15",,,,,,,,"2024-02-03T00:00:00",,,"2023-09-01T00:00:00",,,"12",Вт-Ср-Чт-Пт-Сб,,,.,Да,"23-24",,"060420502462",,,,,,,"11",,,,,,,"13384",,,,,,"27144",,"44",РО,,Мужской,,,,,,,,,,Грант 23-24,,,,,,,,Математика,Физика,,Босс (AIBoss),,,,,,,,,,,,,,,,Дозвон,,,,,,,Никто,"13760",Дулати,,,,,,,
11260,103,,"29368449",,,,"356753131",,"65",,,,,,,,,,,,,,,Вечер,"16:15",,,,,,,,"2024-06-01T00:00:00",,"2024-05-31T00:00:00","2023-09-01T00:00:00",,,"15",Пн-Вт-Ср-Чт-Пт,,,",",Да,"23-24",,"070807551077",,,,,,,"11",,,,,,,"12025",,,,,,"12024,5",,"42",КО,,Мужской,,,,,,,,,,Грант 23-24,,,,,,,,Математика,Информатика,,Мегамозг (Megamind),,,,,,,,,,,,,,,,"0",,,,,,,Никто,,Желтоксан,,,,,,,
11265,103,,"29368423",,,,"356752875",,Другое,,,,,,,,,,,,,,,Вечер,"16:15",,,,,,,,"2024-06-01T00:00:00",,"2024-05-31T00:00:00","2023-09-01T00:00:00",,,"10",Вт-Ср-Чт-Пт-Сб,,,",,,",Да,"23-24",,"061021500050",,,,,,,"11",,,,,,,,,,,,,"0",,"42",РО,,Мужской,,,,,,,,,,Грант 23-24,,,,,,,,География,Биология,,Новобранец (Recruit),,,,,,,,,,,,,,,,Дозвон,,,,,,,Никто,,Дулати,,,,,,,
11282,103,,"28301505",,,,"356752771",,"45",,,,,,,,,,,,,,,Вечер,"15:05",,,,,,,,"2024-07-03T00:00:00",,"2024-05-31T00:00:00","2023-09-06T00:00:00",,,"3",Пн-Вт-Ср-Чт-Пт,,,,Да,"23-24",,"070604602051",,,,,,,"11",,,,,,,,,,,,,"8825",,"12",РО,,Женский,,,,,,,,,,Грант 23-24,,,,,,,,Химия,Биология,,Профессор (Professor),,,,,,,,,,,,,,,,Дозвон,,,,,,,Никто,,Дулати,,"8825",,ЕНТ,,,
11283,103,,"28301537",,,,,,"80",,,,,,,,,,,,,,,Вечер,"16:15",,,,,,,,,,,"2023-09-06T00:00:00",,,"6",Пн-Вт-Ср-Чт-Пт,,,,,"23-24",,"070423501638",,,,,,,"11",,,,,,,"788",,,,,,"1283",,,КО,,Мужской,,,,,,,,,,Грант 23-24,,,,,,,,Математика,Физика,,Новобранец (Recruit),,,,,,,,,,,,,,,,"0",,,,,,,Никто,"495",Желтоксан,,,,ЕНТ,,,
11295,103,,"28939767",,,,"356752956",,"47",,,,,,,,,,,,,,,Вечер,"16:15",,,,,,,,"2023-11-22T00:00:00",,,"2023-09-06T00:00:00",,,"6",Пн-Вт-Ср-Чт-Пт,,,,Да,"23-24",,"070829651261",,,,,,,"12",,,,,,,,,,,,,"7162",,"0",КО,,Женский,,,,,,,,,,Грант 23-24,,,,,,,,Химия,Биология,,Грандмастер (Grandmaster),,,,,,,,,,,,,,,,"0",,,,,,,Зуппарова Умида,,Желтоксан,,"7162",,ЕНТ,,,
11296,103,,"29368457",,,,"356752853",,им. Абая Кунанбаева,,,,,,,,,,,,,,,Вечер,"16:15",,,,,,,,"2024-06-02T00:00:00",,"2024-06-01T00:00:00","2023-09-06T00:00:00",,,"4",Вт-Ср-Чт-Пт-Сб,,,не любит шум и крик,Да,"23-24",,"070331501965",,,,,,,"11",,,,,,,"13581",,,,,,"13580,5",,"44",РО,,Мужской,,,,,,,,,,Грант 23-24,,,,,,,,Математика,Информатика,,Мегамозг (Megamind),,,,,,,,,,,,,,,,"0",,,,,,,Байзакова Акжибек,,Дулати,,,,ЕНТ,,,
11298,103,,"28308421",,,,,,"131",,,,,,,,,,,,,,,Вечер,"16:15",,,,,,,,"2023-10-27T00:00:00",,,"2023-09-06T00:00:00",,,"7",Пн-Вт-Ср-Вс-Чт-Пт-Сб,,,..,,"23-24",,"060701500282",,,,,,,"11",,,,,,,,,,,,,"2720,5",,,КО,,Мужской,,,,,,,,,,Грант 23-24,,,,,,,,Химия,Биология,,Мастер (Master),,,,,,,,,,,,,,,,"0",,,,,,,Никто,,Желтоксан,,"2721",,ЕНТ,,,
11303,103,,"28312979",,,,"356753064",,"20",,,,,,,,,,,,,,,Вечер,"16:15",,,,,,,,"2024-06-08T00:00:00",,"2024-06-07T00:00:00","2023-09-06T00:00:00",,,"1",Пн-Вт-Ср-Чт-Пт,,,Нужен ТОП тренер,Да,"23-24",,"070906551005",,,,,,,"11",,,,,,,"12790",,,,,,"12790",,"35",КО,,Женский,,,,,,,,,,Грант 23-24,,,,,,,,Математика,География,,Мегамозг (Megamind),,,,,,,,,,,,,,,,Дозвон,,,,,,,Никто,,Желтоксан,,,,ЕНТ,,,
11310,103,,"29200459",,,,"374654044",,"136",,,,,,,,,,,,,,,Вечер,"16:15",,,,,,,,"2024-06-01T00:00:00",,"2024-05-31T00:00:00","2023-09-06T00:00:00",,,"11",Пн-Вт-Ср-Чт-Пт,,,"1",Да,"23-24",,"061103500809",,,,,,,"11",,,,,,,"12588",,,,,,"23446",,"4",КО,,Мужской,,,,,,,,,,Грант 23-24,,,,,,,,Математика,Физика,,Босс (AIBoss),,,,,,,,,,,,,,,,"0",,,,,,,Байзакова Акжибек,"10858",Желтоксан,,,,ЕНТ,,,
11316,103,,"29368515",,,,"356753165",,"137",,,,,,,,,,,,,,,Вечер,"16:15",,,,,,,,"2024-05-12T00:00:00",,"2024-05-10T00:00:00","2023-09-13T00:00:00",,,"10",Пн-Вт-Ср-Чт-Пт,,,..,Да,"23-24",,"061207601244",,,,,,,"11",,,,,,,,,,,,,"0",,"37",КО,,Женский,,,,,,,,,,Грант 23-24,,,,,,,,География,Биология,,Новобранец (Recruit),,,,,,,,,,,,,,,,Дозвон,,,,,,,Никто,,Желтоксан,,,,ЕНТ,,,
11324,103,,"29368593",,,,"356753048",,"8",,,,,,,,,,,,,,,Вечер,"16:15",,,,,,,,,,,"2023-09-13T00:00:00",,,"5",Пн-Вт-Ср-Чт-Пт,,,-,Да,"23-24",,"070419502298",,,,,,,"11",,,,,,,"12190",,,,,,"12190",,,КО,,Мужской,,,,,,,,,,Грант 23-24,,,,,,,,Математика,Информатика,,Мегамозг (Megamind),,,,,,,,,,,,,,,,Дозвон,,,,,,,Никто,,Желтоксан,,,,ЕНТ,,,
11325,103,,"28320525",,,,"356753026",,Нет школы,,,,,,,,,,,,,,,Вечер,"16:15",,,,,,,,,,,"2023-09-06T00:00:00",,,"11",Пн-Вт-Ср-Чт-Пт,,,,Да,"23-24",,"070312501872",,,,,,,"11",,,,,,,"11688",,,,,,"11688",,,КО,,Мужской,,,,,,,,,,Грант 23-24,,,,,,,,Математика,Информатика,,Профессор (Professor),,,,,,,,,,,,,,,,"0",,,,,,,,,Желтоксан,,,,,,,
11330,103,,"29354901",,,,"356752838",,"40",,,,,,,,,,,,,,,Вечер,"15:05",,,,,,,,,,,"2023-09-13T00:00:00",,,"7",Вт-Ср-Чт-Пт-Сб,,,"1",Да,"23-24",,"061104501595",,,,,,,"11",,,,,,,,,,,,,"8402",,,РО,,Мужской,,,,,,,,,,Грант 23-24,,,,,,,,Химия,Биология,,Профессор (Professor),,,,,,,,,,,,,,,,"0",,,,,,,Никто,,Дулати,,"8402",,ЕНТ,,,
11336,103,,"28733027",,,,"356753114",,"87",,,,,,,,,,,,,,,Вечер,"16:15",,,,,,,,"2024-05-25T00:00:00",,"2024-05-24T00:00:00","2023-09-13T00:00:00",,,"13",Пн-Вт-Ср-Чт-Пт,,,"1",Да,"23-24",,"070331500174",,,,,,,"11",,,,,,,"11781",,,,,,"22817,5",,"2",КО,,Мужской,,,,,,,,,,Грант 23-24,,,,,,,,Математика,Физика,,Босс (AIBoss),,,,,,,,,,,,,,,,"0",,,,,,,Зуппарова Умида,"11037",Желтоксан,,,,ЕНТ,,,
11675,101,,"38512695",,,,,,BINOM SCHOOL имени Каныша Сатпаева,,,,,,,,,,,,,,,Вечер,"17:20",,,,,,,,,"2023-05-20T00:00:00",,"2022-10-18T00:00:00",,,"2",Вт-Чт-Сб,,,,,,,"050923650360",,,,,,,"11",,,,,,"2103","10053",,,,,,"23256,5",,,КО,,Женский,,,,,,,,,,Грант 22-23,,,,,,,,Математика,Физика,,Босс (AIBoss),,,,,,,,,,,,,,,,"0",,,,,,,Искандер Маликович,"11101",Ансар1,,,,,,,Казахский
11688,101,,"37347317",,,,,,"54",,,,,,,,,,,,,,,Вечер,"17:20",,,,,,,,,"2023-04-23T00:00:00",,"2022-09-21T00:00:00",,,"7",Вт-Чт-Сб,,,,,,,"060525551333",,,,,,,"11",,,,,,"2784","15414",,,,,,"23414",,,КО,,Мужской,,,,,,,,,,Грант 22-23,,,,,,,,Математика,География,,Босс (AIBoss),,,,,,,,,,,,,,,,"0",,,,,,,Молдир Нурлыханкызы,"5216",Ансар1,,,,,,,
11727,101,,"27261263",,,"29318801",,,"2",,,"2857",,,,,,,,,,,,Вечер,"17:20",,"215",,,,,,,,,"2023-09-06T00:00:00",,,"11",Вт-Чт-Сб,,,,,"23-24",,"070509551097",,,,,,"230","11",,,,,,,"18601",,,,,,"28656",,,КО,,Мужской,,,,,,,,,,Грант 23-24,,,,,,,,Математика,Информатика,,Легенда I (Legend I),"355",,,,,,,,,,,,,,,"0",,,,,,,Зарина Кайратовна,"6398",Ансар1,,,,,,,
11812,101,,,,,,,,"76",,,,,,,,,,,,,,,Вечер,"17:20",,,,,,,,,,,"2021-09-22T00:00:00",,,"7",Вт-Чт-Сб,,,,,,,"051230600488",,,,,,,"11",,,,,,,,,,,,,"21771",,,КО,,Женский,,,,,,,,,,Грант 22-23,,,,,,,,Химия,Биология,,Босс (AIBoss),,,,,,,,,,,,,,,,"0",,,,,,,,,Ансар1,,"21771",,,,,
12258,101,,,,,,,,BINOM SCHOOL имени Алихана Букейхана,,,"2165",,,,,,,,,,,,Вечер,"17:20",,"528",,,,,,,,,"2021-10-14T00:00:00",,,"6",Вт-Чт-Сб,,,,,,,"050527650387",,,,,,,"11",,,,,,,"8272",,,,,,"19388",,,КО,,Женский,,,,,,,,,,Грант 22-23,,,,,,,,Математика,География,,Мегамозг (Megamind),,,,,,,,,,,,,,,,"0",,,,,,,,"3835",Ансар1,,,,,,,
12328,101,,"36694511",,,,,,"71",,,,,,,,,,,,,,,Вечер,"17:20",,,,,,,,,"2023-06-06T00:00:00",,"2022-08-04T00:00:00",,,"7",Вт-Чт-Сб,,,,,,,"060702550046",,,,,,,"11",,,,,,"2011","18483",,,,,,"35876,5",,,КО,,Мужской,,,,,,,,,,Грант 22-23,,,,,,,,Математика,Физика,,Легенда I (Legend I),,,,,,,,,,,,,,,,"0",,,,,,,Молдир Нурлыханкызы,"15383",Ансар1,,,,,,,
12356,103,,"28337401",,,,"356752799",,Болашак,,,,,,,,,,,,,,,Вечер,"16:15",,,,,,,,"2024-06-06T00:00:00",,"2024-06-04T00:00:00","2023-09-13T00:00:00",,,"1",Вт-Ср-Чт-Пт-Сб,,,-,Да,"23-24",,"061130600555",,,,,,,"11",,,,,,,,,,,,,"8665",,"29",РО,,Женский,,,,,,,,,,Грант 23-24,,,,,,,,Химия,Биология,,Профессор (Professor),,,,,,,,,,,,,,,,"0",,,,,,,Никто,,Дулати,,"8665",,ЕНТ,,,
12364,103,,"28338657",,,,"356752754",,"46",,,,,,,,,,,,,,,Вечер,"16:15",,,,,,,,"2023-12-17T00:00:00",,,"2023-09-14T00:00:00",,,"1",Вт-Ср-Чт-Пт-Сб,,,.,Да,"23-24",,"060811501477",,,,,,,"11",,,,,,,"9230",,,,,,"19677",,"36",РО,,Мужской,,,,,,,,,,Грант 23-24,,,,,,,,Математика,Физика,,Мегамозг (Megamind),,,,,,,,,,,,,,,,"0",,,,,,,Никто,"10447",Дулати,,,,ЕНТ,,,
12366,103,,"28339377",,,,"356753010",,"26",,,"9669",,,,,,,,,,,,Вечер,"16:15",,,,,,,,"2024-06-01T00:00:00",,"2024-05-31T00:00:00","2023-09-13T00:00:00",,,"13",Пн-Вт-Ср-Чт-Пт,,,.,Да,"23-24",,"070204600615",,,,,,,"11",,,,,,,,,,,,,"9669",,"16",КО,,Женский,,,,,,,,,,Грант 23-24,,,,,,,,Английский язык,Всемирная история,,Профессор (Professor),,,,,,,,,,,,,,,,Дозвон,,,,,,,Никто,,Желтоксан,,,,ЕНТ,,,
12367,103,,"28339571",,,,,,"39",,,,,,,,,,,,,,,Вечер,"16:15",,,,,,,,,,,"2023-09-13T00:00:00",,,"10",Пн-Вт-Ср-Чт-Пт,,,-,,"23-24",,"070713600593",,,,,,,"11",,,,,,,,,,,,,"0",,,КО,,Мужской,,,,,,,,,,Грант 23-24,,,,,,,,Математика,География,,Новобранец (Recruit),,,,,,,,,,,,,,,,"0",,,,,,,Никто,,Желтоксан,,,,ЕНТ,,,
12390,103,,"28346233",,,,"356752785",,"9",,,,,,,,,,,,,,,Вечер,"15:05",,,,,,,,"2024-06-13T00:00:00",,"2024-06-12T00:00:00","2023-09-13T00:00:00",,,"5",Вт-Ср-Чт-Пт-Сб,,,-,Да,"23-24",,"060707551656",,,,,,,"11",,,,,,,,,,,,,"13513",,"35",РО,,Мужской,,,,,,,,,,Грант 23-24,,,,,,,,Химия,Биология,,Мегамозг (Megamind),,,,,,,,,,,,,,,,Дозвон,,,,,,,Никто,,Дулати,,"13513",,ЕНТ,,,
12398,103,,"28348895",,,,"356752876",,БИЛ для мальчиков,,,"5967",,,,,,,,,,,,Вечер,"15:05",,,,,,,,"2024-06-14T00:00:00",,"2024-06-13T00:00:00","2023-09-13T00:00:00",,,"10",Вт-Ср-Чт-Пт-Сб,,,каждый вторник сабакка келе алмайды,Да,"23-24",,"070322500948",,,,,,,"11",,,,,,,,,,,,,"5967",,"40",РО,,Мужской,,,,,,,,,,Грант 23-24,,,,,,,,География,Всемирная история,,Грандмастер (Grandmaster),,,,,,,,,,,,,,,,Дозвон,,,,,,,Никто,,Дулати,,,,ЕНТ,,,
12416,103,,"28351195",,,,"356752893",,"1 им. Пушкина",,,,,,,,,,,,,,,Вечер,"16:15",,,,,,,,,,,"2023-09-13T00:00:00",,,"11",Вт-Ср-Чт-Пт-Сб,,,...,Да,"23-24",,"070130501734",,,,,,,"11",,,,,,,"7811",,,,,,"17281,5",,,РО,,Мужской,,,,,,,,,,Грант 23-24,,,,,,,,Математика,Физика,,Мегамозг (Megamind),,,,,,,,,,,,,,,,"0",,,,,,,Никто,"9471",Дулати,,,,ЕНТ,,,
12431,103,,"29109921",,,,,,"41",,,,,,,,,,,,,,,Вечер,"15:05",,,,,,,,"2024-06-15T00:00:00",,"2024-06-14T00:00:00",,,,"8",Вт-Ср-Чт-Пт-Сб,,,слабая,,"23-24",,"060809050056",,,,,,,"11",,,,,,,,,,,,,"4391",,"12",РО,,Женский,,,,,,,,,,Грант 23-24,,,,,,,,Химия,Биология,,Мастер (Master),,,,,,,,,,,,,,,,"0",,,,,,,Зуппарова Умида,,Дулати,Тастанбекова Айдана,"4391",,ЕНТ,,,Русский
12438,103,,"28356633",,,,"356753175",,Другое,,,,,,,,,,,,,,,Вечер,"16:15",,,,,,,,,,,"2023-09-13T00:00:00",,,"10",Пн-Вт-Ср-Чт-Пт,,,+,Да,"23-24",,"070509500904",,,,,,,"11",,,,,,,"10175",,,,,,"10174,5",,,КО,,Мужской,,,,,,,,,,Грант 23-24,,,,,,,,Математика,Информатика,,Профессор (Professor),,,,,,,,,,,,,,,,"0",,,,,,,Никто,,Желтоксан,,,,ЕНТ,,,
12445,103,,"29368651",,,,"356753002",,"7",,,,,,,,,,,,,,,Вечер,"16:15",,,,,,,,"2023-12-16T00:00:00",,,"2023-09-20T00:00:00",,,"8",Пн-Вт-Ср-Чт-Пт,,,+,Да,"23-24",,"060429500432",,,,,,,"11",,,,,,,"10078",,,,,,"10077,5",,"44",КО,,Мужской,,,,,,,,,,Грант 23-24,,,,,,,,Математика,Информатика,,Профессор (Professor),,,,,,,,,,,,,,,,Дозвон,,,,,,,Никто,,Желтоксан,,,,ЕНТ,,,
12461,103,,"28368503","28363485",,,"367806091",,Нет школы,,,,,,,,,,,,,,,Вечер,"16:15",,,,,,,,"2023-12-30T00:00:00",,,"2023-09-20T00:00:00",,,"11",Пн-Вт-Ср-Чт-Пт,,,сарыагаштан келеды,Да,"23-24",,"070429601598",,,,,,,"11",,,,,,,"8030",,,,,,"15985,5",,"19",КО,,Женский,,,,,,,,,,Грант 23-24,,,,,,,,Математика,Физика,,Мегамозг (Megamind),,,,,,,,,,,,,,,,"0",,,,,,,Никто,"7956",Желтоксан,,,,ЕНТ,,,
12479,103,,"28371775","28359943",,,"356752859",,"5",,,,,,,,,,,,,,,Вечер,"15:05",,,,,,,,"2023-12-15T00:00:00",,,"2023-09-20T00:00:00",,,"9",Вт-Ср-Чт-Пт-Сб,,,....,Да,"23-24",,"070415502107",,,,,,,"11",,,,,,,"9881",,,,,,"20051",,"42",РО,,Мужской,,,,,,,,,,Грант 23-24,,,,,,,,Математика,Физика,,Босс (AIBoss),,,,,,,,,,,,,,,,"0",,,,,,,Никто,"10170",Дулати,,,,ЕНТ,,,
12483,103,,"29368855","28307555",,,"356753167",,"8",,,,,,,,,,,,,,,Вечер,"16:15",,,,,,,,,,,"2023-09-20T00:00:00",,,"13",Пн-Вт-Ср-Чт-Пт,,,\,Да,"23-24",,"061007601475",,,,,,,"11",,,,,,,,,,,,,"10559",,,КО,,Женский,,,,,,,,,,Грант 23-24,,,,,,,,Химия,Биология,,Профессор (Professor),,,,,,,,,,,,,,,,"0",,,,,,,Никто,,Желтоксан,,"10559",,ЕНТ,,,
12492,103,,"29301081","28374239",,,"356752913",,Другое,,,,,,,,,,,,,,,Вечер,"16:15",,,,,,,,"2024-05-26T00:00:00","2024-06-20T00:00:00","2024-05-24T00:00:00","2023-09-20T00:00:00",,,"14",Вт-Ср-Чт-Пт-Сб,,,,Да,"23-24",,"070823650647",,,,,,,"11",,,,,,,,,,,,,"12258",,"43",РО,,Женский,,,,,,,,,,Грант 23-24,,,,,,,,Химия,Биология,,Мегамозг (Megamind),,,,,,,,,,,,,,,,"0",,,,,,,,,Дулати,,"12258",,ЕНТ,,,
12502,103,,"28378631","28378543",,,"356753106",,"23",,,,,,,,,,,,,,,Вечер,"16:15",,,,,,,,"2024-03-14T00:00:00",,,"2023-09-20T00:00:00",,,"7",Пн-Вт-Ср-Чт-Пт,,,-,Да,"23-24",,"060904502222",,,,,,,"11",,,,,,,"8935",,,,,,"8935",,"38",КО,,Мужской,,,,,,,,,,Грант 23-24,,,,,,,,Математика,Информатика,,Профессор (Professor),,,,,,,,,,,,,,,,"0",,,,,,,Никто,,Желтоксан,,,,ЕНТ,,,
12504,103,,"28378719","28360381",,,"356752964",,"40",,,,,,,,,,,,,,,Вечер,"16:15",,,,,,,,,,,"2023-09-20T00:00:00",,,"6",Пн-Вт-Ср-Чт-Пт,,,",",Да,"23-24",,"070322500383",,,,,,,"11",,,,,,,"7327",,,,,,"14158",,,КО,,Мужской,,,,,,,,,,Грант 23-24,,,,,,,,Математика,Физика,,Мегамозг (Megamind),,,,,,,,,,,,,,,,Дозвон,,,,,,,Никто,"6831",Желтоксан,,,,ЕНТ,,,
12523,103,,"29368897","28373935",,,"356752837",,Зере,,,"14184",,,,,,,,,,,,Вечер,"15:05",,,,,,,,,,,"2023-09-20T00:00:00",,,"7",Вт-Ср-Чт-Пт-Сб,,,"0",Да,"23-24",,"060927501715",,,,,,,"11",,,,,,,,,,,,,"14184",,,РО,,Мужской,,,,,,,,,,Грант 23-24,,,,,,,,Английский язык,Всемирная история,,Мегамозг (Megamind),,,,,,,,,,,,,,,,"0",,,,,,,Никто,,Дулати,,,,ЕНТ,,,
12527,103,,"28387137","27537203",,,"356752867",,"38",,,,,,,,,,,,,,,Вечер,"16:15",,,,,,,,"2023-11-14T00:00:00",,,"2023-09-20T00:00:00",,,"9",Вт-Ср-Чт-Пт-Сб,,,биология топ,Да,"23-24",,"061121501200",,,,,,,"11",,,,,,,,,,,,,"8154",,"26",РО,,Мужской,,,,,,,,,,Грант 23-24,,,,,,,,Химия,Биология,,Профессор (Professor),,,,,,,,,,,,,,,,Дозвон,,,,,,,Никто,,Дулати,,"8154",,ЕНТ,,,
12531,103,,"28392679","28384165",,,"356752917",,"9",,,,,,,,,,,,,,,Вечер,"16:15",,,,,,,,"2023-12-27T00:00:00",,,"2023-09-27T00:00:00",,,"2",Вт-Ср-Чт-Пт-Сб,,,"0",Да,"23-24",,"070623601067",,,,,,,"11",,,,,,,,,,,,,"2904",,"27",РО,,Женский,,,,,,,,,,Грант 23-24,,,,,,,,Химия,Биология,,Мастер (Master),,,,,,,,,,,,,,,,"0",,,,,,,Никто,,Дулати,,"2904",,ЕНТ,,,
12532,103,,"28392699","28392677",,,"356752901",,"9",,,,,,,,,,,,,,,Вечер,"16:15",,,,,,,,"2024-01-08T00:00:00",,,"2023-09-27T00:00:00",,,"9",Вт-Ср-Чт-Пт-Сб,,,"0",Да,"23-24",,"060920601268",,,,,,,"11",,,,,,,"2339",,,,,,"2339",,"23",РО,,Женский,,,,,,,,,,Грант 23-24,,,,,,,,Математика,Информатика,,Мастер (Master),,,,,,,,,,,,,,,,"0",,,,,,,Никто,,Дулати,,,,ЕНТ,,,
12550,103,,"28406317","28386679",,,"379180944",,Жалын,,,,,,,,,,,,,,,Вечер,"16:15",,,,,,,,"2024-04-03T00:00:00",,,"2023-09-27T00:00:00",,,"15",Пн-Вт-Ср-Чт-Пт,,,усиленная работа над повышением уровня и над мотивацией,Да,"23-24",,"070608501673",,,,,,,"11",,,,,,,"8253",,,,,,"8252,5",,"24",КО,,Мужской,,,,,,,,,,Грант 23-24,,,,,,,,Математика,Информатика,,Профессор (Professor),,,,,,,,,,,,,,,,"0",,,,,,,Никто,,Желтоксан,,,,ЕНТ,,,
12554,103,,"28408177","28334657",,,"356752936",,"33",,,,,,,,,,,,,,,Вечер,"16:15",,,,,,,,"2024-05-01T00:00:00",,,"2023-09-27T00:00:00",,,"15",Вт-Ср-Чт-Пт-Сб,,,"Матем хорошо, физика плохо",Да,"23-24",,"071001652548",,,,,,,"11",,,,,,,"10830",,,,,,"21377",,"22",РО,,Женский,,,,,,,,,,Грант 23-24,,,,,,,,Математика,Физика,,Босс (AIBoss),,,,,,,,,,,,,,,,"0",,,,,,,Никто,"10547",Дулати,,,,ЕНТ,,,
12555,103,,"28408181","28391595",,,"356753073",,"90",,,,,,,,,,,,,,,Вечер,"16:15",,,,,,,,"2024-05-17T00:00:00",,"2024-05-16T00:00:00","2023-09-27T00:00:00",,,"12",Пн-Вт-Ср-Чт-Пт,,,",",Да,"23-24",,"070402501415",,,,,,,"11",,,,,,,"11362",,,,,,"11362",,"30",КО,,Мужской,,,,,,,,,,Грант 23-24,,,,,,,,Математика,Физика,,Профессор (Professor),,,,,,,,,,,,,,,,"0",,,,,,,Никто,,Желтоксан,,,,ЕНТ,,,
12571,103,,"28421936","28380617",,,"356753170",,"8",,,,,,,,,,,,,,,Вечер,"16:15",,,,,,,,"2024-08-01T00:00:00",,"2024-04-24T00:00:00","2023-10-04T00:00:00",,,"3",Пн-Вт-Ср-Чт-Пт,,,",",Да,"23-24",,"061218500804",,,,,,,"11",,,,,,,"5890",,,,,,"5890",,"28",КО,,Мужской,,,,,,,,,,Грант 23-24,,,,,,,,Математика,География,,Грандмастер (Grandmaster),,,,,,,,,,,,,,,,"0",,,,,,,Никто,,Желтоксан,,,,ЕНТ,,,
12578,103,,"28429765","28407623",,,"356753173",,"131",,,,,,,,,,,,,,,Вечер,"16:15",,,,,,,,"2024-03-08T00:00:00",,,"2023-10-04T00:00:00",,,"13",Пн-Вт-Ср-Чт-Пт,,,"0",Да,"23-24",,"070108500042",,,,,,,"11",,,,,,,"12554",,,,,,"25617",,"37",КО,,Мужской,,,,,,,,,,Грант 23-24,,,,,,,,Математика,Физика,,Босс (AIBoss),,,,,,,,,,,,,,,,"0",,,,,,,Никто,"13064",Желтоксан,,,,ЕНТ,,,
12581,103,,"28436417","28426423",,,"356752759",,"41",,,,,,,,,,,,,,,Вечер,"16:15",,,,,,,,"2024-03-03T00:00:00",,,"2023-10-04T00:00:00",,,"2",Вт-Ср-Чт-Пт-Сб,,,"0",Да,"23-24",,"060819501470",,,,,,,"11",,,,,,,"10047",,,,,,"20788",,"39",РО,,Мужской,,,,,,,,,,Грант 23-24,,,,,,,,Математика,Физика,,Босс (AIBoss),,,,,,,,,,,,,,,,Дозвон,,,,,,,Никто,"10741",Дулати,,,,ЕНТ,,,
12605,103,,"29369031","28421582",,,"356753183",,"11",,,,,,,,,,,,,,,Вечер,"16:15",,,,,,,,,,,"2023-10-04T00:00:00",,,"14",Пн-Вт-Ср-Чт-Пт,,,",",Да,"23-24",,"061117500230",,,,,,,"11",,,,,,,"11279",,,,,,"11278,5",,,КО,,Мужской,,,,,,,,,,Грант 23-24,,,,,,,,Математика,Информатика,,Профессор (Professor),,,,,,,,,,,,,,,,"0",,,,,,,Никто,,Желтоксан,,,,ЕНТ,,,
12607,103,,"28440593","28433717",,,"356753135",,"23",,,,,,,,,,,,,,,Вечер,"16:15",,,,,,,,,,,"2023-10-04T00:00:00",,,"5",Пн-Вт-Ср-Чт-Пт,,,...,Да,"23-24",,"070706501804",,,,,,,"11",,,,,,,"7234",,,,,,"7233,5",,,КО,,Мужской,,,,,,,,,,Грант 23-24,,,,,,,,Математика,Информатика,,Грандмастер (Grandmaster),,,,,,,,,,,,,,,,"0",,,,,,,Никто,,Желтоксан,,,,ЕНТ,,,
12610,103,,"28440675","28434907",,,,,,,,,,,,,,,,,,,,Вечер,"16:15",,,,,,,,,,,"2023-10-04T00:00:00",,,,Пн-Вт-Ср-Чт-Пт,,,",",Нет,"23-24",,"00",,,,,,,"11",,,,,,,,,,,,,,,,КО,,Мужской,,,,,,,,,,Грант 23-24,,,,,,,,Химия,Биология,,,,,,,,,,,,,,,,,,,,,,,,,Никто,,Желтоксан,,,,ЕНТ,,,
12625,103,,"28445785","28427501",,,"356752949",,Другое,,,,,,,,,,,,,,,Вечер,"16:15",,,,,,,,,,,"2023-10-04T00:00:00",,,"3",Пн-Вт-Ср-Чт-Пт,,,+,Да,"23-24",,"070216602191",,,,,,,"11",,,,,,,,,,,,,"5786,5",,,КО,,Женский,,,,,,,,,,Грант 23-24,,,,,,,,Химия,Биология,,Грандмастер (Grandmaster),,,,,,,,,,,,,,,,Дозвон,,,,,,,Никто,,Желтоксан,,"5787",,ЕНТ,,,
12628,103,,"29335087","27559079",,,"368191595",,Другое,,,,,,,,,,,,,,,Вечер,"16:15",,,,,,,,,,,"2023-10-04T00:00:00",,,"11",Пн-Вт-Ср-Чт-Пт,,,.,Да,"23-24",,"070403601447",,,,,,,"11",,,,,,,"11399",,,,,,"23209,5",,"35",КО,,Женский,,,,,,,,,,Грант 23-24,,,,,,,,Математика,Физика,,Босс (AIBoss),,,,,,,,,,,,,,,,"0",,,,,,,Никто,"11811",Желтоксан,,,,ЕНТ,,,
12648,103,,"29354185","28445647",,,"356752884",,"28",,,,,,,,,,,,,,,Вечер,"16:15",,,,,,,,"2024-05-26T00:00:00",,"2024-05-25T00:00:00","2023-10-11T00:00:00",,,"8",Вт-Ср-Чт-Пт-Сб,,,усиленная работа над закрытием пробелов,Да,"23-24",,"070712600845",,,,,,,"11",,,,,,,,,,,,,"9983",,"38",РО,,Женский,,,,,,,,,,Грант 23-24,,,,,,,,Химия,Биология,,Профессор (Professor),,,,,,,,,,,,,,,,"0",,,,,,,Никто,,Дулати,,"9983",,ЕНТ,,,
12661,103,,"28476075","28473843",,,"356752836",,"9",,,,,,,,,,,,,,,Вечер,"16:15",,,,,,,,"2023-11-27T00:00:00",,,"2023-10-11T00:00:00",,,"7",Вт-Ср-Чт-Пт-Сб,,,+,Да,"23-24",,"070326600252",,,,,,,"11",,,,,,,,,,,,,"5646",,"27",РО,,Женский,,,,,,,,,,Грант 23-24,,,,,,,,Химия,Биология,,Грандмастер (Grandmaster),,,,,,,,,,,,,,,,"0",,,,,,,Никто,,Дулати,Сапар Жолбарыс,"5646",,ЕНТ,,,
12669,103,,"28489457","28483859",,,,,Парасат,,,,,,,,,,,,,,,Вечер,"16:15",,,,,,,,,,,"2023-10-18T00:00:00",,,"6",Пн-Вт-Ср-Чт-Пт,,,+,,"23-24",,"060826500906",,,,,,,"11",,,,,,,"60",,,,,,"60",,,КО,,Мужской,,,,,,,,,,Грант 23-24,,,,,,,,Математика,Физика,,Новобранец (Recruit),,,,,,,,,,,,,,,,,,,,,,,Никто,,Желтоксан,Альжан Сауле,,,ЕНТ,,,
12681,103,,"28498141","28365831",,,"356752755",,"15",,,,,,,,,,,,,,,Вечер,"16:15",,,,,,,,,,,"2023-10-18T00:00:00",,,"1",Вт-Ср-Чт-Пт-Сб,,,-,Да,"23-24",,"061220500924",,,,,,,"11",,,,,,,"12213",,,,,,"12213",,,РО,,Мужской,,,,,,,,,,Грант 23-24,,,,,,,,Математика,Информатика,,Мегамозг (Megamind),,,,,,,,,,,,,,,,"0",,,,,,,Никто,,Дулати,Альжан Сауле,,,ЕНТ,,,
12722,103,,"28532549","28527439",,,"356753117",,"87",,,,,,,,,,,,,,,Вечер,"16:15",,,,,,,,"2024-01-31T00:00:00",,,"2023-10-26T00:00:00",,,"10",Пн-Вт-Ср-Чт-Пт,,,",,",Да,"23-24",,"070807652854",,,,,,,"11",,,,,,,,,,,,,"0",,"32",КО,,Женский,,,,,,,,,,Грант 23-24,,,,,,,,География,Биология,,Новобранец (Recruit),,,,,,,,,,,,,,,,"0",,,,,,,Никто,,Желтоксан,Әбілда Аббас,,,ЕНТ,,,
12745,103,,"28556813","28134999",,,"356753036",,Другое,,,,,,,,,,,,,,,Вечер,"16:15",,,,,,,,,,,"2023-11-01T00:00:00",,,"12",Пн-Вт-Ср-Чт-Пт,,,+_,Да,"23-24",,"090107500553",,,,,,,"11",,,,,,,"4619",,,,,,"9317",,,КО,,Мужской,,,,,,,,,,Грант 23-24,,,,,,,,Математика,Физика,,Профессор (Professor),,,,,,,,,,,,,,,,"0",,,,,,,Никто,"4698",Желтоксан,Жузтаев Аскар,,,ЕНТ,,,
12759,103,,"28565545","28535159",,,"356753101",,"92",,,,,,,,,,,,,,,Вечер,"16:15",,,,,,,,"2024-01-10T00:00:00",,,"2023-11-01T00:00:00",,,"2",Пн-Вт-Ср-Чт-Пт,,,"0",Да,"23-24",,"061222500231",,,,,,,"11",,,,,,,"971",,,,,,"1121",,"1",КО,,Мужской,,,,,,,,,,Грант 23-24,,,,,,,,Математика,Физика,,Новобранец (Recruit),,,,,,,,,,,,,,,,"0",,,,,,,Никто,"150",Желтоксан,Жузтаев Аскар,,,ЕНТ,,,
12767,103,,"28572739","27608361",,,"375212518",,"50",,,,,,,,,,,,,,,Вечер,"15:05",,,,,,,,"2024-04-28T00:00:00",,,"2023-11-08T00:00:00",,,"10",Вт-Ср-Чт-Пт-Сб,,,физ мат топ,Да,"23-24",,"061108501844",,,,,,,"11",,,,,,,"9051",,,,,,"17713,5",,"0",РО,,Мужской,,,,,,,,,,Грант 23-24,,,,,,,,Математика,Физика,,Мегамозг (Megamind),,,,,,,,,,,,,,,,"0",,,,,,,Байзакова Акжибек,"8663",Дулати,Альжан Сауле,,,ЕНТ,,,
12832,103,,"28891041","28614925",,,"356752947",,Другое,,,"3058",,,,,,,,,,,,Вечер,"16:15",,,,,,,,,"2024-02-22T00:00:00",,"2023-11-22T00:00:00",,,"15",Вт-Ср-Чт-Пт-Сб,,,усиленная работа над повышением знания,Да,"23-24",,"061008600165",,,,,,,"11",,,,,,,,,,,,,"3058",,,РО,,Женский,,,,,,,,,,Грант 23-24,,,,,,,,Английский язык,Всемирная история,,Мастер (Master),,,,,,,,,,,,,,,,"0",,,,,,,Никто,,Дулати,Мухамеджан Аружан,,,ЕНТ,,,
12843,103,,"28632125","28514027",,,"356753174",,"89",,,,,,,,,,,,,,,Вечер,"16:15",,,,,,,,"2024-04-06T00:00:00","2024-06-22T00:00:00",,"2023-11-22T00:00:00",,,"6",Пн-Вт-Ср-Чт-Пт,,,-,Да,"23-24",,"060801551568",,,,,,,"12",,,,,,,"5180",,,,,,"10841",,"8",КО,,Мужской,,,,,,,,,,Грант 23-24,,,,,,,,Химия,Биология,,Профессор (Professor),,,,,,,,,,,,,,,,"0",,,,,,,Никто,"5508",Желтоксан,Альжан Сауле,"153",,ЕНТ,,,
12852,101,,"28751515","28741295",,,"370602340",,"1",,,"634",,,,,,,,,,,,Обед,"14:00",,"260",,,,,,"2024-07-23T00:00:00","2024-06-08T00:00:00","2024-07-01T00:00:00","2023-12-21T00:00:00",,,"7",Вт-Ср-Чт-Пт-Сб,,,Нет проблем,,"23-24",,"061019551609",,,,,,,"11",,,,,,,"9659",,,,,,"11359",,"1",КО,,Мужской,,,,,,,,,,Грант 23-24,,,,,,,,Математика,Информатика,,Профессор (Professor),,,,,,,,,,,,,,,,"0",,,,,,,,"806",Ансар1,,,,,,,Казахский
12872,103,,"28657411","27559995",,,"356752919",,"11",,,,,,,,,,,,,,,Вечер,"16:15",,,,,,,,,,,"2023-11-29T00:00:00",,,"14",Вт-Ср-Чт-Пт-Сб,,,\,Да,"24-25",,"070317500801",,,,,,,"11",,,,,,,"8048",,,,,,"16382,75",,,РО,,Мужской,,,,,,,,,,Грант 23-24,,,,,,,,Математика,Физика,,Мегамозг (Megamind),,,,,,,,,,,,,,,,"0",,,,,,,Никто,"8335",Дулати,Әбілда Аббас,,,ЕНТ,,,
12878,103,,"28659601","28640527",,,"356753116",,"5",,,,,,,,,,,,,,,Вечер,"16:15",,,,,,,,"2024-06-13T00:00:00",,"2024-06-12T00:00:00","2023-11-29T00:00:00",,,"12",Пн-Вт-Ср-Чт-Пт,,,усиленная подготовка / жогаргы денгейдегы группага отыргызу керек математикадан,Да,"23-24",,"070517600994",,,,,,,"11",,,,,,,"9280",,,,,,"9279,5",,"24",КО,,Женский,,,,,,,,,,Грант 23-24,,,,,,,,Математика,География,,Профессор (Professor),,,,,,,,,,,,,,,,"0",,,,,,,Никто,,Желтоксан,Мухамеджан Аружан,,,ЕНТ,,,
12881,101,,"28187547",,,,"363916525",,"5",,,"594",,,,,,,,,,,,Вечер,"17:20",,"350",,,,,,,"2024-06-06T00:00:00",,"2023-09-06T00:00:00",,,"1",Пн-Вт-Ср-Чт-Пт,,,Нет проблем,,"23-24",,"061004651742",,,,,,,"11",,,,,,,"13851",,,,,,"29244",,,РО,,Мужской,,,,,,,,,,Грант 23-24,,,,,,,,Математика,Физика,,Легенда I (Legend I),,,,,,,,,,,,,,,,"0",,,,,,,,"14449",Ансар1,,,,,,,Русский
12903,103,,"28681209","28677799",,,"356752994",,Нет школы,,,,,,,,,,,,,,,Вечер,"16:15",,,,,,,,"2023-12-24T00:00:00",,,"2023-12-06T00:00:00",,,"7",Пн-Вт-Ср-Чт-Пт,,,",",Да,"23-24",,"060412601305",,,,,,,"12",,,,,,,"888",,,,,,"888",,"29",КО,,Мужской,,,,,,,,,,Грант 23-24,,,,,,,,Математика,География,,Новобранец (Recruit),,,,,,,,,,,,,,,,"0",,,,,,,Никто,,Желтоксан,Әбілда Аббас,,,ЕНТ,,,
12919,101,,"28474381","28449279",,,"362405557",,"1",,,"2780",,,,,,,,,,,,Вечер,"17:20",,"1083",,,,,,,"2024-06-11T00:00:00",,"2023-10-11T00:00:00",,,"14",Пн-Вт-Ср-Чт-Пт,,,Пробелы за раннее классы,,"23-24",,"070309550844",,,,,,,"11",,,,,,,"4118",,,,,,"20013",,,РО,,Мужской,,,,,,,,,,Грант 23-24,,,,,,,,Химия,Биология,,Босс (AIBoss),,,,,,,,,,,,,,,,"0",,,,,,,,"3234",Ансар1,,"8798",,ЕНТ,,,Русский
12923,103,,"28722739","27563311",,,"356753098",,Другое,,,,,,,,,,,,,,,Вечер,"16:15",,,,,,,,,,,"2023-12-13T00:00:00",,,"3",Пн-Вт-Ср-Чт-Пт,,,усиленная подготовка,Да,"23-24",,"070423500243",,,,,,,"11",,,,,,,"672",,,,,,"1377",,,КО,,Мужской,,,,,,,,,,Грант 23-24,,,,,,,,Математика,Физика,,Новобранец (Recruit),,,,,,,,,,,,,,,,"0",,,,,,,Никто,"705",Желтоксан,Мухамеджан Аружан,,,ЕНТ,,,
12924,103,,"28723007","28704925",,,"356752868",,"46",,,,,,,,,,,,,,,Вечер,"16:15",,,,,,,,"2024-04-20T00:00:00",,,"2023-12-13T00:00:00",,,"10",Вт-Ср-Чт-Пт-Сб,,,"0",Да,"23-24",,"061122600670",,,,,,,"11",,,,,,,,,,,,,"4644",,"26",РО,,Мужской,,,,,,,,,,Грант 23-24,,,,,,,,Химия,Биология,,Грандмастер (Grandmaster),,,,,,,,,,,,,,,,"0",,,,,,,Никто,,Дулати,Сапар Жолбарыс,"4644",,ЕНТ,,,
12958,101,,"28648379",,,,"384333452",,"54",,,"9324",,,,,,,,,,,,Вечер,"17:20",,"2625",,,,,,,"2024-05-18T00:00:00",,"2023-11-22T00:00:00",,,"12",Вт-Ср-Чт-Пт-Сб,,,Пробелы за раннее классы,,"23-24",,"070830550847",,,,,,,"11",,,,,,,"21459",,,,,,"51610",,,КО,,Мужской,,,,,,,,,,Грант 23-24,,,,,,,,Математика,Физика,,Легенда III (Legend III),,,,,,,,,,,,,,,,"0",,,,,,,Аружан Маралбековна,"18202",Ансар1,,,,,,,Казахский
12968,103,,"28775245","28768097",,,,,"15",,,,,,,,,,,,,,,Вечер,"16:15",,,,,,,,,,,"2024-01-10T00:00:00",,,"12",Пн-Вт-Ср-Чт-Пт,,,"0",,"23-24",,"061125500640",,,,,,,"11",,,,,,,"7439",,,,,,"7438,5",,,КО,,Мужской,,,,,,,,,,Грант 23-24,,,,,,,,Математика,Информатика,,Грандмастер (Grandmaster),,,,,,,,,,,,,,,,"0",,,,,,,Никто,,Желтоксан,Сарсеналиев Нурлан,,,ЕНТ,,,
13042,103,,"28803459","28791825",,,"362398886",,Дарын,,,,,,,,,,,,,,,Вечер,"16:15",,,,,,,,"2024-06-09T00:00:00",,"2024-06-08T00:00:00","2024-01-10T00:00:00",,,"6",Вт-Ср-Чт-Пт-Сб,,,"0",,"23-24",,"070702552460",,,,,,,"11",,,,,,,"7958",,,,,,"15416,5",,"21",РО,,Мужской,,,,,,,,,,Грант 23-24,,,,,,,,Математика,Физика,,Мегамозг (Megamind),,,,,,,,,,,,,,,,Дозвон,,,,,,,Никто,"7459",Дулати,Сапар Жолбарыс,,,ЕНТ,,,
13062,103,,"28810409","27593193",,,"361680153",,"1 им. Пушкина",,,,,,,,,,,,,,,Вечер,"16:15",,,,,,,,,,,"2024-01-18T00:00:00",,,"7",Вт-Ср-Чт-Пт-Сб,,,"1",,"23-24",,"060930600630",,,,,,,"11",,,,,,,,,,,,,"0",,,РО,,Мужской,,,,,,,,,,Грант 23-24,,,,,,,,География,Биология,,Новобранец (Recruit),,,,,,,,,,,,,,,,Недозвон,,,,,,,Никто,,Дулати,Өксікбай Ақжан,,,ЕНТ,,,
13083,103,,"28820669","28803533",,,,,"80",,,,,,,,,,,,,,,Вечер,"16:15",,,,,,,,"2024-03-08T00:00:00","2024-06-17T00:00:00",,"2024-01-17T00:00:00",,,"6",Пн-Вт-Ср-Чт-Пт,,,"0",,"23-24",,"070224600109",,,,,,,"11",,,,,,,"5493",,,,,,"11161,5",,"16",КО,,Женский,,,,,,,,,,Грант 23-24,,,,,,,,Математика,Физика,,Профессор (Professor),,,,,,,,,,,,,,,,"0",,,,,,,Никто,"5669",Желтоксан,Сарсеналиев Нурлан,,,ЕНТ,,,
13096,103,,"28828921",,,,"362867932",,"28",,,,,,,,,,,,,,,Вечер,"16:15",,,,,,,,"2024-02-29T00:00:00",,,"2024-01-17T00:00:00",,,"9",Вт-Ср-Чт-Пт-Сб,,,усиленная работа / есть большие пробелы / больше инд подхода от тренеров,Да,"23-24",,"060416500709",,,,,,,"11",,,,,,,"156",,,,,,"156",,"14",РО,,Мужской,,,,,,,,,,Грант 23-24,,,,,,,,Математика,Информатика,,Новобранец (Recruit),,,,,,,,,,,,,,,,"0",,,,,,,Никто,,Дулати,Мухамеджан Аружан,,,ЕНТ,,,
13201,103,,"28891897","28887115",,,,,Другое,,,,,,,,,,,,,,,Вечер,"16:15",,,,,,,,"2024-04-17T00:00:00",,,"2024-01-31T00:00:00",,,"14",Пн-Вт-Ср-Чт-Пт,,,--,,"23-24",,"070111602408",,,,,,,"11",,,,,,,,,,,,,"717",,"0",КО,,Мужской,,,,,,,,,,Грант 23-24,,,,,,,,Химия,Биология,,Новобранец (Recruit),,,,,,,,,,,,,,,,"0",,,,,,,Никто,,Желтоксан,Сапар Жолбарыс,"717",,ЕНТ,,,
13206,103,,"28895493","28877871",,,"368001553",,Нет школы,,,,,,,,,,,,,,,Вечер,"16:15",,,,,,,,,,,"2024-02-07T00:00:00",,,"1",Вт-Ср-Чт-Пт-Сб,,,--,,"23-24",,"070417601512",,,,,,,"11",,,,,,,,,,,,,"4508",,,РО,,Женский,,,,,,,,,,Грант 23-24,,,,,,,,Химия,Биология,,Грандмастер (Grandmaster),,,,,,,,,,,,,,,,"0",,,,,,,Никто,,Дулати,Сарсеналиев Нурлан,"4508",,ЕНТ,,,
13210,103,,"28897161","28876229",,,,,Другое,,,,,,,,,,,,,,,Вечер,"16:15",,,,,,,,,,,"2024-02-07T00:00:00",,,"13",Пн-Вт-Ср-Чт-Пт,,,Больше доп материалов давать ученику,,"23-24",,"070630550512",,,,,,,"11",,,,,,,"1443",,,,,,"1443",,,КО,,Мужской,,,,,,,,,,Грант 23-24,,,,,,,,Математика,Информатика,,Новобранец (Recruit),,,,,,,,,,,,,,,,"0",,,,,,,Никто,,Желтоксан,Сарсеналиев Нурлан,,,ЕНТ,,,
13236,103,,"28940355","28940253",,,"373557632",,Нет школы,,,,,,,,,,,,,,,Вечер,"16:15",,,,,,,,"2024-05-13T00:00:00",,"2024-05-06T00:00:00","2024-02-14T00:00:00",,,"13",Вт-Ср-Чт-Пт-Сб,,,+,,"23-24",,"061004602318",,,,,,,"11",,,,,,,"2409",,,,,,"2409",,"3",РО,,Мужской,,,,,,,,,,Грант 23-24,,,,,,,,Математика,Информатика,,Мастер (Master),,,,,,,,,,,,,,,,"0",,,,,,,Никто,,Дулати,Өксікбай Ақжан,,,ЕНТ,,,
13251,101,,"27358261",,,,,,"60",,,"1226",,,,,,,,,,,,Вечер,"17:20",,"673",,,,,,,,,"2022-01-27T00:00:00",,,"2",Пн-Ср-Пт,,,Нет проблем,,,,"060216551200",,,,,,,"11",,,,,,,"11918",,,,,,"24258",,,РО,,Мужской,,,,,,,,,,Грант 22-23,,,,,,,,,,,Босс (AIBoss),,,,,,,,,,,,,,,,Дозвон,,,,,,,,"10441",Олимп Палас,,,,,,,Русский
13268,103,,"28983797","28973733",,,"372091591",,Нет школы,,,,,,,,,,,,,,,Вечер,"15:05",,,,,,,,"2024-06-20T00:00:00",,"2024-06-19T00:00:00","2024-02-21T00:00:00",,,"3",Вт-Ср-Чт-Пт-Сб,,,учится одноклассница Ташпулатова Индира,,"23-24",,"070223600409",,,,,,,"11",,,,,,,,,,,,,"4168",,"17",РО,,Женский,,,,,,,,,,Грант 23-24,,,,,,,,Химия,Биология,,Мастер (Master),,,,,,,,,,,,,,,,Дозвон,,,,,,,Никто,,Дулати,Сарсеналиев Нурлан,"4168",,ЕНТ,,,
13288,103,,"29009041","28975365",,,,,"14",,,,,,,,,,,,,,,Вечер,"16:15",,,,,,,,,,,"2024-02-28T00:00:00",,,"3",Вт-Ср-Чт-Пт-Сб,,,Посадить вместе с Анваровой Севинч,,"23-24",,"070613601944",,,,,,,"11",,,,,,,,,,,,,"3028",,,РО,,Женский,,,,,,,,,,Грант 23-24,,,,,,,,Химия,Биология,,Мастер (Master),,,,,,,,,,,,,,,,Дозвон,,,,,,,Никто,,Дулати,Сарсеналиев Нурлан,"3028",,ЕНТ,,,
13294,102,,"26230907",,,,"364347265",,"129",,,"6037",,,,,,,,,,,,Обед,"14:00",,"3425",,,,,,,"2023-05-16T00:00:00",,"2022-09-14T00:00:00","2024-05-03T00:00:00",,"11",Пн-Вт-Ср-Чт-Пт,,,,,"24-25",,"060626502053",,,,,,,"11",,,,,,,"22825",,,,,,"48698,5",,,РО,,Мужской,,,,,,,,,,Грант 23-24,,,,,,,,Математика,География,,Легенда III (Legend III),,,,,,,,,,,,,,,,Дозвон,,,,,,,Томирис Султанкызы,"16412",Основной,,,,,,,
13419,101,,"39706739",,,,,,"45",,,"936",,,,,,,,,,,,Вечер,"17:20",,"443",,,,,,,"2023-06-08T00:00:00",,"2023-03-06T00:00:00",,,"6",Пн-Ср-Пт,,,,,,,"050830551128",,,,,,,"11",,,,,,,"1748",,,,,,"15844,5",,,РО,,Мужской,,,,,,,,,,Грант 22-23,,,,,,,,Химия,Биология,,Мегамозг (Megamind),,,,,,,,,,,,,,,,"0",,,,,,,Искандер Маликович,"1961",Олимп Палас,,"10757",,,,,Русский
13429,101,,"37531829",,,,,,"40",,,"603",,,,,,,,,,,,Вечер,"17:20",,"526",,,,,,,"2023-05-09T00:00:00",,"2022-10-05T00:00:00",,,"8",Пн-Ср-Пт,,,Пробелы за раннее классы,,,,"051028550102",,,,,,,"11",,,,,,,"9405",,,,,,"11314,5",,,РО,,Мужской,,,,,,,,,,Грант 22-23,,,,,,,,Математика,Информатика,,Профессор (Professor),,,,,,,,,,,,,,,,"0",,,,,,,Искандер Маликович,"781",Олимп Палас,,,,,,,Русский
13442,101,,"28400545",,,,"370349323",,"62",,,"7436",,,,,,,,,,,,Вечер,"17:20",,"2868",,,,,,,"2024-05-28T00:00:00",,"2023-09-28T00:00:00",,,"14",Вт-Ср-Чт-Пт-Сб,,,Пробелы за раннее классы,,"23-24",,"070530550826",,,,,,,"11",,,,,,,"17891",,,,,,"44816",,,КО,,Мужской,,,,,,,,,,Грант 23-24,,,,,,,,Математика,Физика,,Легенда II (Legend II),,,,,,,,,,,,,,,,"0",,,,,,,Искандер Маликович,"16621",Ансар1,,,,,,,Казахский
13443,101,,"28999501","28999389",,,"377379596",,"7",,,,,,,,,,,,,,,Вечер,"17:20",,,,,,,,,"2024-05-28T00:00:00",,"2024-02-28T00:00:00",,,"7",Пн-Вт-Ср-Чт-Пт,,,,,"23-24",,"061024600310",,,,,,,"11",,,,,,,"4250",,,,,,"4250",,,РО,,Женский,,,,,,,,,,Грант 23-24,,,,,,,,Математика,Информатика,,Мастер (Master),,,,,,,,,,,,,,,,Дозвон,,,,,,,Никто,,Ансар1,Тогжан Болебаевна,,,ЕНТ,,,
13490,101,,"29001937","29042299",,,"373813487",,"4",,,,,,,,,,,,,,,Вечер,"17:20",,,,,,,,,"2024-06-23T00:00:00",,"2024-02-23T00:00:00",,,"6",Пн-Вт-Ср-Чт-Пт,,,,,"23-24",,"060330551356",,,,,,,"11",,,,,,,"3480",,,,,,"3480",,,РО,,Мужской,,,,,,,,,,Грант 23-24,,,,,,,,Математика,Информатика,,Мастер (Master),,,,,,,,,,,,,,,,Дозвон,,,,,,,Никто,,Ансар1,Айгерим Мейрамовна,,,ЕНТ,,,
13667,101,,"28758637",,,,"362464068",,"59",,,"7551",,,,,,,,,,,,Вечер,"17:20",,"1923",,,,,,"2024-06-16T00:00:00","2024-04-15T00:00:00","2024-06-15T00:00:00","2023-11-15T00:00:00",,,"10",Вт-Чт-Сб,,,Нет проблем,,"23-24",,"061230551339",,,,,,,"11",,,,,,,"13675",,,,,,"28704",,"8",КО,,Мужской,,,,,,,,,,Грант 23-24,,,,,,,,Математика,География,,Легенда I (Legend I),,,,,,,,,,,,,,,,"0",,,,,,,Искандер Маликович,"5555",Ансар1,,,,,,,Казахский
13793,103,,"29143883","29143611",,,"381453172",,Другое,,,,,,,,,,,,,,,Вечер,"16:15",,,,,,,,"2024-04-30T00:00:00",,,"2024-04-03T00:00:00",,,"1",Пн-Вт-Ср-Чт-Пт,,,усиленная подготовка керек,,"23-24",,"070710550051",,,,,,,"11",,,,,,,"1125",,,,,,"2155",,"0",КО,,Мужской,,,,,,,,,,Грант 23-24,,,,,,,,Математика,Физика,,Мастер (Master),,,,,,,,,,,,,,,,"0",,,,,,,Никто,"1030",Желтоксан,Мухамеджан Аружан,,,ЕНТ,,,
13825,103,,"29159983","29156317",,,"387508092",,Другое,,,,,,,,,,,,,,,Вечер,"16:15",,,,,,,,"2024-05-26T00:00:00",,"2024-05-13T00:00:00","2024-04-03T00:00:00",,,"11",Пн-Вт-Ср-Чт-Пт,,,.,,"23-24",,"070629650543",,,,,,,"11",,,,,,,,,,,,,"1682,5",,"2",КО,,Женский,,,,,,,,,,Грант 23-24,,,,,,,,Химия,Биология,,Мастер (Master),,,,,,,,,,,,,,,,"0",,,,,,,Никто,,Желтоксан,Әбілда Аббас,"1683",,ЕНТ,,,
13838,103,,"29177951","29177741",,,"385906893",,Другое,,,,,,,,,,,,,,,Вечер,"16:15",,,,,,,,,,,"2024-04-10T00:00:00",,,"13",Пн-Вт-Ср-Чт-Пт,,,"0",Да,"23-24",,"070319601242",,,,,,,"11",,,,,,,,,,,,,"2351",,,КО,,Мужской,,,,,,,,,,Грант 23-24,,,,,,,,Химия,Биология,,Мастер (Master),,,,,,,,,,,,,,,,"0",,,,,,,Никто,,Желтоксан,Сапар Жолбарыс,"2351",,ЕНТ,,,
13839,103,,"29178063","28798509",,,"384517072",,Другое,,,,,,,,,,,,,,,Вечер,"15:05",,,,,,,,,,,"2024-04-10T00:00:00",,,"8",Пн-Вт-Ср-Чт-Пт,,,"0",,"23-24",,"061203600958",,,,,,,"11",,,,,,,,,,,,,"0",,,КО,,Мужской,,,,,,,,,,Грант 23-24,,,,,,,,География,Биология,,Новобранец (Recruit),,,,,,,,,,,,,,,,"0",,,,,,,Никто,,Желтоксан,Багдат Талгатулы,,,ЕНТ,,,
13843,101,,"35249619",,,,,,"54",,,"920",,,,,,,,,,,,Обед,"14:00",,"473",,,,,,,"2023-06-03T00:00:00",,"2022-06-01T00:00:00",,,"1",Вт-Чт-Сб,,,,,,,"060318500191",,,,,,,"11",,,,,,,"12000",,,,,,"16626",,,КО,,Мужской,,,,,,,,,,Грант 22-23,,,,,,,,Математика,Информатика,,Мегамозг (Megamind),,,,,,,,,,,,,,,,"0",,,,,,,Зарина Кайратовна,"3233",Ансар1,,,,,,,Казахский
13843,103,,"29180941","29163495",,,"382879756",,Другое,,,,,,,,,,,,,,,Вечер,"16:15",,,,,,,,,,,"2024-04-10T00:00:00",,,"6",Пн-Вт-Ср-Чт-Пт,,,усиленная подготовка,,"23-24",,"041122651324",,,,,,,"12",,,,,,,"458",,,,,,"458",,,КО,,Женский,,,,,,,,,,Грант 23-24,,,,,,,,Математика,Информатика,,Новобранец (Recruit),,,,,,,,,,,,,,,,"0",,,,,,,Никто,,Желтоксан,Мухамеджан Аружан,,,ЕНТ,,,
13897,103,,"29264387","29263889",,,"386472975",,Другое,,,,,,,,,,,,,,,Вечер,"16:15",,,,,,,,"2024-06-21T00:00:00",,"2024-06-20T00:00:00","2024-05-02T00:00:00",,,"5",Пн-Вт-Ср-Чт-Пт,,,+,Да,"23-24",,"070112500044",,,,,,,"11",,,,,,,"824",,,,,,"1607",,"9",КО,,Мужской,,,,,,,,,,Грант 23-24,,,,,,,,Математика,Физика,,Мастер (Master),,,,,,,,,,,,,,,,"0",,,,,,,Никто,"783",Желтоксан,Өксікбай Ақжан,,,ЕНТ,,,
14005,101,,"28418481","28417655",,,"361245770",,РФМШ,,,"4256",,,,,,,,,,,,Вечер,"17:20",,"869",,,,,,,"2024-02-28T00:00:00",,"2023-09-28T00:00:00",,,,Вт-Ср-Чт-Пт-Сб,,,,,"23-24",,"070118550162",,,,,,,"11",,,,,,,"14663",,,,,,"23822",,,КО,,Мужской,,,,,,,,,,Грант 23-24,,,,,,,,Математика,Информатика,,Босс (AIBoss),,,,,,,,,,,,,,,,"0",,,,,,,Искандер Маликович,"4034",Ансар1,,,,,,,Казахский
14013,101,,"29170049","29165485",,,,,"7",,,,,,,,,,,,,,,Вечер,"17:20",,,,,,,,"2024-06-05T00:00:00",,"2024-06-04T00:00:00","2024-04-04T00:00:00",,,"12",Вт-Чт-Сб,,,,,"23-24",,"061220651422",,,,,,,"11",,,,,,,"2890",,,,,,"2890",,"12",КО,,Мужской,,,,,,,,,,Грант 23-24,,,,,,,,Математика,Физика,,Мастер (Master),,,,,,,,,,,,,,,,Дозвон,,,,,,,Никто,,Ансар1,Тогжан Болебаевна,,,ЕНТ,,,
14014,101,,"34425095",,,,,,BINOM SCHOOL имени Ахмета Байтурсынулы,,,,,,,,,,,,,,,Вечер,"17:20",,,,,,,,,"2023-05-19T00:00:00",,"2022-08-17T00:00:00",,,"5",Вт-Чт-Сб,,,,,,,"050819551227",,,,,,,"11",,,,,,,"12949",,,,,,"12948,5",,,КО,,Мужской,,,,,,,,,,Грант 22-23,,,,,,,,Математика,География,,Мегамозг (Megamind),,,,,,,,,,,,,,,,"0",,,,,,,Искандер Маликович,,Ансар1,,,,,,,Казахский
14075,103,,"29429077","29427843",,,"394877326",,"14",,,,,Level 2 p.2,,,"4.2",,,,,,,Вечер,"15:05",,,,,,,,,,,"2024-06-18T00:00:00",,,"2",Вт-Ср-Чт-Пт-Сб,,,"0",Да,"23-24",,"070416501868",,,,,,,"11",,,,,,,"664",,,,,,"1443,5",,,РО,,Мужской,,,,,,,,,,Грант 23-24,,,,,,,,Математика,Физика,,Новобранец (Recruit),,,,,,,,,,,,,,,,Дозвон,,,,,,,Никто,"780",Дулати,Багдат Талгатулы,,,ЕНТ,,,
14088,103,,"29439087",,,,,,Другое,,,,,,,,,,,,,,,Обед,"14:00",,,,,,,,,"2024-07-02T00:00:00",,"2024-06-21T00:00:00",,,"14",Пн-Вт-Ср-Чт-Пт,,,,,"23-24",,"070912550387",,,,,,,"11",,,,,,,"2226",,,,,,"2226",,,КО,,Женский,,,,,,,,,,Грант 23-24,,,,,,,,Математика,Физика,,Мастер (Master),,,,,,,,,,,,,,,,"0",,,,,,,,,Желтоксан,,,,,,,
14114,103,,"29450021","29434455",,,"396850240",,"46",,,,,Level 1 p.2,,,"4.1",,,,,,,Вечер,"15:05",,,,,,,,"2024-08-20T00:00:00",,"2024-08-19T00:00:00","2024-06-25T00:00:00",,,"10",Пн-Вт-Ср-Чт-Пт,,,"0",,"23-24",,"060802600317",,,,,,,"11",,,,,,,"2464",,,,,,"2464",,"9",РО,,Женский,,,,,,,,,,Неизвестно,,,,,,,,Математика,География,,Мастер (Master),,,,,,,,,,,,,,,,"0",,,,,,,Никто,,Дулати,Багдат Талгатулы,,,ЕНТ,,,
14120,101,,"35585784",,,,,,BINOM SCHOOL имени Ахмета Байтурсынулы,,,,,,,,,,,,,,,Вечер,"17:20",,,,,,,,,"2023-05-29T00:00:00",,"2022-07-27T00:00:00",,,"5",Вт-Чт-Сб,,,,,,,"060215651698",,,,,,,"11",,,,,,,"11333",,,,,,"11332,5",,,КО,,Женский,,,,,,,,,,Грант 22-23,,,,,,,,Математика,Информатика,,Профессор (Professor),,,,,,,,,,,,,,,,"0",,,,,,,Ерсаин Ахметулы,,Ансар1,,,,,,,Казахский
14262,101,,"42022213",,,,,,"72",,,"195",,,,,,,,,,,,Обед,"14:00",,,,,,,,,"2023-05-03T00:00:00",,"2023-02-01T00:00:00",,,"4",Вт-Чт-Сб,,,,,,,"041207550728",,,,,,,"11",,,,,,,"13252",,,,,,"13993",,,КО,,Мужской,,,,,,,,,,Грант 22-23,,,,,,,,Математика,Информатика,,Мегамозг (Megamind),,,,,,,,,,,,,,,,"0",,,,,,,Искандер Маликович,"546",Ансар1,,,,,,,
14287,101,,"36043183",,,,,,"76",,,,,,,,,,,,,,,Вечер,"17:20",,,,,,,,,"2023-05-15T00:00:00",,"2022-07-13T00:00:00",,,"5",Вт-Чт-Сб,,,,,,,"050708651527",,,,,,,"11",,,,,,,"14896",,,,,,"28588",,,КО,,Женский,,,,,,,,,,Грант 22-23,,,,,,,,Математика,Физика,,Легенда I (Legend I),,,,,,,,,,,,,,,,"0",,,,,,,Зарина Кайратовна,"13692",Ансар1,,,,,,,
14327,101,,"35992745",,,,,,"84",,,"380",,,,,,,,,,,,Вечер,"17:20",,,,,,,,,"2023-06-03T00:00:00",,"2022-08-01T00:00:00",,,"3",Пн-Ср-Пт,,,,,,,"051006651028",,,,,,,"11",,,,,,,"15503",,,,,,"15883",,,РО,,Женский,,,,,,,,,,Грант 22-23,,,,,,,,Математика,Информатика,,Мегамозг (Megamind),,,,,,,,,,,,,,,,"0",,,,,,,Искандер Маликович,,Олимп Палас,,,,,,,
14461,101,,"35872012",,,,,,BINOM SCHOOL имени Каныша Сатпаева,,,,,,,,,,,,,,,Вечер,"17:20",,,,,,,,,"2023-05-02T00:00:00",,"2022-08-31T00:00:00",,,"4",Вт-Чт-Сб,,,,,,,"050424551071",,,,,,,"11",,,,,,,"12913",,,,,,"13636,5",,,КО,,Мужской,,,,,,,,,,Грант 22-23,,,,,,,,Математика,Информатика,,Мегамозг (Megamind),,,,,,,,,,,,,,,,"0",,,,,,,Зарина Кайратовна,"724",Ансар1,,,,,,,
14492,101,,"27380499",,,,,,"17",,,"6555",,,,,,,,,,,,Вечер,"17:20",,,,,,,,,"2023-05-20T00:00:00",,"2022-07-18T00:00:00",,,"6",Пн-Ср-Пт,,,,,,,"070107501671",,,,,,,"11",,,,,,,"12476",,,,,,"29821",,,РО,,Мужской,,,,,,,,,,Грант 22-23,,,,,,,,Математика,Физика,,Легенда I (Legend I),,,,,,,,,,,,,,,,"0",,,,,,,Зарина Кайратовна,"10790",Олимп Палас,,,,,,,
14496,101,,,,,,,,"31",,,,,,,,,,,,,,,Вечер,"17:20",,,,,,,,,,,"2022-11-09T00:00:00",,,"4",Пн-Ср-Пт,,,,,,,"050918550603",,,,,,,"11",,,,,,,"10414",,,,,,"10648,5",,,РО,,Женский,,,,,,,,,,Грант 22-23,,,,,,,,Математика,Информатика,,Профессор (Professor),,,,,,,,,,,,,,,,Дозвон,,,,,,,,"235",Олимп Палас,,,,,,,Русский
14514,101,,,,,,,,"38",,,,,,,,,,,,,,,Вечер,"17:20",,,,,,,,,"2023-08-20T00:00:00",,"2022-08-18T00:00:00",,,"5",Вт-Чт-Сб,,,,,,,"060302650701",,,,,,,"11",,,,,,,"10714",,,,,,"14562",,,КО,,Женский,,,,,,,,,,Грант 22-23,,,,,,,,Математика,Информатика,,Мегамозг (Megamind),,,,,,,,,,,,,,,,"0",,,,,,,,"3848",Ансар1,,,,,,,
14532,101,,"37827089",,,,,,"59",,,,,,,,,,,,,,,Вечер,"17:20",,,,,,,,,"2023-05-22T00:00:00",,"2022-07-20T00:00:00",,,"5",Вт-Чт-Сб,,,,,,,"051125650354",,,,,,,"11",,,,,,,,,,,,,"14508",,,КО,,Женский,,,,,,,,,,Грант 22-23,,,,,,,,Химия,Биология,,Мегамозг (Megamind),,,,,,,,,,,,,,,,"0",,,,,,,,,Ансар1,,"14508",,,,,
14554,101,,"36950869",,,,,,BINOM SCHOOL имени Ахмета Байтурсынулы,,,,,,,,,,,,,,,Вечер,"17:20",,,,,,,,,"2023-06-03T00:00:00",,"2022-09-01T00:00:00",,,"5",Вт-Чт-Сб,,,,,,,"050902501073",,,,,,,"11",,,,,,,"14303",,,,,,"14302,5",,,КО,,Мужской,,,,,,,,,,Грант 22-23,,,,,,,,Математика,География,,Мегамозг (Megamind),,,,,,,,,,,,,,,,"0",,,,,,,Молдир Нурлыханкызы,,Ансар1,,,,,,,
14625,101,,"42060851",,,,,,"83",,,,,,,,,,,,,,,Вечер,"17:20",,,,,,,,,"2023-05-03T00:00:00",,"2023-02-01T00:00:00",,,"5",Вт-Чт-Сб,,,,,,,"050926551645",,,,,,,"11",,,,,,,"13435",,,,,,"26516",,,КО,,Мужской,,,,,,,,,,Грант 22-23,,,,,,,,Математика,Физика,,Босс (AIBoss),,,,,,,,,,,,,,,,Дозвон,,,,,,,Искандер Маликович,"13081",Ансар1,,,,,,,
14653,101,,"36529739",,,,,,"77",,,,,,,,,,,,,,,Вечер,"17:20",,,,,,,,,,,"2022-09-01T00:00:00",,,"6",Вт-Чт-Сб,,,,,,,"061027501537",,,,,,,"11",,,,,,,,,,,,,"10009",,,КО,,Мужской,,,,,,,,,,Грант 22-23,,,,,,,,Химия,Биология,,Профессор (Professor),,,,,,,,,,,,,,,,"0",,,,,,,,,Ансар1,,"10009",,,,,
14657,101,,"41756541",,,,,,"78",,,,,,,,,,,,,,,Обед,"14:00",,,,,,,,,"2023-05-18T00:00:00",,"2023-04-18T00:00:00",,,"8",Пн-Ср-Пт,,,,,,,"051105650933",,,,,,,"11",,,,,,,"11671",,,,,,"15735",,,РО,,Женский,,,,,,,,,,Грант 22-23,,,,,,,,География,Биология,,Мегамозг (Megamind),,,,,,,,,,,,,,,,"0",,,,,,,Зарина Кайратовна,"4064",Олимп Палас,,,,,,,
14669,101,,,,,,,,"20",,,,,,,,,,,,,,,Обед,"14:00",,,,,,,,,,,"2022-08-24T00:00:00",,,"6",Вт-Чт-Сб,,,,,,,"060709650645",,,,,,,"11",,,,,,,"12911",,,,,,"25018,5",,,КО,,Женский,,,,,,,,,,Грант 22-23,,,,,,,,Математика,Физика,,Босс (AIBoss),,,,,,,,,,,,,,,,"0",,,,,,,,"12108",Ансар1,,,,,,,
14678,101,,,,,,,,"32",,,,,,,,,,,,,,,Вечер,"17:20",,,,,,,,,,,"2022-07-21T00:00:00",,,"8",Пн-Ср-Пт,,,,,,,"051103550972",,,,,,,"11",,,,,,,"14316",,,,,,"14416",,,РО,,Мужской,,,,,,,,,,Грант 22-23,,,,,,,,Математика,Информатика,,Мегамозг (Megamind),,,,,,,,,,,,,,,,"0",,,,,,,,"100",Олимп Палас,,,,,,,
14739,101,,"38366785",,,,,,"27",,,,,,,,,,,,,,,Обед,"14:00",,,,,,,,,"2023-05-05T00:00:00",,"2022-08-01T00:00:00",,,"7",Пн-Ср-Пт,,,,,,,"060528550090",,,,,,,"11",,,,,,,"11440",,,,,,"21293",,,РО,,Мужской,,,,,,,,,,Грант 22-23,,,,,,,,Математика,Физика,,Босс (AIBoss),,,,,,,,,,,,,,,,"0",,,,,,,Зарина Кайратовна,"9853",Олимп Палас,,,,,,,
14740,101,,"36750523",,,,,,"72",,,,,,,,,,,,,,,Обед,"14:00",,,,,,,,,"2023-05-29T00:00:00",,"2022-07-27T00:00:00",,,"6",Пн-Ср-Пт,,,,,,,"050929551126",,,,,,,"11",,,,,,,"15269",,,,,,"15269",,,КО,,Мужской,,,,,,,,,,Грант 22-23,,,,,,,,Математика,Информатика,,Мегамозг (Megamind),,,,,,,,,,,,,,,,"0",,,,,,,Молдир Нурлыханкызы,,Ансар1,,,,,,,
14755,101,,"37108339",,,,,,"86",,,"14215",,,,,,,,,,,,Обед,"14:00",,,,,,,,,"2023-05-29T00:00:00",,"2022-07-27T00:00:00",,,"4",Вт-Чт-Сб,,,,,,,"050724651386",,,,,,,"11",,,,,,,,,,,,,"14214,5",,,КО,,Женский,,,,,,,,,,Грант 22-23,,,,,,,,Английский язык,Всемирная история,,Мегамозг (Megamind),,,,,,,,,,,,,,,,"0",,,,,,,Молдир Нурлыханкызы,,Ансар1,,,,,,,
14759,102,,,,,,,,"173",,,"2176",,,,,,,,,,,,Обед,"14:00",,"734",,,,,,,,,"2022-09-03T00:00:00","2023-05-26T00:00:00",,"8",,,,,,,,"050616500902",,,,,,,"11",,,,,,,"15203",,,,,,"31105",,,КО,,Мужской,,,,,,,,,,Грант 22-23,,,,,,,,Математика,Физика,,Легенда I (Legend I),,,,,,,,,,,,,,,,"0",,,,,,,,"11846",Основной,,"1146",,,,,Казахский
14776,101,,,,,,,,BINOM SCHOOL имени Ахмета Байтурсынулы,,,,,,,,,,,,,,,Обед,"14:00",,,,,,,,,,,"2022-07-27T00:00:00",,,"5",Пн-Ср-Пт,,,,,,,"050526550810",,,,,,,"11",,,,,,,"12834",,,,,,"12833,5",,,КО,,Мужской,,,,,,,,,,Грант 22-23,,,,,,,,Математика,Информатика,,Мегамозг (Megamind),,,,,,,,,,,,,,,,"0",,,,,,,,,Ансар1,,,,,,,
14797,101,,"36640535",,,,,,"75",,,,,,,,,,,,,,,Вечер,"17:20",,,,,,,,,"2023-06-06T00:00:00",,"2022-08-31T00:00:00",,,"6",Пн-Ср-Пт,,,,,,,"050912551024",,,,,,,"11",,,,,,,"9847",,,,,,"17457",,,РО,,Мужской,,,,,,,,,,Грант 22-23,,,,,,,,География,География,,Мегамозг (Megamind),,,,,,,,,,,,,,,,"0",,,,,,,Зарина Кайратовна,"7610",Олимп Палас,,,,,,,
14800,101,,,,,,,,"79",,,,,,,,,,,,,,,Вечер,"17:20",,,,,,,,,"2023-05-12T00:00:00",,"2022-08-10T00:00:00",,,"5",Вт-Чт-Сб,,,,,,,"060505650428",,,,,,,"11",,,,,,,"12022",,,,,,"12374",,,КО,,Женский,,,,,,,,,,Грант 22-23,,,,,,,,Математика,Физика,,Мегамозг (Megamind),,,,,,,,,,,,,,,,"0",,,,,,,Молдир Нурлыханкызы,"352",Ансар1,,,,,,,
14823,101,,"34381547",,,,,,"80",,,"7658",,,,,,,,,,,,Обед,"14:00",,,,,,,,,"2023-06-05T00:00:00",,"2022-08-03T00:00:00",,,"10",Пн-Ср-Пт,,,,,,,"050706551490",,,,,,,"11",,,,,,,"80",,,,,,"7738",,,РО,,Мужской,,,,,,,,,,Грант 22-23,,,,,,,,Английский язык,Всемирная история,,Грандмастер (Grandmaster),,,,,,,,,,,,,,,,"0",,,,,,,Искандер Маликович,,Олимп Палас,,,,,,,
14825,101,,"36706517",,,,,,"22",,,,,,,,,,,,,,,Обед,"14:00",,,,,,,,,"2023-05-05T00:00:00",,"2022-08-03T00:00:00",,,"6",Пн-Ср-Пт,,,,,,,"060108651478",,,,,,,"11",,,,,,,"13312",,,,,,"13312",,,РО,,Женский,,,,,,,,,,Грант 22-23,,,,,,,,География,География,,Мегамозг (Megamind),,,,,,,,,,,,,,,,"0",,,,,,,Акарыс Мухитулы,,Олимп Палас,,,,,,,
14834,101,,"41516351",,,,,,"40",,,"801",,,,,,,,,,,,Вечер,"17:20",,,,,,,,,"2023-05-05T00:00:00",,"2022-08-03T00:00:00",,,"1",Вт-Чт-Сб,,,,,,,"060225650317",,,,,,,"11",,,,,,,"14948",,,,,,"16421,5",,,КО,,Женский,,,,,,,,,,Грант 22-23,,,,,,,,Математика,Информатика,,Мегамозг (Megamind),,,,,,,,,,,,,,,,"0",,,,,,,,"673",Ансар1,,,,,,,
14886,101,,"42125653",,,,,,"85",,,,,,,,,,,,,,,Обед,"14:00",,,,,,,,,"2023-06-09T00:00:00",,"2023-02-07T00:00:00",,,"6",Пн-Ср-Пт,,,,,,,"060106551619",,,,,,,"11",,,,,,,"15667",,,,,,"15666,5",,,КО,,Мужской,,,,,,,,,,Грант 22-23,,,,,,,,Математика,Информатика,,Мегамозг (Megamind),,,,,,,,,,,,,,,,"0",,,,,,,Акарыс Мухитулы,,Ансар1,,,,,,,
14887,101,,"37478187",,,,,,"85",,,,,,,,,,,,,,,Обед,"14:00",,,,,,,,,"2023-05-05T00:00:00",,"2022-08-03T00:00:00",,,"6",Вт-Чт-Сб,,,,,,,"061106650461",,,,,,,"11",,,,,,,"10447",,,,,,"10447",,,КО,,Женский,,,,,,,,,,Грант 22-23,,,,,,,,Математика,Информатика,,Профессор (Professor),,,,,,,,,,,,,,,,"0",,,,,,,Молдир Нурлыханкызы,,Ансар1,,,,,,,
14892,101,,"37204041",,,,,,"79",,,,,,,,,,,,,,,Обед,"14:00",,,,,,,,,"2023-05-05T00:00:00",,"2022-08-03T00:00:00",,,"6",Пн-Ср-Пт,,,,,,,"050817650670",,,,,,,"11",,,,,,,"15190",,,,,,"16608",,,КО,,Женский,,,,,,,,,,Грант 22-23,,,,,,,,Математика,Информатика,,Мегамозг (Megamind),,,,,,,,,,,,,,,,"0",,,,,,,Зарина Кайратовна,"1418",Ансар1,,,,,,,
14909,101,,"36750717",,,,,,"4",,,"92,5",,,,,,,,,,,,Обед,"14:00",,,,,,,,,"2023-06-07T00:00:00",,"2022-08-05T00:00:00",,,"3",Вт-Чт-Сб,,,,,,,"060623600867",,,,,,,"11",,,,,,,"10137",,,,,,"10229",,,КО,,Женский,,,,,,,,,,Грант 22-23,,,,,,,,Математика,Информатика,,Профессор (Professor),,,,,,,,,,,,,,,,"0",,,,,,,Зарина Кайратовна,,Ансар1,,,,,,,
14913,101,,,,,,,,"4",,,,,,,,,,,,,,,Обед,"14:00",,,,,,,,,,,"2022-08-10T00:00:00",,,"6",Вт-Чт-Сб,,,,,,,"060330500761",,,,,,,"11",,,,,,,"12414",,,,,,"12414",,,КО,,Мужской,,,,,,,,,,Грант 22-23,,,,,,,,Математика,Информатика,,Мегамозг (Megamind),,,,,,,,,,,,,,,,"0",,,,,,,,,Ансар1,,,,,,,
14978,101,,"38360363",,,,,,"50",,,,,,,,,,,,,,,Вечер,"17:20",,,,,,,,,"2023-05-12T00:00:00",,"2022-08-10T00:00:00",,,"5",Пн-Ср-Пт,,,,,,,"060408550266",,,,,,,"11",,,,,,,"13409",,,,,,"13409",,,КО,,Мужской,,,,,,,,,,Грант 22-23,,,,,,,,Математика,Информатика,,Мегамозг (Megamind),,,,,,,,,,,,,,,,"0",,,,,,,,,Ансар1,,,,,,,
14982,101,,"41794323",,,,,,"75",,,,,,,,,,,,,,,Обед,"14:00",,,,,,,,,"2023-05-15T00:00:00",,"2023-04-15T00:00:00",,,"4",Пн-Ср-Пт,,,,,,,"060904550173",,,,,,,"11",,,,,,,"12310",,,,,,"12310",,,РО,,Мужской,,,,,,,,,,Грант 22-23,,,,,,,,География,,,Мегамозг (Megamind),,,,,,,,,,,,,,,,"0",,,,,,,Акарыс Мухитулы,,Олимп Палас,,,,,,,
15011,101,,"37409945",,,,,,BINOM SCHOOL имени Ахмета Байтурсынулы,,,,,,,,,,,,,,,Вечер,"17:20",,,,,,,,,,,"2022-09-14T00:00:00",,,"4",Пн-Ср-Пт,,,,,,,"06209600145",,,,,,,"11",,,,,,,"8239",,,,,,"16765",,,КО,,Женский,,,,,,,,,,Грант 22-23,,,,,,,,Математика,Физика,,Мегамозг (Megamind),,,,,,,,,,,,,,,,"0",,,,,,,,"8526",Ансар1,,,,,,,
15041,101,,"36896865",,,,,,"75",,,,,,,,,,,,,,,Вечер,"17:20",,,,,,,,,"2023-06-04T00:00:00",,"2022-09-02T00:00:00",,,"2",Вт-Чт-Сб,,,,,,,"060119651081",,,,,,,"11",,,,,,,"15844",,,,,,"28874",,,РО,,Женский,,,,,,,,,,Грант 22-23,,,,,,,,Математика,Физика,,Легенда I (Legend I),,,,,,,,,,,,,,,,"0",,,,,,,Зарина Кайратовна,"13030",Олимп Палас,,,,,,,
15057,101,,"27398579",,,,,,BINOM SCHOOL имени Алихана Букейхана,,,,,,,,,,,,,,,Вечер,"17:20",,,,,,,,,"2023-05-19T00:00:00",,"2022-08-17T00:00:00",,,"4",Вт-Чт-Сб,,,,,,,"050918550584",,,,,,,"11",,,,,,,"6068",,,,,,"12283",,,КО,,Женский,,,,,,,,,,Грант 22-23,,,,,,,,Математика,Физика,,Мегамозг (Megamind),,,,,,,,,,,,,,,,"0",,,,,,,,"6215",Ансар1,,,,,,,
15073,101,,"27368585",,,,,,BINOM SCHOOL имени Мырза Али,,,,,,,,,,,,,,,Обед,"14:00",,,,,,,,,"2023-05-19T00:00:00",,"2022-08-17T00:00:00",,,"6",Пн-Ср-Пт,,,,,,,"060115501087",,,,,,,"11",,,,,,,"13271",,,,,,"13271",,,РО,,Мужской,,,,,,,,,,Грант 22-23,,,,,,,,Математика,Информатика,,Мегамозг (Megamind),,,,,,,,,,,,,,,,"0",,,,,,,,,Олимп Палас,,,,,,,
15130,101,,"37197895",,,,,,"85",,,,,,,,,,,,,,,Обед,"14:00",,,,,,,,,"2023-05-19T00:00:00",,"2022-08-17T00:00:00",,,"4",Пн-Ср-Пт,,,,,,,"060501550192",,,,,,,"11",,,,,,,"10792",,,,,,"10792",,,КО,,Мужской,,,,,,,,,,Грант 22-23,,,,,,,,Математика,Информатика,,Профессор (Professor),,,,,,,,,,,,,,,,"0",,,,,,,,,Ансар1,,,,,,,
15148,101,,"36964315",,,,,,BINOM SCHOOL имени Мырза Али,,,"8591",,,,,,,,,,,,Обед,"14:00",,,,,,,,,"2023-04-26T00:00:00",,"2022-08-24T00:00:00",,,"3",Пн-Ср-Пт,,,,,,,"060202550543",,,,,,,"11",,,,,,,,,,,,,"8591",,,РО,,Мужской,,,,,,,,,,Грант 22-23,,,,,,,,Английский язык,Всемирная история,,Профессор (Professor),,,,,,,,,,,,,,,,"0",,,,,,,Зарина Кайратовна,,Олимп Палас,,,,,,,
15154,101,,"36965905",,,,,,BINOM SCHOOL имени Алихана Букейхана,,,,,,,,,,,,,,,Вечер,"17:20",,,,,,,,,"2023-04-26T00:00:00",,"2022-08-24T00:00:00",,,"4",Вт-Чт-Сб,,,,,,,"050919651702",,,,,,,"11",,,,,,,"10026",,,,,,"10026",,,КО,,Женский,,,,,,,,,,Грант 22-23,,,,,,,,География,Биология,,Профессор (Professor),,,,,,,,,,,,,,,,"0",,,,,,,Искандер Маликович,,Ансар1,,,,,,,
15156,102,,"26932151",,,,,,"38",,,"941",,,,,,,,,,,,Обед,"14:00",,,,,,,,,"2023-05-22T00:00:00",,"2023-03-20T00:00:00","2023-05-29T00:00:00",,"8",,,,старательный мальчик,,,,"050926501916",,,,,,,"11",,,,,,,"9171",,,,,,"14351",,,РО,,Мужской,,,,,,,,,,Грант 22-23,,,,,,,,Математика,География,,Мегамозг (Megamind),,,,,,,,,,,Да,,,,,Ватсап,,,,,,,Томирис Султанкызы,"3517",Основной,,"722",,,,,Русский
15160,101,,"36973115",,,,,,"88",,,,,,,,,,,,,,,Вечер,"17:20",,,,,,,,,"2023-06-02T00:00:00",,"2022-08-31T00:00:00",,,"5",Вт-Чт-Сб,,,,,,,"050320550741",,,,,,,"11",,,,,,,"8321",,,,,,"16788,5",,,КО,,Мужской,,,,,,,,,,Грант 22-23,,,,,,,,Математика,География,,Мегамозг (Megamind),,,,,,,,,,,,,,,,"0",,,,,,,Зарина Кайратовна,"8468",Ансар1,,,,,,,
15173,101,,"36983975",,,,,,"71",,,,,,,,,,,,,,,Вечер,"17:20",,,,,,,,,"2023-06-09T00:00:00",,"2022-09-07T00:00:00",,,"5",Вт-Чт-Сб,,,,,,,"050425550029",,,,,,,"11",,,,,,,"13937",,,,,,"27367",,,КО,,Мужской,,,,,,,,,,Грант 22-23,,,,,,,,Математика,Физика,,Босс (AIBoss),,,,,,,,,,,,,,,,"0",,,,,,,Зарина Кайратовна,"13430",Ансар1,,,,,,,
15175,101,,"28015517",,,,"366310654",,"4",,,,,,,,,,,,,,,Вечер,"17:20",,,,,,,,,"2024-06-01T00:00:00",,"2023-09-01T00:00:00",,,"15",Пн-Ср-Пт,,,,,"23-24",,"070428600356",,,,,,,"11",,,,,,,,,,,,,"18298",,,КО,,Женский,,,,,,,,,,Грант 23-24,,,,,,,,География,Биология,,Мегамозг (Megamind),,,,,,,,,,,,,,,,"0",,,,,,,Молдир Нурлыханкызы,,Ансар1,,,,,,,
15180,101,,"37191551",,,,,,BINOM SCHOOL имени Ахмета Байтурсынулы,,,,,,,,,,,,,,,Вечер,"17:20",,,,,,,,,"2023-05-26T00:00:00",,"2022-08-24T00:00:00",,,"4",Вт-Чт-Сб,,,,,,,"060531651686",,,,,,,"11",,,,,,,"16322",,,,,,"16321,5",,,КО,,Женский,,,,,,,,,,Грант 22-23,,,,,,,,Математика,География,,Мегамозг (Megamind),,,,,,,,,,,,,,,,"0",,,,,,,,,Ансар1,,,,,,,
15185,101,,"27376811",,,,,,"35",,,,,,,,,,,,,,,Обед,"14:00",,,,,,,,,"2023-05-26T00:00:00",,"2022-08-24T00:00:00",,,"2",Вт-Чт-Сб,,,,,,,"060127650532",,,,,,,"11",,,,,,,"12257",,,,,,"12257",,,КО,,Женский,,,,,,,,,,Грант 22-23,,,,,,,,Математика,География,,Мегамозг (Megamind),,,,,,,,,,,,,,,,"0",,,,,,,,,Ансар1,,,,,,,
15186,101,,"27364887",,,,,,"72",,,,,,,,,,,,,,,Обед,"14:00",,,,,,,,,"2023-05-26T00:00:00",,"2022-08-24T00:00:00",,,"8",Пн-Ср-Пт,,,,,,,"050801650277",,,,,,,"11",,,,,,,"17179",,,,,,"17179",,,РО,,Женский,,,,,,,,,,Грант 22-23,,,,,,,,Математика,Информатика,,Мегамозг (Megamind),,,,,,,,,,,,,,,,"0",,,,,,,Зарина Кайратовна,,Олимп Палас,,,,,,,
15256,101,,"36973323",,,,,,Зерде,,,,,,,,,,,,,,,Обед,"14:00",,,,,,,,,,,"2022-08-31T00:00:00",,,"1",Вт-Чт-Сб,,,,,,,"060610650598",,,,,,,"11",,,,,,,,,,,,,"11537",,,КО,,Мужской,,,,,,,,,,Грант 22-23,,,,,,,,Химия,Биология,,Профессор (Professor),,,,,,,,,,,,,,,,"0",,,,,,,,,Ансар1,,"11537",,,,,
15299,101,,"38262341",,,,,,"30",,,,,,,,,,,,,,,Вечер,"17:20",,,,,,,,,"2023-05-03T00:00:00",,"2022-08-31T00:00:00",,,"6",Пн-Ср-Пт,,,,,,,"051125551306",,,,,,,"11",,,,,,,"10432",,,,,,"10432",,,РО,,Мужской,,,,,,,,,,Грант 22-23,,,,,,,,Математика,Информатика,,Профессор (Professor),,,,,,,,,,,,,,,,"0",,,,,,,,,Олимп Палас,,,,,,,
15307,101,,"28006957","28006635",,,"363164275",,"1",,,"558",,,,,,,,,,,,Вечер,"17:20",,"90",,,,,,,"2024-06-26T00:00:00",,"2023-07-10T00:00:00",,,"11",Пн-Вт-Ср-Чт-Пт,,,,,"23-24",,"060728551511",,,,,,,"11",,,,,,,"3864",,,,,,"8648",,,КО,,Мужской,,,,,,,,,,Грант 23-24,,,,,,,,Математика,Физика,,Профессор (Professor),,,,,,,,,,,,,,,,"0",Участвует,,,,,,Аружан Маралбековна,"4136",Ансар1,Жангир Даниярулы,,,,,,Казахский
15309,101,,"37120427",,,,,,"52",,,,,,,,,,,,,,,Обед,"14:00",,,,,,,,,"2023-06-01T00:00:00",,"2022-08-31T00:00:00",,,"1",Вт-Чт-Сб,,,,,,,"061227650638",,,,,,,"11",,,,,,,,,,,,,"13489,5",,,КО,,Мужской,,,,,,,,,,Грант 22-23,,,,,,,,Химия,Биология,,Мегамозг (Megamind),,,,,,,,,,,,,,,,"0",,,,,,,Молдир Нурлыханкызы,,Ансар1,,"13490",,,,,
15322,101,,,,,,,,"79",,,,,,,,,,,,,,,Вечер,"17:20",,,,,,,,,,,"2022-08-31T00:00:00",,,"6",Вт-Чт-Сб,,,,,,,"060414651878",,,,,,,"11",,,,,,,,,,,,,"3474",,,КО,,Женский,,,,,,,,,,Грант 22-23,,,,,,,,ЧОП,Всемирная история,,Мастер (Master),,,,,,,,,,,,,,,,"0",,,,,,,,,Ансар1,,,,,,,
15334,101,,"37127185",,,,,,"80",,,,,,,,,,,,,,,Вечер,"17:20",,,,,,,,,"2023-06-02T00:00:00",,"2022-08-31T00:00:00",,,"7",Вт-Чт-Сб,,,,,,,"060829501772",,,,,,,"11",,,,,,,"11469",,,,,,"11469",,,РО,,Мужской,,,,,,,,,,Грант 22-23,,,,,,,,Математика,Информатика,,Профессор (Professor),,,,,,,,,,,,,,,,"0",,,,,,,Молдир Нурлыханкызы,,Олимп Палас,,,,,,,
15347,101,,"37128475",,,,,,BINOM SCHOOL имени Мырза Али,,,,,,,,,,,,,,,Обед,"14:00",,,,,,,,,"2023-06-02T00:00:00",,"2022-08-31T00:00:00",,,"4",Вт-Чт-Сб,,,,,,,"051218550737",,,,,,,"11",,,,,,,"7817",,,,,,"15079,5",,,КО,,Мужской,,,,,,,,,,Грант 22-23,,,,,,,,Математика,Физика,,Мегамозг (Megamind),,,,,,,,,,,,,,,,"0",,,,,,,Ерсаин Ахметулы,"7263",Ансар1,,,,,,,
15367,101,,"37140883",,,,,,"88",,,,,,,,,,,,,,,Вечер,"17:20",,,,,,,,,"2023-06-03T00:00:00",,"2022-09-01T00:00:00",,,"9",Вт-Чт-Сб,,,,,,,"050523550943",,,,,,,"11",,,,,,,"10931",,,,,,"22293,5",,,КО,,Мужской,,,,,,,,,,Грант 22-23,,,,,,,,Математика,Физика,,Босс (AIBoss),,,,,,,,,,,,,,,,"0",,,,,,,Молдир Нурлыханкызы,"11363",Ансар1,,,,,,,
15367,102,,"26624543",,,,,,"126",,,,,,,,,,,,,,,Вечер,"17:20",,,,,,,,,"2023-05-27T00:00:00",,"2021-03-04T00:00:00","2023-06-12T00:00:00",,"2",,,,,,,,"051215500539",,,,,,,"11",,,,,,,"6618",,,,,,"6618",,,КО,,Мужской,,,,,,,,,,Грант 22-23,,,,,,,,Математика,Информатика,,Грандмастер (Grandmaster),,,,,,,,,,,,,,,,Дозвон,,,,,,,Нурбек Арстанбекович,,Основной,,,,,,,
15432,101,,"38244907",,,,,,BINOM SCHOOL имени Мырза Али,,,,,,,,,,,,,,,Вечер,"17:20",,,,,,,,,"2023-06-09T00:00:00",,"2022-09-07T00:00:00",,,"7",Пн-Ср-Пт,,,,,,,"070219550101",,,,,,,"11",,,,,,,"11529",,,,,,"22833",,,КО,,Мужской,,,,,,,,,,Грант 22-23,,,,,,,,Математика,Физика,,Босс (AIBoss),,,,,,,,,,,,,,,,"0",,,,,,,Молдир Нурлыханкызы,"11304",Ансар1,,,,,,,
15442,101,,"37391195",,,,,,"84",,,,,,,,,,,,,,,Вечер,"17:20",,,,,,,,,"2023-05-31T00:00:00",,"2022-09-07T00:00:00",,,"4",Вт-Чт-Сб,,,,,,,"051011550863",,,,,,,"11",,,,,,,"9378",,,,,,"9975",,,РО,,Мужской,,,,,,,,,,Грант 22-23,,,,,,,,Математика,Физика,,Профессор (Professor),,,,,,,,,,,,,,,,"0",,,,,,,,"597",Олимп Палас,,,,,,,
15461,101,,"37196955",,,,,,"1",,,,,,,,,,,,,,,Вечер,"17:20",,,,,,,,,"2023-05-09T00:00:00",,"2022-09-07T00:00:00",,,"5",Вт-Чт-Сб,,,,,,,"050803551349",,,,,,,"11",,,,,,,"13345",,,,,,"13345",,,РО,,Мужской,,,,,,,,,,Грант 22-23,,,,,,,,Математика,Информатика,,Мегамозг (Megamind),,,,,,,,,,,,,,,,"0",,,,,,,Зарина Кайратовна,,Олимп Палас,,,,,,,
15479,101,,"37197639",,,,,,"1",,,,,,,,,,,,,,,Вечер,"17:20",,,,,,,,,"2023-05-09T00:00:00",,"2022-09-07T00:00:00",,,"8",Вт-Чт-Сб,,,,,,,"041126550361",,,,,,,"11",,,,,,,"12303",,,,,,"12303",,,КО,,Мужской,,,,,,,,,,Грант 22-23,,,,,,,,Математика,Информатика,,Мегамозг (Megamind),,,,,,,,,,,,,,,,"0",,,,,,,,,Ансар1,,,,,,,
15483,101,,"37495325",,,,,,"51",,,,,,,,,,,,,,,Вечер,"17:20",,,,,,,,,"2023-05-09T00:00:00",,"2022-09-07T00:00:00",,,"2",Вт-Чт-Сб,,,,,,,"060203601061",,,,,,,"11",,,,,,,"11758",,,,,,"11758",,,КО,,Мужской,,,,,,,,,,Грант 22-23,,,,,,,,Математика,Информатика,,Профессор (Professor),,,,,,,,,,,,,,,,"0",,,,,,,,,Ансар1,,,,,,,
15499,101,,"38285561",,,,,,"59",,,"12108",,,,,,,,,,,,Вечер,"17:20",,,,,,,,,"2023-06-09T00:00:00",,"2022-09-07T00:00:00",,,"3",Вт-Чт-Сб,,,,,,,"060128551748",,,,,,,"11",,,,,,,,,,,,,"12108",,,КО,,Мужской,,,,,,,,,,Грант 22-23,,,,,,,,Математика,География,,Мегамозг (Megamind),,,,,,,,,,,,,,,,"0",,,,,,,Зарина Кайратовна,,Ансар1,,,,,,,
15507,101,,"37217187",,,,,,"26",,,,,,,,,,,,,,,Вечер,"17:20",,,,,,,,,"2023-05-24T00:00:00",,"2023-03-22T00:00:00",,,"3",Вт-Чт-Сб,,,,,,,"050311550722",,,,,,,"11",,,,,,,"11343",,,,,,"22007,5",,,КО,,Мужской,,,,,,,,,,Грант 22-23,,,,,,,,Математика,Физика,,Босс (AIBoss),,,,,,,,,,,,,,,,"0",,,,,,,Зарина Кайратовна,"10665",Ансар1,,,,,,,
15512,101,,"37217737",,,,,,"73",,,,,,,,,,,,,,,Вечер,"17:20",,,,,,,,,"2023-05-09T00:00:00",,"2022-09-07T00:00:00",,,"3",Вт-Чт-Сб,,,,,,,"050526551036",,,,,,,"11",,,,,,,"11043",,,,,,"11043",,,КО,,Мужской,,,,,,,,,,Грант 22-23,,,,,,,,Математика,Информатика,,Профессор (Professor),,,,,,,,,,,,,,,,"0",,,,,,,,,Ансар1,,,,,,,
15524,102,,"26355217",,,,,,"38",,,,,,,,,,,,,,,Вечер,"17:20",,,,,,,,,"2023-05-15T00:00:00",,"2023-03-14T00:00:00","2023-05-19T00:00:00",,"8",,,,,,,,"060228600981",,,,,,,"11",,,,,,,,,,,,,"9792",,,РО,,Женский,,,,,,,,,,Грант 22-23,,,,,,,,Химия,Биология,,Профессор (Professor),,,,,,,,,,,,,,,,"0",,,,,,,Жандос Усенулы,,Основной,,"9792",,,,,
15540,101,,"37245109",,,,,,"70",,,,,,,,,,,,,,,Вечер,"17:20",,,,,,,,,"2023-05-09T00:00:00",,"2022-09-07T00:00:00",,,"8",Вт-Чт-Сб,,,,,,,"060102650803",,,,,,,"11",,,,,,,"13658",,,,,,"13658",,,РО,,Женский,,,,,,,,,,Грант 22-23,,,,,,,,Математика,География,,Мегамозг (Megamind),,,,,,,,,,,,,,,,"0",,,,,,,,,Олимп Палас,,,,,,,
15551,101,,"38857445",,,,,,"83",,,,,,,,,,,,,,,Вечер,"17:20",,,,,,,,,"2023-05-09T00:00:00",,"2022-09-07T00:00:00",,,"1",Пн-Ср-Пт,,,,,,,"060717650568",,,,,,,"11",,,,,,,"6914",,,,,,"6913,5",,,РО,,Мужской,,,,,,,,,,Грант 22-23,,,,,,,,Математика,География,,Грандмастер (Grandmaster),,,,,,,,,,,,,,,,"0",,,,,,,Молдир Нурлыханкызы,,Олимп Палас,,,,,,,
15557,101,,"41889185",,,,,,"27",,,"10707",,,,,,,,,,,,Вечер,"17:20",,,,,,,,,"2023-05-26T00:00:00",,"2023-04-26T00:00:00",,,"4",Вт-Чт-Сб,,,,,,,"050602600883",,,,,,,"11",,,,,,,,,,,,,"10706,5",,,РО,,Женский,,,,,,,,,,Грант 22-23,,,,,,,,,Всемирная история,,Профессор (Professor),,,,,,,,,,,,,,,,"0",,,,,,,Молдир Нурлыханкызы,,Олимп Палас,,,,,,,
15574,101,,"37244909",,,,,,"65",,,,,,,,,,,,,,,Вечер,"17:20",,,,,,,,,,,"2022-09-07T00:00:00",,,"3",Вт-Чт-Сб,,,,,,,"060913650981",,,,,,,"11",,,,,,,,,,,,,"11411,5",,,КО,,Мужской,,,,,,,,,,Грант 22-23,,,,,,,,Химия,Биология,,Профессор (Professor),,,,,,,,,,,,,,,,"0",,,,,,,Зарина Кайратовна,,Ансар1,,"11412",,,,,
15578,101,,"37263745",,,,,,"75",,,,,,,,,,,,,,,Вечер,"17:20",,,,,,,,,"2023-05-09T00:00:00",,"2022-09-07T00:00:00",,,"1",Пн-Ср-Пт,,,,,,,"051103651382",,,,,,,"11",,,,,,,"12187",,,,,,"12187",,,РО,,Мужской,,,,,,,,,,Грант 22-23,,,,,,,,,,,Мегамозг (Megamind),,,,,,,,,,,,,,,,Дозвон,,,,,,,,,Олимп Палас,,,,,,,
15591,101,,"37275359",,,,,,"84",,,,,,,,,,,,,,,Вечер,"17:20",,,,,,,,,"2023-05-09T00:00:00",,"2022-09-07T00:00:00",,,"8",Пн-Ср-Пт,,,,,,,"050619550569",,,,,,,"11",,,,,,,"11327",,,,,,"21066",,,РО,,Мужской,,,,,,,,,,Грант 22-23,,,,,,,,Математика,Физика,,Босс (AIBoss),,,,,,,,,,,,,,,,"0",,,,,,,,"9739",Олимп Палас,,,,,,,
15600,101,,"37275643",,,,,,"30",,,,,,,,,,,,,,,Вечер,"17:20",,,,,,,,,"2023-06-09T00:00:00",,"2022-09-07T00:00:00",,,"1",Вт-Чт-Сб,,,,,,,"061119551355",,,,,,,"11",,,,,,,"13478",,,,,,"13478",,,РО,,Мужской,,,,,,,,,,Грант 22-23,,,,,,,,Математика,Информатика,,Мегамозг (Megamind),,,,,,,,,,,,,,,,"0",,,,,,,Молдир Нурлыханкызы,,Олимп Палас,,,,,,,
15605,101,,"38371981",,,,,,"59",,,,,,,,,,,,,,,Вечер,"17:20",,,,,,,,,"2023-05-09T00:00:00",,"2022-09-07T00:00:00",,,"3",Вт-Чт-Сб,,,,,,,"061028560933",,,,,,,"11",,,,,,,"8181",,,,,,"8256",,,КО,,Женский,,,,,,,,,,Грант 22-23,,,,,,,,Математика,Информатика,,Профессор (Professor),,,,,,,,,,,,,,,,"0",,,,,,,Молдир Нурлыханкызы,"75",Ансар1,,,,,,,
15608,101,,"38509729",,,,,,"79",,,"625",,,,,,,,,,,,Обед,"14:00",,,,,,,,,"2023-05-26T00:00:00",,"2022-10-19T00:00:00",,,"4",Вт-Чт-Сб,,,,,,,"051030650170",,,,,,,"11",,,,,,,,,,,,,"12612",,,КО,,Женский,,,,,,,,,,Грант 22-23,,,,,,,,География,Биология,,Мегамозг (Megamind),,,,,,,,,,,,,,,,"0",,,,,,,Искандер Маликович,,Ансар1,,,,,,,
15611,101,,"38316701",,,,,,BINOM SCHOOL имени Каныша Сатпаева,,,,,,,,,,,,,,,Вечер,"17:20",,,,,,,,,"2023-05-09T00:00:00",,"2022-09-07T00:00:00",,,"2",Вт-Чт-Сб,,,,,,,"060207651139",,,,,,,"11",,,,,,,,,,,,,"11838",,,КО,,Женский,,,,,,,,,,Грант 22-23,,,,,,,,Химия,Биология,,Профессор (Professor),,,,,,,,,,,,,,,,"0",,,,,,,,,Ансар1,,"11838",,,,,
15612,101,,"37275755",,,,,,"22",,,,,,,,,,,,,,,Вечер,"17:20",,,,,,,,,"2023-05-09T00:00:00",,"2022-09-07T00:00:00",,,"6",Вт-Чт-Сб,,,,,,,"051019601479",,,,,,,"11",,,,,,,"12770",,,,,,"12770",,,РО,,Женский,,,,,,,,,,Грант 22-23,,,,,,,,География,,,Мегамозг (Megamind),,,,,,,,,,,,,,,,"0",,,,,,,,,Олимп Палас,,,,,,,
15617,101,,"38392033",,,,,,"77",,,"7808",,,,,,,,,,,,Вечер,"17:20",,,,,,,,,"2023-05-09T00:00:00",,"2022-09-07T00:00:00",,,"3",Вт-Чт-Сб,,,,,,,"060210651284",,,,,,,"11",,,,,,,,,,,,,"7807,5",,,КО,,Женский,,,,,,,,,,Грант 22-23,,,,,,,,Английский язык,Всемирная история,,Грандмастер (Grandmaster),,,,,,,,,,,,,,,,"0",,,,,,,,,Ансар1,,,,,,,
15624,101,,"37275967",,,,,,BINOM SCHOOL имени Каныша Сатпаева,,,,,,,,,,,,,,,Вечер,"17:20",,,,,,,,,"2023-05-09T00:00:00",,"2022-09-07T00:00:00",,,"4",Вт-Чт-Сб,,,,,,,"060226650372",,,,,,,"11",,,,,,,,,,,,,"9027",,,КО,,Мужской,,,,,,,,,,Грант 22-23,,,,,,,,Химия,Биология,,Профессор (Professor),,,,,,,,,,,,,,,,"0",,,,,,,,,Ансар1,,"9027",,,,,
15628,101,,"41718675",,,,,,BINOM SCHOOL имени Алихана Букейхана,,,,,,,,,,,,,,,Вечер,"17:20",,,,,,,,,"2023-05-18T00:00:00",,"2023-04-18T00:00:00",,,"10",Вт-Чт-Сб,,,,,,,"060531500823",,,,,,,"11",,,,,,,"11863",,,,,,"23397,5",,,КО,,Мужской,,,,,,,,,,Грант 22-23,,,,,,,,Математика,Физика,,Босс (AIBoss),,,,,,,,,,,,,,,,"0",,,,,,,Акарыс Мухитулы,"11535",Ансар1,,,,,,,
15647,101,,"27371079",,,,"362398878",,"54",,,,,,,,,,,,,,,Обед,"14:00",,"90",,,,,,,"2024-05-08T00:00:00",,"2024-02-08T00:00:00",,,"15",Вт-Ср-Чт-Пт-Сб,,,,,"23-24",,"060926552229",,,,,,,"11",,,,,,,"22404",,,,,,"22599",,,КО,,Мужской,,,,,,,,,,Грант 23-24,,,,,,,,Математика,Информатика,,Босс (AIBoss),,,,,,,,,,,,,,,,Дозвон,,,,,,,Молдир Нурлыханкызы,"105",Ансар1,,,,,,,
15688,101,,"37312177",,,,,,"71",,,,,,,,,,,,,,,Вечер,"17:20",,,,,,,,,"2023-05-23T00:00:00",,"2022-09-21T00:00:00",,,"3",Вт-Чт-Сб,,,,,,,"050623651169",,,,,,,"11",,,,,,,,,,,,,"13055,5",,,КО,,Мужской,,,,,,,,,,Грант 22-23,,,,,,,,Химия,Биология,,Мегамозг (Megamind),,,,,,,,,,,,,,,,"0",,,,,,,,,Ансар1,,"13056",,,,,
15689,101,,"37312205",,,,,,"54",,,,,,,,,,,,,,,Вечер,"17:20",,,,,,,,,"2023-05-23T00:00:00",,"2022-09-21T00:00:00",,,"3",Вт-Чт-Сб,,,,,,,"050623651179",,,,,,,"11",,,,,,,,,,,,,"14378",,,КО,,Мужской,,,,,,,,,,Грант 22-23,,,,,,,,География,Биология,,Мегамозг (Megamind),,,,,,,,,,,,,,,,"0",,,,,,,,,Ансар1,,,,,,,
15692,101,,"37313093",,,,,,BINOM SCHOOL имени Алихана Букейхана,,,,,,,,,,,,,,,Вечер,"17:20",,,,,,,,,"2023-05-16T00:00:00",,"2022-09-14T00:00:00",,,"3",Вт-Чт-Сб,,,,,,,"061102550780",,,,,,,"11",,,,,,,"8913",,,,,,"18372",,,КО,,Мужской,,,,,,,,,,Грант 22-23,,,,,,,,Математика,Физика,,Мегамозг (Megamind),,,,,,,,,,,,,,,,"0",,,,,,,,"9459",Ансар1,,,,,,,
15695,101,,"41988005",,,,,,"76",,,,,,,,,,,,,,,Вечер,"17:20",,,,,,,,,"2023-06-05T00:00:00",,"2023-05-05T00:00:00",,,"4",Вт-Чт-Сб,,,,,,,"060705601823",,,,,,,"11",,,,,,,"8359",,,,,,"8359",,,КО,,Мужской,,,,,,,,,,Грант 22-23,,,,,,,,География,География,,Профессор (Professor),,,,,,,,,,,,,,,,"0",,,,,,,Зарина Кайратовна,,Ансар1,,,,,,,
15705,101,,"37315925",,,,,,"86",,,,,,,,,,,,,,,Вечер,"17:20",,,,,,,,,"2023-05-16T00:00:00",,"2022-09-14T00:00:00",,,"6",Вт-Чт-Сб,,,,,,,"060206551840",,,,,,,"11",,,,,,,,,,,,,"10159",,,РО,,Мужской,,,,,,,,,,Грант 22-23,,,,,,,,Химия,Биология,,Профессор (Professor),,,,,,,,,,,,,,,,"0",,,,,,,,,Олимп Палас,,"10159",,,,,
15715,101,,"37339111",,,,,,BINOM SCHOOL имени Мырза Али,,,,,,,,,,,,,,,Вечер,"17:20",,,,,,,,,"2023-05-16T00:00:00",,"2022-09-14T00:00:00",,,"5",Вт-Чт-Сб,,,,,,,"050520550947",,,,,,,"11",,,,,,,"11141",,,,,,"11141",,,РО,,Мужской,,,,,,,,,,Грант 22-23,,,,,,,,Математика,Информатика,,Профессор (Professor),,,,,,,,,,,,,,,,"0",,,,,,,,,Олимп Палас,,,,,,,
15727,101,,"37346255",,,,,,BINOM SCHOOL имени Мырза Али,,,,,,,,,,,,,,,Вечер,"17:20",,,,,,,,,"2023-05-23T00:00:00",,"2022-09-21T00:00:00",,,"3",Вт-Чт-Сб,,,,,,,"060413651595",,,,,,,"11",,,,,,,"10276",,,,,,"10275,5",,,КО,,Женский,,,,,,,,,,Грант 22-23,,,,,,,,Математика,Информатика,,Профессор (Professor),,,,,,,,,,,,,,,,"0",,,,,,,Акарыс Мухитулы,,Ансар1,,,,,,,
15744,101,,"37366255",,,,,,"84",,,,,,,,,,,,,,,Вечер,"17:20",,,,,,,,,"2023-05-23T00:00:00",,"2022-09-21T00:00:00",,,"1",Пн-Ср-Пт,,,,,,,"060802501150",,,,,,,"11",,,,,,,,,,,,,"8860",,,КО,,Мужской,,,,,,,,,,Грант 22-23,,,,,,,,Химия,Биология,,Профессор (Professor),,,,,,,,,,,,,,,,"0",,,,,,,Зарина Кайратовна,,Ансар1,,"8860",,,,,
15746,101,,"37366391",,,,,,BINOM SCHOOL имени Алихана Букейхана,,,,,,,,,,,,,,,Вечер,"17:20",,,,,,,,,"2023-05-23T00:00:00",,"2022-09-21T00:00:00",,,"3",Вт-Чт-Сб,,,,,,,"061122550928",,,,,,,"11",,,,,,,"7796",,,,,,"15696",,,КО,,Мужской,,,,,,,,,,Грант 22-23,,,,,,,,Математика,Физика,,Мегамозг (Megamind),,,,,,,,,,,,,,,,"0",,,,,,,,"7900",Ансар1,,,,,,,
15749,101,,"38563983",,,,,,BINOM SCHOOL имени Ахмета Байтурсынулы,,,,,,,,,,,,,,,Вечер,"17:20",,,,,,,,,"2023-05-28T00:00:00",,"2022-10-26T00:00:00",,,"3",Вт-Чт-Сб,,,,,,,"060511650986",,,,,,,"11",,,,,,,"4982",,,,,,"4981,5",,,КО,,Женский,,,,,,,,,,Грант 22-23,,,,,,,,Математика,География,,Грандмастер (Grandmaster),,,,,,,,,,,,,,,,"0",,,,,,,Акарыс Мухитулы,,Ансар1,,,,,,,
15752,101,,"37366825",,,,,,"37",,,,,,,,,,,,,,,Вечер,"17:20",,,,,,,,,"2023-05-23T00:00:00",,"2022-09-21T00:00:00",,,"4",Вт-Чт-Сб,,,,,,,"051017000025",,,,,,,"11",,,,,,,"9773",,,,,,"19024",,,РО,,Мужской,,,,,,,,,,Грант 22-23,,,,,,,,Математика,Физика,,Мегамозг (Megamind),,,,,,,,,,,,,,,,Дозвон,,,,,,,,"9252",Олимп Палас,,,,,,,
15760,101,,"37376499",,,,,,BINOM SCHOOL имени Алихана Букейхана,,,,,,,,,,,,,,,Вечер,"17:20",,,,,,,,,"2023-05-06T00:00:00",,"2023-04-06T00:00:00",,,"3",Пн-Ср-Пт,,,,,,,"050928551517",,,,,,,"11",,,,,,,"10244",,,,,,"10244",,,КО,,Мужской,,,,,,,,,,Грант 22-23,,,,,,,,Математика,Информатика,,Профессор (Professor),,,,,,,,,,,,,,,,Дозвон,,,,,,,Молдир Нурлыханкызы,,Ансар1,,,,,,,
15767,101,,"39032489",,,,,,"69",,,,,,,,,,,,,,,Вечер,"17:20",,,,,,,,,,,"2022-09-21T00:00:00",,,"3",Вт-Чт-Сб,,,,,,,"050731650277",,,,,,,"11",,,,,,,"7225",,,,,,"7225",,,КО,,Женский,,,,,,,,,,Грант 22-23,,,,,,,,Математика,География,,Грандмастер (Grandmaster),,,,,,,,,,,,,,,,"0",,,,,,,,,Ансар1,,,,,,,
15771,101,,"37295285",,,,,,BINOM SCHOOL имени Алихана Букейхана,,,,,,,,,,,,,,,Вечер,"17:20",,,,,,,,,,,"2022-09-21T00:00:00",,,"2",Вт-Чт-Сб,,,,,,,"060226650818",,,,,,,"11",,,,,,,"10151",,,,,,"10151",,,КО,,Женский,,,,,,,,,,Грант 22-23,,,,,,,,Математика,Информатика,,Профессор (Professor),,,,,,,,,,,,,,,,"0",,,,,,,,,Ансар1,,,,,,,
15773,101,,"28351879",,,,"363903621",,Эконом. Лицей,,,"4241",,,,,,,,,,,,Вечер,"17:20",,"1649",,,,,,,"2024-06-13T00:00:00",,"2023-09-13T00:00:00",,,"10",Пн-Вт-Ср-Чт-Пт,,,,,"23-24",,"060503550262",,,,,,,"11",,,,,,,"13399",,,,,,"21531",,,РО,,Мужской,,,,,,,,,,Грант 23-24,,,,,,,,Математика,Информатика,,Босс (AIBoss),,,,,,,,,,,,,,,,"0",,,,,,,Медина Жунусовна,"2242",Ансар1,,,,,,,
15867,101,,"37431583",,,,,,Бил (для девочек),,,,,,,,,,,,,,,Вечер,"17:20",,,,,,,,,"2023-05-23T00:00:00",,"2022-09-21T00:00:00",,,"4",Вт-Чт-Сб,,,,,,,"060714651363",,,,,,,"11",,,,,,,,,,,,,"13447",,,КО,,Женский,,,,,,,,,,Грант 22-23,,,,,,,,Химия,Биология,,Мегамозг (Megamind),,,,,,,,,,,,,,,,"0",,,,,,,,,Ансар1,,"13447",,,,,
15888,101,,"38863095",,,,,,"59",,,,,,,,,,,,,,,Обед,"14:00",,,,,,,,,"2023-05-23T00:00:00",,"2022-09-21T00:00:00",,,"1",Вт-Чт-Сб,,,,,,,"050618551323",,,,,,,"11",,,,,,,"6141",,,,,,"12191",,,КО,,Мужской,,,,,,,,,,Грант 22-23,,,,,,,,Математика,Физика,,Мегамозг (Megamind),,,,,,,,,,,,,,,,"0",,,,,,,,"6050",Ансар1,,,,,,,
15890,101,,"37441109",,,,,,"89",,,,,,,,,,,,,,,Вечер,"17:20",,,,,,,,,"2023-05-23T00:00:00",,"2022-09-21T00:00:00",,,"1",Пн-Ср-Пт,,,,,,,"050729651743",,,,,,,"11",,,,,,,"11868",,,,,,"11868",,,РО,,Мужской,,,,,,,,,,Грант 22-23,,,,,,,,Математика,Информатика,,Профессор (Professor),,,,,,,,,,,,,,,,"0",,,,,,,Молдир Нурлыханкызы,,Олимп Палас,,,,,,,
15901,101,,"37446611",,,,,,"88",,,,,,,,,,,,,,,Вечер,"17:20",,,,,,,,,,,"2022-09-21T00:00:00",,,"9",Вт-Чт-Сб,,,,,,,"050915551546",,,,,,,"11",,,,,,,"6294",,,,,,"13130",,,КО,,Мужской,,,,,,,,,,Грант 22-23,,,,,,,,Математика,Физика,,Мегамозг (Megamind),,,,,,,,,,,,,,,,Дозвон,,,,,,,,"6836",Ансар1,,,,,,,
15921,101,,"37499231",,,,,,"35",,,,,,,,,,,,,,,Вечер,"17:20",,,,,,,,,"2023-05-23T00:00:00",,"2022-09-21T00:00:00",,,"10",Вт-Чт-Сб,,,,,,,"041204550523",,,,,,,"11",,,,,,,"10048",,,,,,"10048",,,КО,,Мужской,,,,,,,,,,Грант 22-23,,,,,,,,Математика,Информатика,,Профессор (Professor),,,,,,,,,,,,,,,,"0",,,,,,,,,Ансар1,,,,,,,
15925,101,,"37478031",,,,,,BINOM SCHOOL имени Ахмета Байтурсынулы,,,,,,,,,,,,,,,Вечер,"17:20",,,,,,,,,"2023-05-23T00:00:00",,"2022-09-21T00:00:00",,,"2",Пн-Ср-Пт,,,,,,,"041013502022",,,,,,,"11",,,,,,,"8936",,,,,,"8935,5",,,РО,,Мужской,,,,,,,,,,Грант 22-23,,,,,,,,Математика,Информатика,,Профессор (Professor),,,,,,,,,,,,,,,,"0",,,,,,,,,Олимп Палас,,,,,,,
15952,101,,"37534039",,,,,,BINOM SCHOOL имени Алихана Букейхана,,,,,,,,,,,,,,,Вечер,"17:20",,,,,,,,,"2023-05-23T00:00:00",,"2022-09-21T00:00:00",,,"8",Вт-Чт-Сб,,,,,,,"050709650950",,,,,,,"11",,,,,,,"7061",,,,,,"7061",,,КО,,Женский,,,,,,,,,,Грант 22-23,,,,,,,,Математика,География,,Грандмастер (Grandmaster),,,,,,,,,,,,,,,,"0",,,,,,,,,Ансар1,,,,,,,
15955,101,,"37534103",,,,,,"54",,,,,,,,,,,,,,,Вечер,"17:20",,,,,,,,,"2023-05-26T00:00:00",,"2023-04-27T00:00:00",,,"9",Вт-Чт-Сб,,,,,,,"51208551535",,,,,,,"11",,,,,,,"11842",,,,,,"22500,5",,,КО,,Мужской,,,,,,,,,,Грант 22-23,,,,,,,,Математика,Физика,,Босс (AIBoss),,,,,,,,,,,,,,,,"0",,,,,,,Молдир Нурлыханкызы,"10659",Ансар1,,,,,,,
15956,101,,"40944593",,,,,,BINOM SCHOOL имени Ахмета Байтурсынулы,,,,,,,,,,,,,,,Вечер,"17:20",,,,,,,,,"2023-04-25T00:00:00",,"2023-01-13T00:00:00",,,"2",Пн-Ср-Пт,,,,,,,"060701651005",,,,,,,"11",,,,,,,"8051",,,,,,"14177",,,РО,,Мужской,,,,,,,,,,Грант 22-23,,,,,,,,Математика,Физика,,Мегамозг (Megamind),,,,,,,,,,,,,,,,Дозвон,,,,,,,Зарина Кайратовна,"6126",Олимп Палас,,,,,,,
15957,101,,,,,,,,"17",,,,,,,,,,,,,,,Вечер,"17:20",,,,,,,,,,,"2022-09-21T00:00:00",,,"9",Пн-Ср-Пт,,,,,,,"060116550536",,,,,,,"11",,,,,,,"12632",,,,,,"12631,5",,,РО,,Мужской,,,,,,,,,,Грант 22-23,,,,,,,,Математика,География,,Мегамозг (Megamind),,,,,,,,,,,,,,,,"0",,,,,,,,,Олимп Палас,,,,,,,
15965,101,,"37657673",,,,,,BINOM SCHOOL имени Алихана Букейхана,,,,,,,,,,,,,,,Вечер,"17:20",,,,,,,,,"2023-05-23T00:00:00",,"2022-09-21T00:00:00",,,"8",Вт-Чт-Сб,,,,,,,"050608551061",,,,,,,"11",,,,,,,"8127",,,,,,"16840,5",,,КО,,Мужской,,,,,,,,,,Грант 22-23,,,,,,,,Математика,Физика,,Мегамозг (Megamind),,,,,,,,,,,,,,,,"0",,,,,,,,"8714",Ансар1,,,,,,,
15976,101,,"38349407",,,,,,"70",,,,,,,,,,,,,,,Вечер,"17:20",,,,,,,,,"2023-05-23T00:00:00",,"2022-09-21T00:00:00",,,"8",Вт-Чт-Сб,,,,,,,"050604550271",,,,,,,"11",,,,,,,"8232",,,,,,"8232",,,РО,,Мужской,,,,,,,,,,Грант 22-23,,,,,,,,Математика,Информатика,,Профессор (Professor),,,,,,,,,,,,,,,,"0",,,,,,,,,Олимп Палас,,,,,,,
16019,101,,"37301521",,,,,,"89",,,"9033",,,,,,,,,,,,Вечер,"17:20",,,,,,,,,"2023-03-21T00:00:00",,"2022-09-21T00:00:00",,,"7",Пн-Ср-Пт,,,,,,,"060101602769",,,,,,,"11",,,,,,,,,,,,,"9032,5",,,РО,,Мужской,,,,,,,,,,Грант 22-23,,,,,,,,,,,Профессор (Professor),,,,,,,,,,,,,,,,"0",,,,,,,Никто,,Олимп Палас,,,,,,,
16027,101,,"38439469",,,,,,"91",,,,,,,,,,,,,,,Вечер,"17:20",,,,,,,,,"2023-05-10T00:00:00",,"2022-09-28T00:00:00",,,"9",Вт-Чт-Сб,,,,,,,"070817650535",,,,,,,"10",,,,,,,"97,5",,,,,,"10514",,,КО,,Мужской,,,,,,,,,,Грант 22-23,,,,,,,,Химия,Биология,,Профессор (Professor),,,,,,,,,,,,,,,,"0",,,,,,,Зарина Кайратовна,,Ансар1,,"3523",,,,,
16045,101,,"39605203",,,,,,"61",,,,,,,,,,,,,,,Вечер,"17:20",,,,,,,,,"2023-05-01T00:00:00",,"2023-04-01T00:00:00",,,"9",Вт-Чт-Сб,,,,,,,"060707651850",,,,,,,"11",,,,,,,,,,,,,"4194",,,КО,,Женский,,,,,,,,,,Грант 22-23,,,,,,,,Химия,Биология,,Мастер (Master),,,,,,,,,,,,,,,,"0",,,,,,,Акарыс Мухитулы,,Ансар1,,"4194",,,,,
16065,101,,"39088951",,,,,,"54",,,"278",,,,,,,,,,,,Вечер,"17:20",,,,,,,,,"2023-04-28T00:00:00",,"2022-09-28T00:00:00",,,"1",Вт-Чт-Сб,,,,,,,"060815600863",,,,,,,"11",,,,,,,"9119",,,,,,"9397",,,КО,,Женский,,,,,,,,,,Грант 22-23,,,,,,,,Математика,География,,Профессор (Professor),,,,,,,,,,,,,,,,"0",,,,,,,Молдир Нурлыханкызы,,Ансар1,,,,,,,
16070,101,,"42078525",,,,,,"64",,,,,,,,,,,,,,,Вечер,"17:20",,,,,,,,,"2023-05-11T00:00:00",,"2023-04-11T00:00:00",,,"8",Вт-Чт-Сб,,,,,,,"051110551453",,,,,,,"11",,,,,,,"7289",,,,,,"15352",,,КО,,Мужской,,,,,,,,,,Грант 22-23,,,,,,,,Математика,Физика,,Мегамозг (Megamind),,,,,,,,,,,,,,,,"0",,,,,,,Акарыс Мухитулы,"8063",Ансар1,,,,,,,
16096,101,,"38223183",,,,,,BINOM SCHOOL имени Мырза Али,,,,,,,,,,,,,,,Вечер,"17:20",,,,,,,,,"2023-05-31T00:00:00",,"2023-05-03T00:00:00",,,"8",Вт-Чт-Сб,,,,,,,"060326651116",,,,,,,"11",,,,,,,,,,,,,"11357",,,КО,,Женский,,,,,,,,,,Грант 22-23,,,,,,,,География,Биология,,Профессор (Professor),,,,,,,,,,,,,,,,"0",,,,,,,Молдир Нурлыханкызы,,Ансар1,,,,,,,
16115,101,,"38229151",,,,,,"73",,,,,,,,,,,,,,,Вечер,"17:20",,,,,,,,,"2023-06-05T00:00:00",,"2023-04-05T00:00:00",,,"8",Вт-Чт-Сб,,,,,,,"050521550714",,,,,,,"11",,,,,,,"13624",,,,,,"26319",,,КО,,Мужской,,,,,,,,,,Грант 22-23,,,,,,,,Математика,Физика,,Босс (AIBoss),,,,,,,,,,,,,,,,"0",,,,,,,Акарыс Мухитулы,"12695",Ансар1,,,,,,,Казахский
16124,101,,"38414595",,,,,,"2 косшы",,,,,,,,,,,,,,,Вечер,"17:20",,,,,,,,,"2023-06-01T00:00:00",,"2022-09-28T00:00:00",,,"7",Пн-Ср-Пт,,,,,,,"050806551652",,,,,,,"11",,,,,,,,,,,,,"8659,75",,,РО,,Мужской,,,,,,,,,,Грант 22-23,,,,,,,,Химия,Биология,,Профессор (Professor),,,,,,,,,,,,,,,,"0",,,,,,,,,Олимп Палас,,"8660",,,,,
16163,101,,"38272237",,,,,,"65",,,,,,,,,,,,,,,Вечер,"17:20",,,,,,,,,"2023-05-07T00:00:00",,"2022-10-05T00:00:00",,,"5",Пн-Ср-Пт,,,,,,,"050904650990",,,,,,,"11",,,,,,,"11199",,,,,,"11199",,,РО,,Мужской,,,,,,,,,,Грант 22-23,,,,,,,,Математика,Информатика,,Профессор (Professor),,,,,,,,,,,,,,,,"0",,,,,,,,,Олимп Палас,,,,,,,
16175,101,,"38279613",,,,,,BINOM SCHOOL имени Каныша Сатпаева,,,,,,,,,,,,,,,Вечер,"17:20",,,,,,,,,,,"2022-10-05T00:00:00",,,"7",Пн-Ср-Пт,,,,,,,"050314651713",,,,,,,"11",,,,,,,"8710",,,,,,"8710",,,РО,,Мужской,,,,,,,,,,Грант 22-23,,,,,,,,Математика,Информатика,,Профессор (Professor),,,,,,,,,,,,,,,,"0",,,,,,,,,Олимп Палас,,,,,,,
16244,101,,"38582911",,,,,,"59",,,,,,,,,,,,,,,Вечер,"17:20",,,,,,,,,"2023-06-07T00:00:00",,"2022-10-05T00:00:00",,,"7",Пн-Ср-Пт,,,,,,,"060227551161",,,,,,,"11",,,,,,,"9192",,,,,,"9192",,,РО,,Мужской,,,,,,,,,,Грант 22-23,,,,,,,,Химия,Биология,,Профессор (Professor),,,,,,,,,,,,,,,,"0",,,,,,,Зарина Кайратовна,,Олимп Палас,,,,,,,
16264,101,,"42190257",,,,,,"73",,,,,,,,,,,,,,,Вечер,"17:20",,,,,,,,,"2023-05-03T00:00:00",,"2023-01-31T00:00:00",,,"5",Вт-Чт-Сб,,,,,,,"060704551005",,,,,,,"11",,,,,,,"6645",,,,,,"6645",,,КО,,Мужской,,,,,,,,,,Грант 22-23,,,,,,,,Математика,География,,Грандмастер (Grandmaster),,,,,,,,,,,,,,,,"0",,,,,,,Зарина Кайратовна,,Ансар1,,,,,,,
16307,101,,"28806465",,,,"367709956",,"59",,,"4203",,,,,,,,,,,,Обед,"14:00",,"574",,,,,,"2024-03-30T00:00:00","2024-04-11T00:00:00",,"2024-01-11T00:00:00","2024-06-20T00:00:00",,"12",Вт-Ср-Чт-Пт-Сб,,,,,"23-24",,"070304500305",,,,,,,"11",,,,,,,"11729",,,,,,"20228",,"7",КО,,Мужской,,,,,,,,,,Грант 23-24,,,,,,,,Математика,География,,Босс (AIBoss),,,,,,,,,,,,,,,,Дозвон,,,,,,,Молдир Нурлыханкызы,"3722",Ансар1,,,,,,,
16322,101,,"38845445",,,,,,"84",,,,,,,,,,,,,,,Вечер,"17:20",,,,,,,,,"2023-05-14T00:00:00",,"2022-10-12T00:00:00",,,"4",Пн-Ср-Пт,,,,,,,"060514550778",,,,,,,"11",,,,,,,"7386",,,,,,"7386",,,РО,,Мужской,,,,,,,,,,Грант 22-23,,,,,,,,Математика,Информатика,,Грандмастер (Grandmaster),,,,,,,,,,,,,,,,"0",,,,,,,Зарина Кайратовна,,Олимп Палас,,,,,,,
16339,101,,"39004329",,,,,,"76",,,,,,,,,,,,,,,Вечер,"17:20",,,,,,,,,,,"2022-10-13T00:00:00",,,"2",Вт-Чт-Сб,,,,,,,"050628501946",,,,,,,"11",,,,,,,"2511",,,,,,"5476",,,КО,,Мужской,,,,,,,,,,Грант 22-23,,,,,,,,Математика,Информатика,,Грандмастер (Grandmaster),,,,,,,,,,,,,,,,"0",,,,,,,,"115",Ансар1,,,,,,,
16346,101,,"39599493",,,,,,"3",,,"7146",,,,,,,,,,,,Вечер,"17:20",,,,,,,,,"2023-05-04T00:00:00",,"2023-03-02T00:00:00",,,"9",Вт-Чт-Сб,,,,,,,"050731601497",,,,,,,"11",,,,,,,,,,,,,"7146",,,КО,,Мужской,,,,,,,,,,Грант 22-23,,,,,,,,Английский язык,География,,Грандмастер (Grandmaster),,,,,,,,,,,,,,,,Дозвон,,,,,,,Акарыс Мухитулы,,Ансар1,,,,,,,
16349,101,,"38412059",,,,,,"54",,,,,,,,,,,,,,,Вечер,"17:20",,,,,,,,,"2023-05-16T00:00:00",,"2022-10-12T00:00:00",,,"4",Вт-Чт-Сб,,,,,,,"060304650722",,,,,,,"11",,,,,,,,,,,,,"2350",,,КО,,Мужской,,,,,,,,,,Грант 22-23,,,,,,,,ЧОП,Всемирная история,,Мастер (Master),,,,,,,,,,,,,,,,"0",,,,,,,,,Ансар1,,,,,,,
16350,101,,"38414311",,,,,,"89",,,,,,,,,,,,,,,Обед,"14:00",,,,,,,,,"2023-05-17T00:00:00",,"2022-10-13T00:00:00",,,"7",Вт-Чт-Сб,,,,,,,"060329550702",,,,,,,"11",,,,,,,"2343",,,,,,"2342,5",,,КО,,Мужской,,,,,,,,,,Грант 22-23,,,,,,,,Математика,География,,Мастер (Master),,,,,,,,,,,,,,,,"0",,,,,,,,,Ансар1,,,,,,,
16359,101,,"38433003",,,,,,"72",,,,,,,,,,,,,,,Вечер,"17:20",,,,,,,,,"2023-06-18T00:00:00",,"2022-10-14T00:00:00",,,"7",Пн-Ср-Пт,,,,,,,"050528551057",,,,,,,"11",,,,,,,"9655",,,,,,"9655",,,РО,,Мужской,,,,,,,,,,Грант 22-23,,,,,,,,Математика,Информатика,,Профессор (Professor),,,,,,,,,,,,,,,,"0",,,,,,,Молдир Нурлыханкызы,,Олимп Палас,,,,,,,
16369,101,,"38442235",,,,,,"23",,,,,,,,,,,,,,,Обед,"14:00",,,,,,,,,"2023-05-22T00:00:00",,"2022-10-19T00:00:00",,,"7",Пн-Ср-Пт,,,,,,,"050307551491",,,,,,,"11",,,,,,,"5412",,,,,,"10867",,,РО,,Мужской,,,,,,,,,,Грант 22-23,,,,,,,,Математика,Физика,,Профессор (Professor),,,,,,,,,,,,,,,,"0",,,,,,,Молдир Нурлыханкызы,"5455",Ансар1,,,,,,,Русский
16382,101,,"41780229",,,,,,"79",,,,,,,,,,,,,,,Вечер,"17:20",,,,,,,,,"2023-06-04T00:00:00",,"2022-11-02T00:00:00",,,"4",Вт-Чт-Сб,,,,,,,"060613551148",,,,,,,"11",,,,,,,"6252",,,,,,"13438",,,КО,,Мужской,,,,,,,,,,Грант 22-23,,,,,,,,Математика,Физика,,Мегамозг (Megamind),,,,,,,,,,,,,,,,"0",,,,,,,Зарина Кайратовна,"7186",Ансар1,,,,,,,Казахский
16394,101,,"38975737",,,,,,"64",,,,,,,,,,,,,,,Вечер,"17:20",,,,,,,,,"2023-04-21T00:00:00",,"2022-10-19T00:00:00",,,"1",Вт-Чт-Сб,,,,,,,"050920651535",,,,,,,"11",,,,,,,"4645",,,,,,"10070",,,КО,,Мужской,,,,,,,,,,Грант 22-23,,,,,,,,Математика,Физика,,Профессор (Professor),,,,,,,,,,,,,,,,Дозвон,,,,,,,Акарыс Мухитулы,"5425",Ансар1,,,,,,,
16401,101,,"39726581",,,,,,"89",,,,,,,,,,,,,,,Вечер,"17:20",,,,,,,,,"2023-06-21T00:00:00",,"2022-10-19T00:00:00",,,"7",Вт-Чт-Сб,,,,,,,"060426501434",,,,,,,"11",,,,,,,"8153",,,,,,"16953",,,КО,,Мужской,,,,,,,,,,Грант 22-23,,,,,,,,Математика,Физика,,Мегамозг (Megamind),,,,,,,,,,,,,,,,"0",,,,,,,Зарина Кайратовна,"8800",Ансар1,,,,,,,Казахский
16454,101,,"39129925",,,,,,"1",,,,,,,,,,,,,,,Вечер,"17:20",,,,,,,,,"2023-05-02T00:00:00",,"2022-10-26T00:00:00",,,"7",Пн-Ср-Пт,,,,,,,"060207650248",,,,,,,"11",,,,,,,,,,,,,"13857",,,РО,,Женский,,,,,,,,,,Грант 22-23,,,,,,,,,География,,Мегамозг (Megamind),,,,,,,,,,,,,,,,"0",,,,,,,Молдир Нурлыханкызы,,Олимп Палас,,,,,,,Русский
16491,101,,"38670315",,,,,,"17",,,,,,,,,,,,,,,Вечер,"17:20",,,,,,,,,"2023-05-12T00:00:00",,"2023-02-10T00:00:00",,,"5",Пн-Ср-Пт,,,,,,,"050221550446",,,,,,,"11",,,,,,,"8342",,,,,,"8341,5",,,РО,,Мужской,,,,,,,,,,Грант 22-23,,,,,,,,Математика,Информатика,,Профессор (Professor),,,,,,,,,,,,,,,,"0",,,,,,,Зарина Кайратовна,,Олимп Палас,,,,,,,
16494,101,,"38673909",,,,,,BINOM SCHOOL имени Ахмета Байтурсынулы,,,,,,,,,,,,,,,Вечер,"17:20",,,,,,,,,"2023-11-04T00:00:00",,"2022-11-02T00:00:00",,,"9",Вт-Чт-Сб,,,,,,,"060301500068",,,,,,,"11",,,,,,,"6516",,,,,,"11933",,,КО,,Мужской,,,,,,,,,,Грант 22-23,,,,,,,,Математика,Физика,,Профессор (Professor),,,,,,,,,,,,,,,,"0",,,,,,,Зарина Кайратовна,"5417",Ансар1,,,,,,,Русский
16517,101,,"38711033",,,,,,"32",,,,,,,,,,,,,,,Вечер,"17:20",,,,,,,,,"2023-06-04T00:00:00",,"2022-11-02T00:00:00",,,"4",Вт-Чт-Сб,,,,,,,"051228551267",,,,,,,"11",,,,,,,"3983",,,,,,"8599,5",,,КО,,Мужской,,,,,,,,,,Грант 22-23,,,,,,,,Математика,Физика,,Профессор (Professor),,,,,,,,,,,,,,,,"0",,,,,,,Зарина Кайратовна,"4617",Ансар1,,,,,,,Казахский
16521,101,,"39255075",,,,,,"59",,,,,,,,,,,,,,,Вечер,"17:20",,,,,,,,,"2023-05-15T00:00:00",,"2022-11-02T00:00:00",,,"10",Пн-Ср-Пт,,,,,,,"060131501371",,,,,,,"11",,,,,,,"8959",,,,,,"8959",,,РО,,Мужской,,,,,,,,,,Грант 22-23,,,,,,,,Математика,Информатика,,Профессор (Professor),,,,,,,,,,,,,,,,"0",,,,,,,Зарина Кайратовна,,Олимп Палас,,,,,,,Русский
16531,101,,"39726617",,,,,,"79",,,,,,,,,,,,,,,Вечер,"17:20",,,,,,,,,"2023-06-10T00:00:00",,"2023-04-10T00:00:00",,,"1",Пн-Ср-Пт,,,,,,,"050808551891",,,,,,,"11",,,,,,,,,,,,,"7608",,,РО,,Мужской,,,,,,,,,,Грант 22-23,,,,,,,,География,Всемирная история,,Грандмастер (Grandmaster),,,,,,,,,,,,,,,,"0",,,,,,,Зарина Кайратовна,,Олимп Палас,,,,,,,Русский
16537,101,,"39819587",,,,,,"17",,,,,,,,,,,,,,,Вечер,"17:20",,,,,,,,,"2023-05-04T00:00:00",,"2022-11-02T00:00:00",,,"2",Вт-Чт-Сб,,,,,,,"050305600472",,,,,,,"11",,,,,,,"11076",,,,,,"11076",,,КО,,Мужской,,,,,,,,,,Грант 22-23,,,,,,,,Математика,География,,Профессор (Professor),,,,,,,,,,,,,,,,Дозвон,,,,,,,,,Ансар1,,,,,,,Казахский
16567,101,,"42196641",,,,,,Бил (для девочек),,,,,,,,,,,,,,,Вечер,"17:20",,,,,,,,,"2023-05-16T00:00:00",,"2023-02-14T00:00:00",,,"7",Пн-Ср-Пт,,,,,,,"051105650355",,,,,,,"11",,,,,,,"9780",,,,,,"9780",,,КО,,Женский,,,,,,,,,,Грант 22-23,,,,,,,,Математика,География,,Профессор (Professor),,,,,,,,,,,,,,,,"0",,,,,,,Зарина Кайратовна,,Ансар1,,,,,,,Казахский
16571,101,,"38773539",,,,,,"59",,,,,,,,,,,,,,,Вечер,"17:20",,,,,,,,,"2023-05-19T00:00:00",,"2023-02-17T00:00:00",,,"2",Вт-Чт-Сб,,,,,,,"060214651395",,,,,,,"11",,,,,,,"7873",,,,,,"15838",,,КО,,Мужской,,,,,,,,,,Грант 22-23,,,,,,,,Математика,Физика,,Мегамозг (Megamind),,,,,,,,,,,,,,,,"0",,,,,,,Зарина Кайратовна,"7965",Ансар1,,,,,,,Казахский
16603,101,,"38819659",,,,,,"52",,,,,,,,,,,,,,,Вечер,"17:20",,,,,,,,,"2023-05-11T00:00:00",,"2022-11-09T00:00:00",,,"3",Вт-Чт-Сб,,,,,,,"031001500234",,,,,,,"11",,,,,,,"2369",,,,,,"5008",,,КО,,Мужской,,,,,,,,,,Грант 22-23,,,,,,,,Математика,Физика,,Грандмастер (Grandmaster),,,,,,,,,,,,,,,,"0",,,,,,,,"2639",Ансар1,,,,,,,Казахский
16626,101,,"39460393",,,,,,"1",,,,,,,,,,,,,,,Вечер,"17:20",,,,,,,,,"2023-05-11T00:00:00",,"2022-11-09T00:00:00",,,"5",Пн-Ср-Пт,,,,,,,"050812550617",,,,,,,"11",,,,,,,"6581",,,,,,"6580,5",,,РО,,Мужской,,,,,,,,,,Грант 22-23,,,,,,,,Математика,Информатика,,Грандмастер (Grandmaster),,,,,,,,,,,,,,,,"0",,,,,,,Зарина Кайратовна,,Олимп Палас,,,,,,,Русский
16632,101,,"38863741",,,,,,"75",,,,,,,,,,,,,,,Вечер,"17:20",,,,,,,,,"2023-05-11T00:00:00",,"2022-11-09T00:00:00",,,"5",Пн-Ср-Пт,,,,,,,"061006550075",,,,,,,"11",,,,,,,"6189",,,,,,"6189",,,РО,,Мужской,,,,,,,,,,Грант 22-23,,,,,,,,Математика,Информатика,,Грандмастер (Grandmaster),,,,,,,,,,,,,,,,"0",,,,,,,Зарина Кайратовна,,Олимп Палас,,,,,,,
16664,101,,"39242767",,,,,,BINOM SCHOOL имени Ахмета Байтурсынулы,,,,,,,,,,,,,,,Вечер,"17:20",,,,,,,,,"2023-05-18T00:00:00",,"2022-11-16T00:00:00",,,"6",Пн-Ср-Пт,,,,,,,"060805650865",,,,,,,"11",,,,,,,"3092",,,,,,"3092",,,РО,,Женский,,,,,,,,,,Грант 22-23,,,,,,,,Математика,Информатика,,Мастер (Master),,,,,,,,,,,,,,,,"0",,,,,,,Зарина Кайратовна,,Олимп Палас,,,,,,,Русский
16670,101,,"38959485",,,,,,BINOM SCHOOL имени Ахмета Байтурсынулы,,,,,,,,,,,,,,,Вечер,"17:20",,,,,,,,,"2023-05-18T00:00:00",,"2022-11-16T00:00:00",,,"8",Пн-Ср-Пт,,,,,,,"051114650867",,,,,,,"11",,,,,,,,,,,,,"8287",,,РО,,Мужской,,,,,,,,,,Грант 22-23,,,,,,,,География,Биология,,Профессор (Professor),,,,,,,,,,,,,,,,"0",,,,,,,,,Олимп Палас,,,,,,,Русский
16676,101,,"41818289",,,,,,"30",,,,,,,,,,,,,,,Вечер,"17:20",,,,,,,,,"2023-04-30T00:00:00",,"2023-03-30T00:00:00",,,"7",Пн-Ср-Пт,,,,,,,"060221551545",,,,,,,"11",,,,,,,"6635",,,,,,"13088",,,РО,,Мужской,,,,,,,,,,Грант 22-23,,,,,,,,Математика,Физика,,Мегамозг (Megamind),,,,,,,,,,,,,,,,"0",,,,,,,Зарина Кайратовна,"6453",Олимп Палас,,,,,,,Русский
16687,101,,"38983587",,,,,,"81",,,,,,,,,,,,,,,Обед,"14:00",,,,,,,,,"2023-05-18T00:00:00",,"2022-11-16T00:00:00",,,"2",Пн-Ср-Пт,,,,,,,"051125551386",,,,,,,"11",,,,,,,"5763",,,,,,"5762,5",,,РО,,Мужской,,,,,,,,,,Грант 22-23,,,,,,,,Математика,География,,Грандмастер (Grandmaster),,,,,,,,,,,,,,,,"0",,,,,,,,,Ансар1,,,,,,,Русский
16696,101,,"39576161",,,,,,"17",,,"5017",,,,,,,,,,,,Вечер,"17:20",,,,,,,,,"2023-05-18T00:00:00",,"2022-11-16T00:00:00",,,"5",Пн-Ср-Пт,,,,,,,"060612650013",,,,,,,"11",,,,,,,,,,,,,"5017",,,РО,,Женский,,,,,,,,,,Грант 22-23,,,,,,,,Английский язык,Всемирная история,,Грандмастер (Grandmaster),,,,,,,,,,,,,,,,Дозвон,,,,,,,,,Олимп Палас,,,,,,,Русский
16717,101,,"39545431",,,,,,Бил (для девочек),,,,,,,,,,,,,,,Вечер,"17:20",,,,,,,,,"2023-05-21T00:00:00",,"2023-02-21T00:00:00",,,"2",Вт-Чт-Сб,,,,,,,"050318651280",,,,,,,"11",,,,,,,,,,,,,"7955",,,КО,,Женский,,,,,,,,,,Грант 22-23,,,,,,,,Химия,Биология,,Грандмастер (Grandmaster),,,,,,,,,,,,,,,,"0",,,,,,,Зарина Кайратовна,,Ансар1,,"7955",,,,,Казахский
16727,101,,"28371149",,,,"354995925",,"85",,,,,,,,,,,,,,,Вечер,"17:20",,,,,,,,,,,"2024-04-11T00:00:00",,,"5",Пн-Вт-Ср-Чт-Пт,,,,Да,"23-24",,"070215552136",,,,,,,"11",,,,,,,"7936",,,,,,"16959,5",,,РО,,Мужской,,,,,,,,,,Грант 23-24,,,,,,,,Математика,Физика,,Мегамозг (Megamind),,,,,,,,,,,,,,,,"0",,,,,,,Медина Жунусовна,"9024",Ансар1,,,,,,,Русский
16770,101,,"39090577",,,,,,"66",,,,,,,,,,,,,,,Вечер,"17:20",,,,,,,,,"2023-05-25T00:00:00",,"2022-11-23T00:00:00",,,"1",Пн-Ср-Пт,,,,,,,"051213650898",,,,,,,"11",,,,,,,"6805",,,,,,"6804,5",,,РО,,Мужской,,,,,,,,,,Грант 22-23,,,,,,,,Математика,География,,Грандмастер (Grandmaster),,,,,,,,,,,,,,,,Дозвон,,,,,,,,,Олимп Палас,,,,,,,Русский
16812,101,,"39685989",,,,,,BINOM SCHOOL имени Мырза Али,,,,,,,,,,,,,,,Вечер,"17:20",,,,,,,,,"2023-05-25T00:00:00",,"2022-11-23T00:00:00",,,"8",Пн-Ср-Пт,,,,,,,"040227501637",,,,,,,"11",,,,,,,"8902",,,,,,"18249",,,КО,,Мужской,,,,,,,,,,Грант 22-23,,,,,,,,Математика,Физика,,Мегамозг (Megamind),,,,,,,,,,,,,,,,"0",,,,,,,,"9347",Ансар1,,,,,,,Русский
16849,101,,"39255091",,,,,,"38",,,,,,,,,,,,,,,Вечер,"17:20",,,,,,,,,"2023-06-01T00:00:00",,"2022-11-30T00:00:00",,,"3",Пн-Ср-Пт,,,,,,,"051225550728",,,,,,,"11",,,,,,,"7845",,,,,,"15739",,,РО,,Мужской,,,,,,,,,,Грант 22-23,,,,,,,,Математика,Физика,,Мегамозг (Megamind),,,,,,,,,,,,,,,,"0",,,,,,,Молдир Нурлыханкызы,"7894",Олимп Палас,,,,,,,Русский
16852,101,,"39769347",,,,,,"89",,,,,,,,,,,,,,,Вечер,"17:20",,,,,,,,,"2023-06-01T00:00:00",,"2022-11-30T00:00:00",,,"5",Пн-Ср-Пт,,,,,,,"060630651545",,,,,,,"11",,,,,,,"6802",,,,,,"6802",,,РО,,Женский,,,,,,,,,,Грант 22-23,,,,,,,,Математика,Информатика,,Грандмастер (Grandmaster),,,,,,,,,,,,,,,,"0",,,,,,,Зарина Кайратовна,,Олимп Палас,,,,,,,Русский
16886,101,,"39809557",,,,,,"89",,,,,,,,,,,,,,,Вечер,"17:20",,,,,,,,,"2023-06-01T00:00:00",,"2022-11-30T00:00:00",,,"6",Пн-Ср-Пт,,,,,,,"060609551415",,,,,,,"11",,,,,,,"7701",,,,,,"15679,5",,,РО,,Мужской,,,,,,,,,,Грант 22-23,,,,,,,,,,,Мегамозг (Megamind),,,,,,,,,,,,,,,,"0",,,,,,,Молдир Нурлыханкызы,"7979",Олимп Палас,,,,,,,Русский
16903,101,,"39326897",,,,,,Колледж,,,,,,,,,,,,,,,Вечер,"17:20",,,,,,,,,"2023-06-03T00:00:00",,"2022-12-01T00:00:00",,,"6",Вт-Чт-Сб,,,,,,,"051117501584",,,,,,,"11",,,,,,,"8360",,,,,,"8360",,,РО,,Мужской,,,,,,,,,,Грант 22-23,,,,,,,,География,,,Профессор (Professor),,,,,,,,,,,,,,,,Дозвон,,,,,,,,,Олимп Палас,,,,,,,Русский
16904,101,,"27781961",,,,,,"32",,,"5280",,,,,,,,,,,,Вечер,"17:20",,,,,,,,,,,"2022-12-01T00:00:00",,,"6",Вт-Чт-Сб,,,,,,,"050406550987",,,,,,,"11",,,,,,,,,,,,,"5280",,,КО,,Мужской,,,,,,,,,,Грант 22-23,,,,,,,,Английский язык,География,,Грандмастер (Grandmaster),,,,,,,,,,,,,,,,"0",,,,,,,Зарина Кайратовна,,Ансар1,,,,,,,Казахский
16912,101,,"39343919",,,,,,BINOM SCHOOL имени Мырза Али,,,,,,,,,,,,,,,Вечер,"17:20",,,,,,,,,"2023-06-04T00:00:00",,"2022-12-02T00:00:00",,,"9",Пн-Ср-Пт,,,,,,,"061207651306",,,,,,,"11",,,,,,,"6520",,,,,,"13201",,,КО,,Мужской,,,,,,,,,,Грант 22-23,,,,,,,,Математика,Физика,,Мегамозг (Megamind),,,,,,,,,,,,,,,,"0",,,,,,,Зарина Кайратовна,"6681",Ансар1,,,,,,,Казахский
16921,101,,"39366777",,,,,,"27",,,,,,,,,,,,,,,Обед,"14:00",,,,,,,,,"2023-05-29T00:00:00",,"2023-03-29T00:00:00",,,"2",Вт-Чт-Сб,,,,,,,"051222601938",,,,,,,"11",,,,,,,,,,,,,"6645",,,РО,,Мужской,,,,,,,,,,Грант 22-23,,,,,,,,География,Биология,,Грандмастер (Grandmaster),,,,,,,,,,,,,,,,"0",,,,,,,Зарина Кайратовна,,Ансар1,,,,,,,Русский
16928,101,,"39805035",,,,,,"75",,,,,,,,,,,,,,,Вечер,"17:20",,,,,,,,,"2023-06-08T00:00:00",,"2022-12-06T00:00:00",,,"4",Вт-Чт-Сб,,,,,,,"060210600488",,,,,,,"11",,,,,,,,,,,,,"7938",,,РО,,Женский,,,,,,,,,,Грант 22-23,,,,,,,,География,Биология,,Грандмастер (Grandmaster),,,,,,,,,,,,,,,,"0",,,,,,,Зарина Кайратовна,,Олимп Палас,,,,,,,Русский
16929,101,,"41842237",,,,,,"59",,,"7411",,,,,,,,,,,,Вечер,"17:20",,,,,,,,,"2023-06-08T00:00:00",,"2022-12-06T00:00:00",,,"6",Вт-Чт-Сб,,,,,,,"050107651103",,,,,,,"11",,,,,,,,,,,,,"7411",,,РО,,Женский,,,,,,,,,,Грант 22-23,,,,,,,,География,География,,Грандмастер (Grandmaster),,,,,,,,,,,,,,,,"0",,,,,,,Молдир Нурлыханкызы,,Олимп Палас,,,,,,,Русский
16933,101,,"27702469",,,,,,"17",,,,,,,,,,,,,,,Вечер,"17:20",,,,,,,,,"2023-03-07T00:00:00",,"2022-12-07T00:00:00",,,"4",Пн-Ср-Пт,,,,,,,"050913501519",,,,,,,"11",,,,,,,"7129",,,,,,"7936",,,РО,,Мужской,,,,,,,,,,Грант 22-23,,,,,,,,Математика,Информатика,,Грандмастер (Grandmaster),,,,,,,,,,,,,,,,"0",,,,,,,Султан Ешмухамедов,"807",Олимп Палас,,,,,,,Русский
16939,101,,"39745683",,,,,,"32",,,,,,,,,,,,,,,Вечер,"17:20",,,,,,,,,"2023-05-10T00:00:00",,"2023-04-10T00:00:00",,,"3",Пн-Ср-Пт,,,,,,,"031104551259",,,,,,,"11",,,,,,,"6579",,,,,,"6579",,,КО,,Мужской,,,,,,,,,,Грант 22-23,,,,,,,,Математика,Информатика,,Грандмастер (Grandmaster),,,,,,,,,,,,,,,,Дозвон,,,,,,,Зарина Кайратовна,,Ансар1,,,,,,,Казахский
16947,101,,"39420529",,,,,,Бил (для мальчиков),,,,,,,,,,,,,,,Вечер,"17:20",,,,,,,,,"2023-05-10T00:00:00",,"2022-12-08T00:00:00",,,"8",Вт-Чт-Сб,,,,,,,"051001500446",,,,,,,"11",,,,,,,"4463",,,,,,"4463",,,РО,,Мужской,,,,,,,,,,Грант 22-23,,,,,,,,Математика,Информатика,,Мастер (Master),,,,,,,,,,,,,,,,"0",,,,,,,Молдир Нурлыханкызы,,Олимп Палас,,,,,,,Русский
16957,101,,"41800101",,,,,,Зерде,,,"5347",,,,,,,,,,,,Вечер,"17:20",,,,,,,,,"2023-05-11T00:00:00",,"2022-12-09T00:00:00",,,"2",Пн-Ср-Пт,,,,,,,"050316651566",,,,,,,"11",,,,,,,,,,,,,"5347",,,КО,,Женский,,,,,,,,,,Грант 22-23,,,,,,,,Математика,География,,Грандмастер (Grandmaster),,,,,,,,,,,,,,,,"0",,,,,,,,,Ансар1,,,,,,,Казахский
16982,101,,"27429527",,,,,,"76",,,,,,,,,,,,,,,Обед,"14:00",,,,,,,,,"2023-06-13T00:00:00",,"2022-12-13T00:00:00",,,"7",Вт-Чт-Сб,,,,,,,"050925550512",,,,,,,"11",,,,,,,"6689",,,,,,"6689",,,КО,,Мужской,,,,,,,,,,Грант 22-23,,,,,,,,Математика,Информатика,,Грандмастер (Grandmaster),,,,,,,,,,,,,,,,"0",,,,,,,Зарина Кайратовна,,Ансар1,,,,,,,Казахский
17032,101,,"39707281",,,,,,Зерде,,,,,,,,,,,,,,,Вечер,"17:20",,,,,,,,,"2023-05-29T00:00:00",,"2022-12-27T00:00:00",,,"4",Вт-Чт-Сб,,,,,,,"051112550654",,,,,,,"11",,,,,,,,,,,,,"5459,5",,,КО,,Мужской,,,,,,,,,,Грант 22-23,,,,,,,,Химия,Биология,,Грандмастер (Grandmaster),,,,,,,,,,,,,,,,"0",,,,,,,,,Ансар1,,"5460",,,,,Казахский
17046,101,,"42059053",,,,,,"80",,,,,,,,,,,,,,,Вечер,"17:20",,,,,,,,,"2023-06-01T00:00:00",,"2023-04-14T00:00:00",,,"3",Вт-Чт-Сб,,,,,,,"060210601347",,,,,,,"11",,,,,,,,,,,,,"8924,5",,,КО,,Женский,,,,,,,,,,Грант 22-23,,,,,,,,Химия,Биология,,Профессор (Professor),,,,,,,,,,,,,,,,Дозвон,,,,,,,Акарыс Мухитулы,,Ансар1,,"8925",,,,,Казахский
17057,101,,"41721923",,,,,,"54",,,,,,,,,,,,,,,Обед,"14:00",,,,,,,,,"2023-06-07T00:00:00",,"2023-01-05T00:00:00",,,"3",Вт-Чт-Сб,,,,,,,"050902551703",,,,,,,"11",,,,,,,"2488",,,,,,"2488",,,КО,,Мужской,,,,,,,,,,Грант 22-23,,,,,,,,Математика,Информатика,,Мастер (Master),,,,,,,,,,,,,,,,"0",,,,,,,Молдир Нурлыханкызы,,Ансар1,,,,,,,Казахский
17067,101,,"29218987","29209929",,,,,"1",,,,,,,,,,,,,,,Обед,"14:00",,,,,,,,,,,"2024-04-18T00:00:00",,,"4",Пн-Вт-Ср-Чт-Пт,,,,,"23-24",,"061113651676",,,,,,,"11",,,,,,,"2240",,,,,,"3847,75",,,РО,,Женский,,,,,,,,,,Грант 23-24,,,,,,,,Математика,Физика,,Мастер (Master),,,,,,,,,,,,,,,,"0",,,,,,,Никто,"1608",Ансар1,Аружан Маралбековна,,,ЕНТ,,,
17069,101,,,,,,,,"78",,,,,,,,,,,,,,,Обед,"14:00",,,,,,,,,,,"2023-01-05T00:00:00",,,"8",Вт-Чт-Сб,,,,,,,"050504501129",,,,,,,"11",,,,,,,"5176",,,,,,"10221,5",,,КО,,Мужской,,,,,,,,,,Грант 22-23,,,,,,,,Математика,Физика,,Профессор (Professor),,,,,,,,,,,,,,,,"0",,,,,,,,"5046",Ансар1,,,,,,,Казахский
17087,101,,"40599847",,,,,,"72",,,,,,,,,,,,,,,Вечер,"17:20",,,,,,,,,"2023-06-08T00:00:00",,"2023-01-06T00:00:00",,,"1",Пн-Ср-Пт,,,,,,,"060430551204",,,,,,,"11",,,,,,,,,,,,,"1192",,,КО,,Мужской,,,,,,,,,,Грант 22-23,,,,,,,,ЧОП,Всемирная история,,Новобранец (Recruit),,,,,,,,,,,,,,,,"0",,,,,,,Молдир Нурлыханкызы,,Ансар1,,,,,,,Казахский
17096,101,,"28580557",,,,"363185812",,"60",,,"2186",,,,,,,,,,,,Вечер,"17:20",,"831",,,,,,,"2024-06-01T00:00:00",,"2023-12-01T00:00:00",,,"7",Пн-Вт-Ср-Чт-Пт,,,,,"23-24",,"061109550749",,,,,,,"11",,,,,,,"9239",,,,,,"13769,5",,,РО,,Мужской,,,,,,,,,,Грант 23-24,,,,,,,,Математика,Информатика,,Мегамозг (Megamind),,,,,,,,,,,,,,,,"0",,,,,,,Зарина Кайратовна,"1514",Ансар1,,,,,,,Русский
17106,101,,"27879495",,,,"360480198",,"22",,,"3263",,,,,,,,,,,,Вечер,"17:20",,"1356",,,,,,"2024-04-11T00:00:00","2024-06-01T00:00:00",,"2023-09-01T00:00:00",,,"9",Пн-Вт-Ср-Чт-Пт,,,,,"23-24",,"070810553189",,,,,,,"11",,,,,,,"15126",,,,,,"21187,5",,"11",РО,,Мужской,,,,,,,,,,Грант 23-24,,,,,,,,Математика,География,,Босс (AIBoss),,,,,,,,,,,,,,,,"0",Участвует,,,,,,Зарина Кайратовна,"1443",Ансар1,,,,,,,Русский
17110,101,,"42101271",,,,,,"75",,,,,,,,,,,,,,,Обед,"14:00",,,,,,,,,"2023-06-11T00:00:00",,"2023-01-09T00:00:00",,,"8",Пн-Ср-Пт,,,,,,,"050801550528",,,,,,,"11",,,,,,,"3916",,,,,,"6912",,,РО,,Мужской,,,,,,,,,,Грант 22-23,,,,,,,,Математика,Физика,,Грандмастер (Grandmaster),,,,,,,,,,,,,,,,"0",,,,,,,Зарина Кайратовна,"2996",Ансар1,,,,,,,Русский
17125,102,,"28172051",,,,,,"48",,,,,,,,,,,,,,,Вечер,"17:20",,,,,,,,,,,"2021-06-03T00:00:00","2023-09-07T00:00:00",,"2",Пн-Ср-Пт,,,,,"23-24",,"061209550653",,,,,,,"11",,,,,,,,,,,,,"1436",,,КО,,Мужской,,,,,,,,,,Грант 23-24,,,,,,,,Химия,Биология,,Новобранец (Recruit),,,,,,,,,,,,,,,,"0",,,,,,,,,Основной,,"1436",,,,,
17149,101,,"41524297",,,,,,"3",,,,,,,,,,,,,,,Обед,"14:00",,,,,,,,,"2023-06-13T00:00:00",,"2023-01-11T00:00:00",,,"6",Пн-Ср-Пт,,,,,,,"050921051302",,,,,,,"11",,,,,,,"4916",,,,,,"4916",,,РО,,Мужской,,,,,,,,,,Грант 22-23,,,,,,,,Математика,Информатика,,Грандмастер (Grandmaster),,,,,,,,,,,,,,,,"0",,,,,,,Молдир Нурлыханкызы,,Олимп Палас,,,,,,,Русский
17166,101,,"41669153",,,,,,BINOM SCHOOL имени Мырза Али,,,,,,,,,,,,,,,Обед,"14:00",,,,,,,,,"2023-06-18T00:00:00",,"2023-01-16T00:00:00",,,"6",Пн-Ср-Пт,,,,,,,"060308500622",,,,,,,"11",,,,,,,"4406",,,,,,"4406",,,РО,,Мужской,,,,,,,,,,Грант 22-23,,,,,,,,Математика,Информатика,,Мастер (Master),,,,,,,,,,,,,,,,"0",,,,,,,Молдир Нурлыханкызы,,Олимп Палас,,,,,,,Русский
17185,101,,"39770505",,,,,,"91",,,,,,,,,,,,,,,Вечер,"17:20",,,,,,,,,"2023-05-17T00:00:00",,"2023-04-17T00:00:00",,,"1",Вт-Чт-Сб,,,,,,,"060502550861",,,,,,,"11",,,,,,,"5909",,,,,,"5909",,,КО,,Мужской,,,,,,,,,,Грант 22-23,,,,,,,,География,География,,Грандмастер (Grandmaster),,,,,,,,,,,,,,,,"0",,,,,,,Зарина Кайратовна,,Ансар1,,,,,,,Казахский
17200,101,,"41557055",,,,,,"72",,,,,,,,,,,,,,,Обед,"14:00",,,,,,,,,"2023-06-19T00:00:00",,"2023-01-17T00:00:00",,,"1",Вт-Чт-Сб,,,,,,,"050524500010",,,,,,,"11",,,,,,,"6366",,,,,,"6365,5",,,РО,,Мужской,,,,,,,,,,Грант 22-23,,,,,,,,Математика,Информатика,,Грандмастер (Grandmaster),,,,,,,,,,,,,,,,"0",,,,,,,Молдир Нурлыханкызы,,Олимп Палас,,,,,,,Русский
17249,101,,"28372313",,,,"362662577",,"28",,,,,,,,,,,,,,,Вечер,"17:20",,,,,,,,,"2024-05-10T00:00:00",,"2024-04-10T00:00:00",,,"4",Вт-Ср-Чт-Пт-Сб,,,,,"23-24",,"070307601613",,,,,,,"11",,,,,,,"102,5",,,,,,"102,5",,,КО,,Женский,,,,,,,,,,Грант 23-24,,,,,,,,География,Биология,,Новобранец (Recruit),,,,,,,,,,,,,,,,Дозвон,,,,,,,Медина Жунусовна,,Ансар1,,,,,,,Казахский
17258,101,,"41763189",,,,,,"72",,,,,,,,,,,,,,,Вечер,"17:20",,,,,,,,,"2023-05-21T00:00:00",,"2023-01-19T00:00:00",,,"8",Вт-Чт-Сб,,,,,,,"060125602630",,,,,,,"11",,,,,,,,,,,,,"3467",,,РО,,Мужской,,,,,,,,,,Грант 22-23,,,,,,,,География,Биология,,Мастер (Master),,,,,,,,,,,,,,,,"0",,,,,,,,,Ансар1,,,,,,,Русский
17267,101,,"41797001",,,,,,"48",,,,,,,,,,,,,,,Обед,"14:00",,,,,,,,,"2023-05-25T00:00:00",,"2023-04-25T00:00:00",,,"9",Вт-Чт-Сб,,,,,,,"060515651420",,,,,,,"11",,,,,,,"4920",,,,,,"6046",,,КО,,Мужской,,,,,,,,,,Грант 22-23,,,,,,,,Математика,Физика,,Грандмастер (Grandmaster),,,,,,,,,,,,,,,,"0",,,,,,,Молдир Нурлыханкызы,"1126",Ансар1,,,,,,,Казахский
17311,101,,"27817523",,,,"372128310",,BINOM SCHOOL имени Алихана Букейхана,,,,,,,,,,,,,,,Вечер,"17:20",,,,,,,,,,,"2023-01-25T00:00:00",,,"6",Пн-Ср-Пт,,,,,"23-24",,"060901651220",,,,,,,"10",,,,,,,"13810",,,,,,"13810",,,КО,,Женский,,,,,,,,,,Грант 23-24,,,,,,,,Математика,Информатика,,Мегамозг (Megamind),,,,,,,,,,,,,,,,Дозвон,Участвует,,,,,,Зарина Кайратовна,,Ансар1,,,,,,,Казахский
17349,101,,"27426143",,,,,,"80",,,,,,,,,,,,,,,Обед,"14:00",,,,,,,,,"2023-06-03T00:00:00",,"2023-02-01T00:00:00",,,"7",Пн-Ср-Пт,,,,,,,"051028551120",,,,,,,"11",,,,,,,"5313",,,,,,"5313",,,РО,,Мужской,,,,,,,,,,Грант 22-23,,,,,,,,Математика,Информатика,,Грандмастер (Grandmaster),,,,,,,,,,,,,,,,Дозвон,,,,,,,Зарина Кайратовна,,Олимп Палас,,,,,,,Русский
17412,101,,"42041033",,,,,,"48",,,,,,,,,,,,,,,Обед,"14:00",,,,,,,,,"2023-06-08T00:00:00",,"2023-02-06T00:00:00",,,"4",Пн-Ср-Пт,,,,,,,"060310501146",,,,,,,"11",,,,,,,"3749",,,,,,"6665",,,РО,,Мужской,,,,,,,,,,Грант 22-23,,,,,,,,Математика,Физика,,Грандмастер (Grandmaster),,,,,,,,,,,,,,,,"0",,,,,,,Зарина Кайратовна,"2916",Ансар1,,,,,,,Русский
17416,101,,"42059465",,,,,,"17",,,,,,,,,,,,,,,Вечер,"17:20",,,,,,,,,"2023-06-08T00:00:00",,"2023-02-06T00:00:00",,,"8",Пн-Ср-Пт,,,,,,,"060317550063",,,,,,,"11",,,,,,,"6245",,,,,,"6245",,,РО,,Мужской,,,,,,,,,,Грант 22-23,,,,,,,,Математика,Информатика,,Грандмастер (Grandmaster),,,,,,,,,,,,,,,,"0",,,,,,,Молдир Нурлыханкызы,,Олимп Палас,,,,,,,Русский
17418,101,,"41842373",,,,,,"28",,,,,,,,,,,,,,,Обед,"14:00",,,,,,,,,"2023-06-06T00:00:00",,"2023-02-06T00:00:00",,,"3",Пн-Ср-Пт,,,,,,,"050905651875",,,,,,,"11",,,,,,,,,,,,,"598",,,РО,,Мужской,,,,,,,,,,Грант 22-23,,,,,,,,ЧОП,Всемирная история,,Новобранец (Recruit),,,,,,,,,,,,,,,,"0",,,,,,,Зарина Кайратовна,,Олимп Палас,,,,,,,Русский
17427,101,,"42097999",,,,,,"54",,,,,,,,,,,,,,,Обед,"14:00",,,,,,,,,"2023-05-07T00:00:00",,"2023-04-07T00:00:00",,,"4",Пн-Ср-Пт,,,,,,,"1212109329123",,,,,,,"11",,,,,,,"3127",,,,,,"3127",,,КО,,Мужской,,,,,,,,,,Грант 22-23,,,,,,,,Математика,Информатика,,Мастер (Master),,,,,,,,,,,,,,,,"0",,,,,,,Искандер Маликович,,Ансар1,,,,,,,Казахский
17470,101,,"27420209",,,,,,"59",,,,,,,,,,,,,,,Обед,"14:00",,,,,,,,,,,"2023-02-09T00:00:00",,,"7",Вт-Чт-Сб,,,,,,,"051219650464",,,,,,,"11",,,,,,,,,,,,,"448",,,РО,,Женский,,,,,,,,,,Грант 22-23,,,,,,,,ЧОП,Всемирная история,,Новобранец (Recruit),,,,,,,,,,,,,,,,"0",,,,,,,Зарина Кайратовна,,Олимп Палас,,,,,,,Русский
17482,101,,"27420583",,,,,,"27",,,,,,,,,,,,,,,Вечер,"17:20",,,,,,,,,"2023-06-11T00:00:00",,"2023-02-09T00:00:00",,,"2",Вт-Чт-Сб,,,,,,,"051001650370",,,,,,,"11",,,,,,,"3629",,,,,,"3628,5",,,КО,,Женский,,,,,,,,,,Грант 22-23,,,,,,,,Математика,География,,Мастер (Master),,,,,,,,,,,,,,,,"0",,,,,,,Молдир Нурлыханкызы,,Ансар1,,,,,,,Казахский
17575,101,,"27424249",,,,,,"10",,,,,,,,,,,,,,,Обед,"14:00",,,,,,,,,"2023-05-25T00:00:00",,"2023-02-23T00:00:00",,,"2",Вт-Чт-Сб,,,,,,,"051231550959",,,,,,,"11",,,,,,,"6409",,,,,,"6409",,,РО,,Мужской,,,,,,,,,,Грант 22-23,,,,,,,,Математика,Информатика,,Грандмастер (Grandmaster),,,,,,,,,,,,,,,,"0",,,,,,,,,Олимп Палас,,,,,,,Русский
17589,101,,"27425013",,,,,,"84",,,,,,,,,,,,,,,Вечер,"17:20",,,,,,,,,"2023-05-30T00:00:00",,"2023-02-28T00:00:00",,,"3",Вт-Чт-Сб,,,,,,,"060818501306",,,,,,,"11",,,,,,,,,,,,,,,,КО,,Мужской,,,,,,,,,,Грант 22-23,,,,,,,,Английский язык,Всемирная история,,,,,,,,,,,,,,,,,,Дозвон,,,,,,,,,Ансар1,,,,,,,Казахский
17601,101,,"42187327",,,,,,BINOM SCHOOL имени Ахмета Байтурсынулы,,,,,,,,,,,,,,,Вечер,"17:20",,,,,,,,,"2023-05-05T00:00:00",,"2023-04-05T00:00:00",,,"4",Пн-Ср-Пт,,,,,,,"060212650727",,,,,,,"11",,,,,,,"5578",,,,,,"5578",,,РО,,Женский,,,,,,,,,,Грант 22-23,,,,,,,,Математика,Информатика,,Грандмастер (Grandmaster),,,,,,,,,,,,,,,,"0",,,,,,,Зарина Кайратовна,,Олимп Палас,,,,,,,Русский
17603,101,,"27425515",,,,,,BINOM SCHOOL имени Алихана Букейхана,,,,,,,,,,,,,,,Обед,"14:00",,,,,,,,,"2023-06-03T00:00:00",,"2023-03-01T00:00:00",,,"6",Пн-Ср-Пт,,,,,,,"050816651376",,,,,,,"11",,,,,,,"3007",,,,,,"5787",,,РО,,Женский,,,,,,,,,,Грант 22-23,,,,,,,,Математика,Физика,,Грандмастер (Grandmaster),,,,,,,,,,,,,,,,"0",,,,,,,Молдир Нурлыханкызы,"2780",Ансар1,,,,,,,Русский
17631,101,,"27426581",,,,,,"75",,,,,,,,,,,,,,,Обед,"14:00",,,,,,,,,"2023-06-08T00:00:00",,"2023-03-06T00:00:00",,,"10",Пн-Ср-Пт,,,,,,,"050423651716",,,,,,,"11",,,,,,,,,,,,,,,,РО,,Женский,,,,,,,,,,Грант 22-23,,,,,,,,География,Биология,,,,,,,,,,,,,,,,,,"0",,,,,,,Молдир Нурлыханкызы,,Ансар1,,,,,,,Русский
17632,101,,"27426583",,,,,,BINOM SCHOOL имени Алихана Букейхана,,,,,,,,,,,,,,,Вечер,"17:20",,,,,,,,,"2023-06-07T00:00:00",,"2023-03-07T00:00:00",,,"2",Вт-Чт-Сб,,,,,,,"060208601772",,,,,,,"11",,,,,,,"3901",,,,,,"3900,5",,,КО,,Женский,,,,,,,,,,Грант 22-23,,,,,,,,Математика,География,,Мастер (Master),,,,,,,,,,,,,,,,"0",,,,,,,Зарина Кайратовна,,Ансар1,,,,,,,Казахский
17633,101,,"27643609",,,,,,Зерде,,,,,,,,,,,,,,,Вечер,"17:20",,,,,,,,,"2023-06-04T00:00:00",,"2023-03-04T00:00:00",,,"5",Вт-Чт-Сб,,,,,,,"050512551763",,,,,,,"11",,,,,,,"4309",,,,,,"4309",,,КО,,Мужской,,,,,,,,,,Грант 22-23,,,,,,,,Математика,Информатика,,Мастер (Master),,,,,,,,,,,,,,,,"0",,,,,,,Молдир Нурлыханкызы,,Ансар1,,,,,,,Казахский
17667,102,,"29147409",,,,"364131270",,"56",,,"10085",,,,,,,,,,,,Обед,"14:00",,"4277",,,,,,"2024-06-15T00:00:00","2023-04-28T00:00:00","2024-06-14T00:00:00","2022-10-26T00:00:00","2024-06-19T00:00:00",,"9",Пн-Вт-Ср-Вс-Чт-Пт-Сб,,,,,"23-24",,"090305555193",,,,,,,"11",,,,,,,"29401",,,,,,"58824",,"29",РО,,Женский,,,,,,,,,,Грант 23-24,,,,,,,,Математика,Информатика,,Легенда III (Legend III),,,,,,,,,,,,,,,,Дозвон,,,,,,,Томирис Султанкызы,"15061",Основной,,,,,,,Русский
17789,101,,"28076761",,,,"370601537",,BINOM SCHOOL имени Ахмета Байтурсынулы,,,"1763",,,,,,,,,,,,Вечер,"17:20",,,,,,,,,,,"2023-04-05T00:00:00",,,"7",Пн-Ср-Пт,,,,,"23-24",,"070607651660",,,,,,,"10",,,,,,,"9008",,,,,,"10770,5",,,КО,,Женский,,,,,,,,,,Грант 23-24,,,,,,,,Математика,Информатика,,Профессор (Professor),,,,,,,,,,,,,,,,Ватсап,,,,,,,Никто,,Ансар1,,,,,,,Казахский
17833,101,,"27641741",,,,,,Нет школы,,,,,,,,,,,,,,,Вечер,"17:20",,,,,,,,,"2023-06-05T00:00:00.0000000",,"2023-04-05T00:00:00.0000000",,,"6",Пн-Ср-Пт,,,,,,,"010530551289",,,,,,,"11",,,,,,,"3103",,,,,,"6206",,,РО,,Мужской,,,,,,,,,,Грант 23-24,,,,,,,,Математика,Физика,,Грандмастер (Grandmaster),,,,,,,,,,,,,,,,"0",,,,,,,Никто,"3103",Олимп Палас,,,,,,,Русский
17907,101,,"27700571",,,,"368754170",,"53",,,,,,,,,,,,,,,Вечер,"17:20",,,,,,,,"2024-06-07T00:00:00","2024-06-01T00:00:00","2024-06-05T00:00:00","2023-08-01T00:00:00",,,"7",Вт-Чт-Сб,,,,,"23-24",,"070423650880",,,,,,,"11",,,,,,,"9410",,,,,,"18261",,"56",КО,,Женский,,,,,,,,,,Грант 23-24,,,,,,,,Математика,Физика,,Мегамозг (Megamind),,,,,,,,,,,,,,,,Встреча в центре,Участвует,,,,,,Зарина Кайратовна,"8851",Ансар1,,,,,,,Казахский
17937,101,,"28076839",,,,"361076433",,"2",,,,,,,,,,,,,,,Вечер,"17:20",,,,,,,,"2024-05-25T00:00:00",,"2024-05-22T00:00:00","2023-07-17T00:00:00",,,"7",Пн-Вт-Ср-Чт-Пт,,,,,"23-24",,"061201651604",,,,,,,"11",,,,,,,"14289",,,,,,"14288,5",,"54",РО,,Женский,,,,,,,,,,Грант 23-24,,,,,,,,Математика,География,,Мегамозг (Megamind),,,,,,,,,,,,,,,,Дозвон,,,,,,,Молдир Нурлыханкызы,,Ансар1,,,,,,,Русский
17999,102,,"28460825","28450961",,,"341749040",,"19",,,"609",,,,,,,,,,,,Обед,"14:00",,,,,,,,"2024-03-22T00:00:00",,,"2021-08-04T00:00:00","2024-06-17T00:00:00",,"12",Пн-Вт-Ср-Чт-Пт,,,,Да,"23-24",,"070719600050",,,,,,,"11",,,,,,,"8547",,,,,,"16560",,"26",РО,,Женский,,,,,,,,,,Грант 23-24,,,,,,,,Математика,Физика,,Мегамозг (Megamind),,,,,,,,,,,,,,,,"0",,,,,,,,"7404",Основной,,,,,,,Русский
18046,101,,"27750883",,,,"367021741",,"35",,,,,,,,,,,,,,,Вечер,"17:20",,,,,,,,,,,"2023-08-02T00:00:00",,,"14",Пн-Ср-Пт,,,,,"23-24",,"061025651441",,,,,,,"11",,,,,,,,,,,,,,,,КО,,Мужской,,,,,,,,,,Грант 23-24,,,,,,,,ЧОП,Всемирная история,,,,,,,,,,,,,,,,,,"0",Участвует,,,,,,Молдир Нурлыханкызы,,Ансар1,,,,,,,Русский
18100,101,,"27427889",,,,"374622079",,"33",,,"10620",,,,,,,,,,,,Вечер,"17:20",,,,,,,,"2024-03-06T00:00:00",,,"2023-05-19T00:00:00",,,"7",Пн-Вт-Ср-Чт-Пт,,,,,"23-24",,"051225550252",,,,,,,"11",,,,,,,,,,,,,"10620",,"50",РО,,Мужской,,,,,,,,,,Грант 23-24,,,,,,,,Английский язык,Всемирная история,,Профессор (Professor),,,,,,,,,,,,,,,,Дозвон,,,,,,,,,Ансар1,,,,,,,Русский
18139,101,,"28076527",,,,"367018552",,"91",,,,,,,,,,,,,,,Вечер,"17:20",,,,,,,,,,,"2023-08-01T00:00:00",,,"10",Вт-Чт-Сб,,,,,"23-24",,"070219650940",,,,,,,"11",,,,,,,,,,,,,"7406",,,КО,,Женский,,,,,,,,,,Грант 23-24,,,,,,,,География,Биология,,Грандмастер (Grandmaster),,,,,,,,,,,,,,,,"0",Участвует,,,,,,Зарина Кайратовна,,Ансар1,,"7406",,,,,Казахский
18141,101,,"28076541",,,,"368043162",,"3",,,,,,,,,,,,,,,Вечер,"17:20",,,,,,,,,,,"2023-08-01T00:00:00",,,"9",Вт-Чт-Сб,,,,,"23-24",,"061025650550",,,,,,,"11",,,,,,,,,,,,,"11687",,,КО,,Женский,,,,,,,,,,Грант 23-24,,,,,,,,Химия,Биология,,Профессор (Professor),,,,,,,,,,,,,,,,"0",Участвует,,,,,,Молдир Нурлыханкызы,,Ансар1,,"11687",,,,,Казахский
18183,101,,"28076581",,,,"371355228",,"27",,,,,,,,,,,,,,,Вечер,"17:20",,,,,,,,,,,"2023-08-01T00:00:00",,,"13",Вт-Чт-Сб,,,,,"23-24",,"060223551952",,,,,,,"11",,,,,,,"10508",,,,,,"22330",,,КО,,Мужской,,,,,,,,,,Грант 23-24,,,,,,,,Математика,Физика,,Босс (AIBoss),,,,,,,,,,,,,,,,Ватсап,Участвует,,,,,,Никто,"11822",Ансар1,,,,,,,Казахский
18196,101,,"27873285",,,,"363201438",,"57",,,,,,,,,,,,,,,Вечер,"17:20",,,,,,,,"2024-06-08T00:00:00",,"2024-06-07T00:00:00","2023-08-01T00:00:00",,,"14",Вт-Чт-Сб,,,,,"23-24",,"070627602087",,,,,,,"11",,,,,,,,,,,,,"14639",,"55",КО,,Мужской,,,,,,,,,,Грант 23-24,,,,,,,,Химия,Биология,,Мегамозг (Megamind),,,,,,,,,,,,,,,,"0",Участвует,,,,,,Зарина Кайратовна,,Ансар1,,"14639",,,,,Казахский
18201,101,,"27874891",,,,"357804799",,"1",,,,,,,,,,,,,,,Обед,"14:00",,,,,,,,,,,"2023-06-14T00:00:00",,,"6",Пн-Вт-Ср-Чт-Пт,,,,Да,"23-24",,"070613501620",,,,,,,"11",,,,,,,"15837",,,,,,"15836,5",,,РО,,Мужской,,,,,,,,,,Грант 23-24,,,,,,,,Математика,Информатика,,Мегамозг (Megamind),,,,,,,,,,,,,,,,"0",Участвует,,,,,,Зарина Кайратовна,,Ансар1,,,,,,,Русский
18250,101,,"27891143",,,,"362483790",,"1",,,,,,,,,,,,,,,Обед,"14:00",,,,,,,,"2024-05-15T00:00:00",,,"2023-07-10T00:00:00",,,"6",Пн-Вт-Ср-Чт-Пт,,,,,"23-24",,"061217550805\",,,,,,,"11",,,,,,,"12531",,,,,,"24356",,"38",РО,,Мужской,,,,,,,,,,Грант 23-24,,,,,,,,Математика,Физика,,Босс (AIBoss),,,,,,,,,,,,,,,,"0",Участвует,,,,,,Аружан Маралбековна,"11825",Ансар1,,,,,,,Русский
18282,101,,"27897433",,,,"357804751",,"34",,,"7958",,,,,,,,,,,,Обед,"14:00",,,,,,,,"2024-05-24T00:00:00",,,"2023-07-10T00:00:00",,,"1",Пн-Вт-Ср-Чт-Пт,,,,Да,"23-24",,"070922650090",,,,,,,"11",,,,,,,"300",,,,,,"8258",,"0",РО,,Женский,,,,,,,,,,Грант 23-24,,,,,,,,Английский язык,Всемирная история,,Профессор (Professor),,,,,,,,,,,,,,,,Дозвон,Участвует,,,,,,,,Ансар1,,,,,,,Русский
18304,101,,"27902825",,,,"354995911",,"3",,,,,,,,,,,,,,,Вечер,"17:20",,,,,,,,,"2024-04-28T00:00:00",,"2023-08-28T00:00:00",,,"12",Пн-Ср-Пт,,,,Да,"23-24",,"070106651815",,,,,,,"11",,,,,,,"10916",,,,,,"10915,75",,,РО,,Мужской,,,,,,,,,,Грант 23-24,,,,,,,,Математика,Информатика,,Профессор (Professor),,,,,,,,,,,,,,,,"0",,,,,,,Молдир Нурлыханкызы,,Ансар1,,,,,,,Русский
18317,102,,"28839107",,,,"366683124",,"14",,,,,,,,,,,,,,,Вечер,"17:20",,,,,,,,,,,"2021-08-21T00:00:00","2024-04-12T00:00:00",,"3",Пн-Вт-Ср-Чт-Пт,,,,,"23-24",,"040627000156",,,,,,,"11",,,,,,,"5724",,,,,,"10049",,,КО,,Мужской,,,,,,,,,,Грант 23-24,,,,,,,,Математика,География,,Профессор (Professor),,,,,,,,,,,,,,,,"0",,,,,,,,"4325",Основной,,,,,,,Казахский
18358,101,,"27942141",,,,"364974514",,"1",,,,,,,,,,,,,,,Вечер,"17:20",,,,,,,,"2024-05-12T00:00:00",,,"2023-07-10T00:00:00",,,"5",Пн-Ср-Пт,,,,,"23-24",,"06080900179",,,,,,,"11",,,,,,,,,,,,,,,"40",КО,,Мужской,,,,,,,,,,Грант 23-24,,,,,,,,География,Всемирная история,,,,,,,,,,,,,,,,,,Ватсап,Участвует,,,,,,Зарина Кайратовна,,Ансар1,,,,,,,Казахский
18392,101,,"27954969",,,,"371247838",,"2",,,"11746",,,,,,,,,,,,Вечер,"17:20",,,,,,,,,,,"2023-07-10T00:00:00",,,"14",Пн-Ср-Пт,,,,,"23-24",,"060830650257",,,,,,,"11",,,,,,,"2681",,,,,,"14427",,,КО,,Женский,,,,,,,,,,Грант 23-24,,,,,,,,Математика,География,,Мегамозг (Megamind),,,,,,,,,,,,,,,,"0",,,,,,,,,Ансар1,,,,,,,Казахский
18397,101,,"28994535",,,,"357804783",,"1",,,,,,,,,,,,,,,Вечер,"17:20",,,,,,,,,,,"2023-08-02T00:00:00",,,"2",Пн-Ср-Пт,,,,Да,"23-24",,"060906652197",,,,,,,"11",,,,,,,"12446",,,,,,"12445,5",,,РО,,Женский,,,,,,,,,,Грант 23-24,,,,,,,,Математика,География,,Мегамозг (Megamind),,,,,,,,,,,,,,,,"0",Участвует,,,,,,Искандер Маликович,,Ансар1,,,,,,,Русский
18413,101,,"29401471",,,,"357804776",,"1",,,,,,,,,,,,,,,Вечер,"17:20",,,,,,,,,"2024-05-22T00:00:00",,"2024-02-22T00:00:00",,,"11",Пн-Вт-Ср-Вс-Чт-Пт-Сб,,,,Да,"23-24",,"060907550683",,,,,,,"11",,,,,,,"15538",,,,,,"15538",,,РО,,Мужской,,,,,,,,,,Грант 23-24,,,,,,,,Математика,Информатика,,Мегамозг (Megamind),,,,,,,,,,,,,,,,"0",Участвует,,,,,,Молдир Нурлыханкызы,,Ансар1,,,,,,,Русский
18417,101,,"27965309",,,,"370666604",,"2",,,,,,,,,,,,,,,Обед,"14:00",,,,,,,,"2024-06-01T00:00:00",,"2024-05-31T00:00:00","2024-05-16T00:00:00",,,"8",Пн-Ср-Пт,,,,,"23-24",,"061011550687",,,,,,,"11",,,,,,,,,,,,,"16851",,"44",КО,,Мужской,,,,,,,,,,Грант 23-24,,,,,,,,Химия,Биология,,Мегамозг (Megamind),,,,,,,,,,,,,,,,"0",Участвует,,,,,,Искандер Маликович,,Ансар1,,"16851",,,,,Казахский
18431,101,,"29025751",,,,"366891923",,"2",,,,,,,,,,,,,,,Вечер,"17:20",,,,,,,,,,,"2024-03-07T00:00:00",,,"11",Пн-Ср-Пт,,,,Да,"23-24",,"061014550495",,,,,,,"11",,,,,,,"11553",,,,,,"11553",,,РО,,Мужской,,,,,,,,,,Грант 23-24,,,,,,,,Математика,Информатика,,Профессор (Professor),,,,,,,,,,,,,,,,"0",,,,,,,Искандер Маликович,,Ансар1,,,,,,,Русский
18440,101,,"27976875",,,,"368729824",,"2",,,,,,,,,,,,,,,Обед,"14:00",,,,,,,,,,,"2023-07-10T00:00:00",,,"15",Пн-Ср-Пт,,,,,"23-24",,"061126500160",,,,,,,"11",,,,,,,"12845",,,,,,"25807",,,КО,,Мужской,,,,,,,,,,Грант 23-24,,,,,,,,Математика,Физика,,Босс (AIBoss),,,,,,,,,,,,,,,,"0",Участвует,,,,,,Акарыс Мухитулы,"12962",Ансар1,,,,,,,Казахский
18452,101,,"27985899",,,,"366892715",,"15",,,,,,,,,,,,,,,Вечер,"17:20",,,,,,,,"2024-05-26T00:00:00",,"2024-05-25T00:00:00","2023-08-02T00:00:00",,,"3",Пн-Ср-Пт,,,,,"23-24",,"060603100351",,,,,,,"11",,,,,,,"371",,,,,,"371",,"31",КО,,Женский,,,,,,,,,,Грант 23-24,,,,,,,,Математика,География,,Новобранец (Recruit),,,,,,,,,,,,,,,,"0",Участвует,,,,,,Акарыс Мухитулы,,Ансар1,,,,,,,Казахский
18472,101,,"28003487",,,,,,"23",,,"10798",,,,,,,,,,,,Вечер,"17:20",,,,,,,,"2024-06-02T00:00:00",,"2024-06-01T00:00:00","2023-08-23T00:00:00",,,"6",Пн-Ср-Пт,,,,,"23-24",,"070717652776",,,,,,,"11",,,,,,,,,,,,,"10798",,"44",КО,,Мужской,,,,,,,,,,Грант 23-24,,,,,,,,Английский язык,Всемирная история,,Профессор (Professor),,,,,,,,,,,,,,,,Дозвон,,,,,,,Аружан Маралбековна,,Ансар1,,,,,,,Казахский
18478,101,,"28075761",,,,"361242058",,"1",,,,,,,,,,,,,,,Вечер,"17:20",,,,,,,,"2024-05-28T00:00:00","2024-04-10T00:00:00","2024-05-24T00:00:00","2023-07-10T00:00:00",,,"1",Вт-Чт-Сб,,,,,"23-24",,"070723501222",,,,,,,"11",,,,,,,"15964",,,,,,"15964",,"41",КО,,Мужской,,,,,,,,,,Грант 23-24,,,,,,,,Математика,Информатика,,Мегамозг (Megamind),,,,,,,,,,,,,,,,"0",Участвует,,,,,,Никто,,Ансар1,,,,,,,Казахский
18482,101,,"28008299",,,,"361244981",,"39",,,,,,,,,,,,,,,Вечер,"17:20",,,,,,,,,,,"2023-07-11T00:00:00",,,"1",,,,,,"23-24",,"061215550745",,,,,,,"11",,,,,,,"17057",,,,,,"17147",,,КО,,Мужской,,,,,,,,,,Грант 23-24,,,,,,,,Математика,Информатика,,Мегамозг (Megamind),,,,,,,,,,,,,,,,Дозвон,Участвует,,,,,,Аружан Маралбековна,"90",Ансар1,,,,,,,
18514,101,,"28075773",,,,"373017085",,"37",,,"12313",,,,,,,,,,,,Вечер,"17:20",,,,,,,,,"2024-04-11T00:00:00",,"2023-07-11T00:00:00",,,"5",Пн-Ср-Пт,,,,,"23-24",,"070722650043",,,,,,,"11",,,,,,,,,,,,,"12313",,,КО,,Женский,,,,,,,,,,Грант 23-24,,,,,,,,Английский язык,Всемирная история,,Мегамозг (Megamind),,,,,,,,,,,,,,,,"0",,,,,,,Никто,,Ансар1,,,,,,,
18523,101,,"28075657",,,,"366861509",,"56",,,,,,,,,,,,,,,Вечер,"17:20",,,,,,,,"2024-05-22T00:00:00",,"2024-05-21T00:00:00","2023-08-10T00:00:00",,,"12",,,,,,"23-24",,"070508651325",,,,,,,"11",,,,,,,"9626",,,,,,"20249",,"42",КО,,Мужской,,,,,,,,,,Грант 23-24,,,,,,,,Математика,Физика,,Босс (AIBoss),,,,,,,,,,,,,,,,"0",,,,,,,Аружан Маралбековна,"10623",Ансар1,,,,,,,
18528,101,,"28023927",,,,"362487865",,"28",,,,,,,,,,,,,,,Вечер,"17:20",,,,,,,,,"2024-05-09T00:00:00",,"2023-07-10T00:00:00",,,"14",Пн-Вт-Ср-Чт-Пт,,,,Да,"23-24",,"070222650431",,,,,,,"11",,,,,,,"17177",,,,,,"17177",,,РО,,Женский,,,,,,,,,,Грант 23-24,,,,,,,,Математика,География,,Мегамозг (Megamind),,,,,,,,,,,,,,,,Дозвон,,,,,,,,,Ансар1,,,,,,,
18529,101,,"28075749",,,,"361094999",,"29",,,,,,,,,,,,,,,Вечер,"17:20",,,,,,,,"2024-03-16T00:00:00","2024-04-10T00:00:00",,"2023-07-10T00:00:00",,,"11",Пн-Вт-Ср-Чт-Пт,,,,,"23-24",,"070511551107",,,,,,,"11",,,,,,,"13629",,,,,,"13629",,"45",РО,,Мужской,,,,,,,,,,Грант 23-24,,,,,,,,Математика,Информатика,,Мегамозг (Megamind),,,,,,,,,,,,,,,,Дозвон,,,,,,,Никто,,Ансар1,,,,,,,
18569,101,,"28037713",,,,"363156415",,"1",,,,,,,,,,,,,,,Обед,"14:00",,,,,,,,"2024-05-16T00:00:00",,,"2023-08-01T00:00:00",,,"11",,,,,,"23-24",,"070509600792",,,,,,,"11",,,,,,,,,,,,,"13991,5",,"43",КО,,Мужской,,,,,,,,,,Грант 23-24,,,,,,,,Химия,Биология,,Мегамозг (Megamind),,,,,,,,,,,,,,,,"0",Участвует,,,,,,Аружан Маралбековна,,Ансар1,,"13992",,,,,
18587,101,,"28045725",,,,"361076447",,"1",,,,,,,,,,,,,,,Вечер,"17:20",,,,,,,,,,,"2023-08-16T00:00:00",,,"15",Пн-Вт-Ср-Чт-Пт,,,,,"23-24",,"061225552380",,,,,,,"11",,,,,,,"8927",,,,,,"17967",,,РО,,Мужской,,,,,,,,,,Грант 23-24,,,,,,,,Математика,Физика,,Мегамозг (Megamind),,,,,,,,,,,,,,,,"0",Участвует,,,,,,Аружан Маралбековна,"9040",Ансар1,,,,,,,
18598,101,,"28075667",,,,"374988434",,BINOM SCHOOL имени Каныша Сатпаева,,,,,,,,,,,,,,,Вечер,"17:20",,,,,,,,,"2024-06-17T00:00:00",,"2023-08-10T00:00:00",,,"5",Пн-Вт-Ср-Чт-Пт,,,,,"23-24",,"071102551730",,,,,,,"11",,,,,,,"12334",,,,,,"12716,5",,,РО,,Мужской,,,,,,,,,,Грант 23-24,,,,,,,,Математика,Информатика,,Мегамозг (Megamind),,,,,,,,,,,,,,,,Дозвон,Участвует,,,,,,Никто,,Ансар1,,"383",,,,,
18618,101,,"28067653",,,,"368754983",,"7",,,,,,,,,,,,,,,Вечер,"17:20",,,,,,,,,,,"2023-07-19T00:00:00",,,"12",,,,,,"23-24",,"061202650275",,,,,,,"11",,,,,,,"12666",,,,,,"25979",,,КО,,Женский,,,,,,,,,,Грант 23-24,,,,,,,,Математика,Физика,,Босс (AIBoss),,,,,,,,,,,,,,,,Дозвон,Участвует,,,,,,Аружан Маралбековна,"13313",Ансар1,,,,,,,
18619,101,,"28075605",,,,"361502264",,BINOM SCHOOL имени Мырза Али,,,,,,,,,,,,,,,Вечер,"17:20",,,,,,,,,"2024-03-16T00:00:00",,"2023-10-17T00:00:00",,,"3",Пн-Вт-Ср-Чт-Пт,,,,,"23-24",,"070523651189",,,,,,,"11",,,,,,,"11516",,,,,,"11516",,,РО,,Мужской,,,,,,,,,,Грант 23-24,,,,,,,,Математика,Информатика,,Профессор (Professor),,,,,,,,,,,,,,,,"0",Участвует,,,,,,Аружан Маралбековна,,Ансар1,,,,,,,
18625,102,,"26424539",,,,,,"173",,,"2638",,,,,,,,,,,,Обед,"14:00",,"1568",,,,,,,"2023-05-29T00:00:00",,"2022-08-27T00:00:00","2023-05-02T00:00:00",,"8",,,,,,,,"060317501055",,,,,,,"11",,,,,,,"13233",,,,,,"22369",,,КО,,Мужской,,,,,,,,,,Грант 22-23,,,,,,,,Математика,Информатика,,Босс (AIBoss),,,,,,,,,,,,,,,,"0",,,,,,,Жандос Усенулы,"4930",Основной,,,,,,,Казахский
18670,101,,"28095997",,,,"369626602",,"1",,,,,,,,,,,,,,,Вечер,"17:20",,,,,,,,,,,"2023-07-19T00:00:00",,,"14",,,,,,"23-24",,"060924550688",,,,,,,"11",,,,,,,"9659",,,,,,"18280",,,КО,,Мужской,,,,,,,,,,Грант 23-24,,,,,,,,Математика,Физика,,Мегамозг (Megamind),,,,,,,,,,,,,,,,"0",Участвует,,,,,,Аружан Маралбековна,"8622",Ансар1,,,,,,,
18681,101,,"28097433",,,,"361244195",,"25",,,,,,,,,,,,,,,Вечер,"17:20",,,,,,,,"2024-05-18T00:00:00",,,"2023-07-19T00:00:00",,,"12",,,,,,"23-24",,"060930651516",,,,,,,"11",,,,,,,"12523",,,,,,"12522,5",,"20",КО,,Мужской,,,,,,,,,,Грант 23-24,,,,,,,,Математика,Информатика,,Мегамозг (Megamind),,,,,,,,,,,,,,,,"0",,,,,,,Зарина Кайратовна,,Ансар1,,,,,,,
18685,101,,"28097629",,,,"364110383",,"1",,,,,,,,,,,,,,,Обед,"14:00",,,,,,,,,,,"2023-08-01T00:00:00",,,"10",,,,,,"23-24",,"070825552579",,,,,,,"11",,,,,,,,,,,,,"13280",,,КО,,Мужской,,,,,,,,,,Грант 23-24,,,,,,,,Химия,Биология,,Мегамозг (Megamind),,,,,,,,,,,,,,,,"0",Участвует,,,,,,Зарина Кайратовна,,Ансар1,,"13280",,,,,
18712,101,,"28106079",,,,"363201421",,"1",,,,,,,,,,,,,,,Вечер,"17:20",,,,,,,,,"2024-06-06T00:00:00",,"2023-09-06T00:00:00",,,"12",Пн-Ср-Пт,,,,,"23-24",,"080618650050",,,,,,,"10",,,,,,,"5494",,,,,,"5493,5",,,КО,,Мужской,,,,,,,,,,Грант 23-24,,,,,,,,Математика,Информатика,,Грандмастер (Grandmaster),,,,,,,,,,,,,,,,"0",,,,,,,Молдир Нурлыханкызы,,Ансар1,,,,,,,
18715,101,,"29230553",,,,"362975949",,"1",,,,,,,,,,,,,,,Вечер,"17:20",,,,,,,,,,,"2024-05-01T00:00:00",,,"7",Пн-Вт-Ср-Чт-Пт,,,,,"23-24",,"060920501886",,,,,,,"11",,,,,,,"12145",,,,,,"12144,5",,,РО,,Мужской,,,,,,,,,,Грант 23-24,,,,,,,,Математика,Информатика,,Мегамозг (Megamind),,,,,,,,,,,,,,,,"0",Участвует,,,,,,Зарина Кайратовна,,Ансар1,,,,,,,
18732,102,,"26992639",,,,,,"133",,,,,,,,,,,,,,,Обед,"14:00",,,,,,,,,"2023-04-25T00:00:00",,"2023-03-22T00:00:00","2023-04-28T00:00:00",,"4",,,,,,,,"060130601312",,,,,,,"11",,,,,,,,,,,,,"21035",,,КО,,Женский,,,,,,,,,,Грант 22-23,,,,,,,,Химия,Биология,,Босс (AIBoss),,,,,,,,,,,,,,,,"0",,,,,,,Нурбек Талгатулы,,Основной,,"21035",,,,,
18740,102,,"26391725",,,,"357806603",,"36",,,"7473",,,,,,,,,,,,Обед,"14:00",,"5264",,,,,,,,,"2021-09-16T00:00:00","2024-04-29T00:00:00",,"12",Пн-Ср-Пт,,,,Да,"23-24",,"060420502281",,,,,,,"11",,,,,,,"28578",,,,,,"66607,5",,,КО,,Мужской,,,,,,,,,,Грант 23-24,,,,,,,,Математика,Физика,,Легенда III (Legend III),,,,,,,,,,,,,,,,"0",,,,,,,,"25293",Основной,,,,,,,
18776,101,,"28144469",,,,"370672177",,"1",,,,,,,,,,,,,,,Вечер,"17:20",,,,,,,,,,,"2023-08-02T00:00:00",,,"6",,,,,,"23-24",,"070517652411",,,,,,,"11",,,,,,,"9811",,,,,,"18211,5",,,КО,,Женский,,,,,,,,,,Грант 23-24,,,,,,,,Математика,Физика,,Мегамозг (Megamind),,,,,,,,,,,,,,,,"0",,,,,,,Зарина Кайратовна,"8401",Ансар1,,,,,,,
18803,101,,"28152389",,,,"364146476",,"1",,,,,,,,,,,,,,,Вечер,"17:20",,,,,,,,,,,"2023-09-01T00:00:00",,,"11",,,,,,"23-24",,"061104500725",,,,,,,"11",,,,,,,"6821",,,,,,"12753",,,КО,,Мужской,,,,,,,,,,Грант 23-24,,,,,,,,Математика,Физика,,Мегамозг (Megamind),,,,,,,,,,,,,,,,"0",,,,,,,Зарина Кайратовна,"5932",Ансар1,,,,,,,
18807,101,,"28815853",,,,"384662915",,"17",,,,,,,,,,,,,,,Обед,"14:00",,,,,,,,,"2024-07-06T00:00:00",,"2024-01-18T00:00:00",,,"8",Пн-Вт-Ср-Чт-Пт,,,,,"23-24",,"061127651513",,,,,,,"11",,,,,,,,,,,,,,,,РО,,Мужской,,,,,,,,,,Грант 23-24,,,,,,,,Английский язык,Всемирная история,,,,,,,,,,,,,,,,,,Дозвон,,,,,,,Молдир Нурлыханкызы,,Ансар1,,,,,,,
18817,102,,"28355393",,,,"358146648",,"140",,,"9050",,,,,,,,,,,,Обед,"14:00",,"6969",,,,,,,"2023-09-16T00:00:00",,"2023-03-18T00:00:00","2024-03-19T00:00:00",,"15",Вт-Чт-Сб,,,,Да,"23-24",,"070224501864",,,,,,,"11",,,,,,,"27471",,,,,,"57166",,,КО,,Мужской,,,,,,,,,,Грант 23-24,,,,,,,,Математика,Информатика,,Легенда III (Legend III),,,,,,,,,,,,,,,,"0",,,,,,,Нурбек Талгатулы,"13676",Основной,,,,,,,
18828,101,,"28157181",,,,,,"1",,,,,,,,,,,,,,,Вечер,"17:20",,,,,,,,,,,"2023-08-31T00:00:00",,,"12",,,,,,"23-24",,"061019501018",,,,,,,"11",,,,,,,,,,,,,"8914",,,КО,,Мужской,,,,,,,,,,Грант 23-24,,,,,,,,Химия,Биология,,Профессор (Professor),,,,,,,,,,,,,,,,"0",,,,,,,Зарина Кайратовна,,Ансар1,,"8914",,,,,
18836,101,,"28157779",,,,"362405551",,"56",,,,,,,,,,,,,,,Обед,"14:00",,,,,,,,,,,"2023-08-23T00:00:00",,,"15",Пн-Вт-Ср-Чт-Пт,,,,,"23-24",,"051231650483",,,,,,,"11",,,,,,,"10905",,,,,,"10905",,,РО,,Мужской,,,,,,,,,,Грант 23-24,,,,,,,,Математика,География,,Профессор (Professor),,,,,,,,,,,,,,,,"0",,,,,,,Аружан Маралбековна,,Ансар1,,,,,,,
18864,101,,"28165301",,,,"362487867",,"1",,,,,,,,,,,,,,,Вечер,"17:20",,,,,,,,,,,"2023-08-09T00:00:00",,,"4",Пн-Вт-Ср-Чт-Пт,,,,,"23-24",,"060520551500",,,,,,,"11",,,,,,,"9999",,,,,,"9999",,,РО,,Мужской,,,,,,,,,,Грант 23-24,,,,,,,,Математика,Информатика,,Профессор (Professor),,,,,,,,,,,,,,,,"0",Участвует,,,,,,Зарина Кайратовна,,Ансар1,,,,,,,
18870,102,,"26331435",,,,,,"182",,,"2969",,,,,,,,,,,,Обед,"14:00",,"1879",,,,,,,"2023-05-17T00:00:00",,"2022-11-15T00:00:00","2023-05-29T00:00:00",,"4",,,,,,,,"060223501837",,,,,,,"11",,,,,,,"14490",,,,,,"23562",,,КО,,Мужской,,,,,,,,,,Грант 22-23,,,,,,,,Математика,Информатика,,Босс (AIBoss),,,,,,,,,,,,,,,,"0",,,,,,,Томирис Султанкызы,"4224",Основной,,,,,,,
18875,101,,"28173355",,,,"361354058",,"36",,,,,,,,,,,,,,,Вечер,"17:20",,,,,,,,"2024-06-08T00:00:00",,"2024-06-07T00:00:00","2023-08-09T00:00:00",,,"7",,,,,,"23-24",,"071013650745",,,,,,,"11",,,,,,,"10144",,,,,,"10144",,"29",КО,,Мужской,,,,,,,,,,Грант 23-24,,,,,,,,Математика,География,,Профессор (Professor),,,,,,,,,,,,,,,,"0",Участвует,,,,,,Молдир Нурлыханкызы,,Ансар1,,,,,,,
18887,102,,"27750541",,,,"362972198",,"22",,,"6561",,,,,,,,,,,,Обед,"14:00",,"3134",,,,,,"2024-07-08T00:00:00",,"2024-06-06T00:00:00","2022-09-07T00:00:00","2024-06-17T00:00:00",,"11",Пн-Ср-Пт,,,,,"23-24",,"061101650987",,,,,,,"11",,,,,,,"19331",,,,,,"49578",,"0",РО,,Женский,,,,,,,,,,Грант 23-24,,,,,,,,Математика,Физика,,Легенда III (Legend III),,,,,,,,,,,,,,,,"0",,,,,,,Жасулан Таубалдыулы,"20552",Основной,,,,,,,
18904,101,,"28180157","28155761",,,"378710502",,"1",,,,,,,,,,,,,,,Вечер,"17:20",,,,,,,,,"2024-05-09T00:00:00",,"2023-08-09T00:00:00",,,"10",Пн-Ср-Пт,,,,,"23-24",,"0708036522585",,,,,,,"11",,,,,,,"10073",,,,,,"19430",,,КО,,Женский,,,,,,,,,,Грант 23-24,,,,,,,,Математика,Физика,,Мегамозг (Megamind),,,,,,,,,,,,,,,,"0",,,,,,,,"9357",Ансар1,,,,,,,
18915,101,,"28185495",,,,"362236921",,"95",,,,,,,,,,,,,,,Вечер,"17:20",,,,,,,,,,,"2023-08-09T00:00:00",,,"4",,,,,,"23-24",,"061214550948",,,,,,,"11",,,,,,,"12521",,,,,,"12520,5",,,РО,,Мужской,,,,,,,,,,Грант 23-24,,,,,,,,Математика,Информатика,,Мегамозг (Megamind),,,,,,,,,,,,,,,,"0",,,,,,,Молдир Нурлыханкызы,,Ансар1,,,,,,,
18930,101,,"28197433",,,,"367807965",,"65",,,,,,,,,,,,,,,Вечер,"17:20",,,,,,,,"2024-05-13T00:00:00",,,"2023-09-06T00:00:00",,,"15",Пн-Вт-Ср-Чт-Пт,,,,,"23-24",,"060827650964",,,,,,,"11",,,,,,,"12320",,,,,,"25415",,"37",РО,,Женский,,,,,,,,,,Грант 23-24,,,,,,,,Математика,Физика,,Босс (AIBoss),,,,,,,,,,,,,,,,"0",Участвует,,,,,,Молдир Нурлыханкызы,"13095",Ансар1,,,,,,,
18939,101,,"28203365",,,,"361075623",,"8",,,,,,,,,,,,,,,Вечер,"17:20",,,,,,,,"2024-05-25T00:00:00",,"2024-05-24T00:00:00","2023-08-16T00:00:00",,,"3",,,,,,"23-24",,"060830500670",,,,,,,"11",,,,,,,"12078",,,,,,"25015,5",,"39",РО,,Мужской,,,,,,,,,,Грант 23-24,,,,,,,,Математика,Физика,,Босс (AIBoss),,,,,,,,,,,,,,,,Дозвон,,,,,,,Зарина Кайратовна,"12938",Ансар1,,,,,,,
18941,101,,"28204791",,,,"364176907",,"2",,,,,,,,,,,,,,,Вечер,"17:20",,,,,,,,,,,"2023-08-16T00:00:00",,,"12",Пн-Вт-Ср-Чт-Пт,,,,,"23-24",,"070101650186",,,,,,,"11",,,,,,,"13154",,,,,,"13154",,,РО,,Мужской,,,,,,,,,,Грант 23-24,,,,,,,,Математика,Информатика,,Мегамозг (Megamind),,,,,,,,,,,,,,,,Дозвон,Участвует,,,,,,Молдир Нурлыханкызы,,Ансар1,,,,,,,
18945,101,,"28207585",,,,"361303126",,"80",,,,,,,,,,,,,,,Вечер,"17:20",,,,,,,,"2024-06-07T00:00:00",,,"2023-09-06T00:00:00",,,"6",,,,,,"23-24",,"070713652635",,,,,,,"11",,,,,,,,,,,,,"6199",,"1",КО,,Мужской,,,,,,,,,,Грант 23-24,,,,,,,,Химия,Биология,,Грандмастер (Grandmaster),,,,,,,,,,,,,,,,"0",,,,,,,Аружан Маралбековна,,Ансар1,,"6199",,,,,
18979,101,,"28219995",,,,"363141833",,"2",,,,,,,,,,,,,,,Вечер,"17:20",,,,,,,,,,,"2023-08-16T00:00:00",,,"13",Вт-Ср-Чт-Пт-Сб,,,,,"23-24",,"070617551410",,,,,,,"11",,,,,,,"10973",,,,,,"10973",,,КО,,Мужской,,,,,,,,,,Грант 23-24,,,,,,,,Математика,География,,Профессор (Professor),,,,,,,,,,,,,,,,"0",Участвует,,,,,,Аружан Маралбековна,,Ансар1,,,,,,,
18992,101,,"28222845",,,,"366868285",,"48",,,,,,,,,,,,,,,Вечер,"17:20",,,,,,,,"2024-03-17T00:00:00",,,"2023-08-16T00:00:00",,,"11",Вт-Ср-Чт-Пт-Сб,,,,,"23-24",,"061001651835",,,,,,,"11",,,,,,,,,,,,,,,"45",КО,,Мужской,,,,,,,,,,Грант 23-24,,,,,,,,География,Биология,,,,,,,,,,,,,,,,,,"0",Участвует,,,,,,Зарина Кайратовна,,Ансар1,,,,,,,
19004,101,,"28225371",,,,"361092399",,"6",,,,,,,,,,,,,,,Обед,"14:00",,,,,,,,,,,"2023-09-01T00:00:00",,,"11",Пн-Вт-Ср-Чт-Пт,,,,,"23-24",,"060610650835",,,,,,,"11",,,,,,,"8374",,,,,,"8373,5",,,РО,,Мужской,,,,,,,,,,Грант 23-24,,,,,,,,Математика,Информатика,,Профессор (Professor),,,,,,,,,,,,,,,,"0",,,,,,,Зарина Кайратовна,,Ансар1,,,,,,,
19010,101,,"28227297",,,,"362489963",,"7",,,,,,,,,,,,,,,Вечер,"17:20",,,,,,,,"2024-05-15T00:00:00",,,"2023-08-23T00:00:00",,,"11",Пн-Вт-Ср-Чт-Пт,,,,,"23-24",,"070506651097",,,,,,,"11",,,,,,,"11403",,,,,,"11403",,"44",РО,,Мужской,,,,,,,,,,Грант 23-24,,,,,,,,Математика,География,,Профессор (Professor),,,,,,,,,,,,,,,,Ватсап,Участвует,,,,,,Молдир Нурлыханкызы,,Ансар1,,,,,,,
19016,101,,"28228119",,,,"371354021",,"1",,,,,,,,,,,,,,,Вечер,"17:20",,,,,,,,,,,"2023-08-23T00:00:00",,,"3",Вт-Ср-Чт-Пт-Сб,,,,,"23-24",,"070206551911",,,,,,,"11",,,,,,,"9508",,,,,,"20223",,,КО,,Мужской,,,,,,,,,,Грант 23-24,,,,,,,,Математика,Физика,,Босс (AIBoss),,,,,,,,,,,,,,,,"0",Участвует,,,,,,Зарина Кайратовна,"10715",Ансар1,,,,,,,
19036,101,,"28235369",,,,"361244203",,"1",,,,,,,,,,,,,,,Вечер,"17:20",,,,,,,,,,,"2023-08-23T00:00:00",,,"5",Вт-Ср-Чт-Пт-Сб,,,,,"23-24",,"070828552426",,,,,,,"11",,,,,,,"13215",,,,,,"13215",,,КО,,Мужской,,,,,,,,,,Грант 23-24,,,,,,,,Математика,Информатика,,Мегамозг (Megamind),,,,,,,,,,,,,,,,"0",,,,,,,Зарина Кайратовна,,Ансар1,,,,,,,
19070,101,,"28247721",,,,"367822259",,,,,"694",,,,,,,,,,,,Утро,"08:30",,,,,,,,,,,"2021-09-30T00:00:00","2024-06-20T00:00:00",,"3",,,,,,,,"130609602280",,,,,,"630","3",,,,,,"747","1491",,,,,,"4309",,,КО,,Женский,,,,,,,,,,Грант 23-24,,,,,,,,,,,Мастер (Master),"747",,,,,,,,,,,,,,,,,,,,,,,,,,,,,,,
19077,101,,"28250333",,,,"362247895",,"1",,,,,,,,,,,,,,,Обед,"14:00",,,,,,,,,,,"2023-09-06T00:00:00",,,"7",Пн-Вт-Ср-Чт-Пт,,,,,"23-24",,"060620650146",,,,,,,"11",,,,,,,"9669",,,,,,"9669",,,РО,,Мужской,,,,,,,,,,Грант 23-24,,,,,,,,Математика,Информатика,,Профессор (Professor),,,,,,,,,,,,,,,,Дозвон,,,,,,,Аружан Маралбековна,,Ансар1,,,,,,,
19081,101,,"28251439",,,,"362404553",,"1",,,,,,,,,,,,,,,Вечер,"17:20",,,,,,,,,,,"2023-09-06T00:00:00",,,"10",Пн-Вт-Ср-Чт-Пт,,,,,"23-24",,"060614550256",,,,,,,"11",,,,,,,"8947",,,,,,"19775",,,РО,,Мужской,,,,,,,,,,Грант 23-24,,,,,,,,Математика,Физика,,Мегамозг (Megamind),,,,,,,,,,,,,,,,Дозвон,,,,,,,Молдир Нурлыханкызы,"10828",Ансар1,,,,,,,
19086,101,,"28252653",,,,"361351434",,"43",,,,,,,,,,,,,,,Вечер,"17:20",,,,,,,,"2024-04-14T00:00:00",,,"2023-08-23T00:00:00",,,,Вт-Ср-Чт-Пт-Сб,,,,,"23-24",,"071126653506",,,,,,,"11",,,,,,,"9867",,,,,,"9867",,"35",КО,,Мужской,,,,,,,,,,Грант 23-24,,,,,,,,Математика,Информатика,,Профессор (Professor),,,,,,,,,,,,,,,,"0",Участвует,,,,,,Молдир Нурлыханкызы,,Ансар1,,,,,,,
19094,101,,"28254383",,,,"361243441",,"1",,,,,,,,,,,,,,,Вечер,"17:20",,,,,,,,"2024-06-01T00:00:00",,"2024-05-31T00:00:00","2023-08-24T00:00:00",,,"5",Вт-Ср-Чт-Пт-Сб,,,,,"23-24",,"070907553847",,,,,,,"10",,,,,,,"9099",,,,,,"9099",,"40",КО,,Мужской,,,,,,,,,,Грант 23-24,,,,,,,,Математика,Информатика,,Профессор (Professor),,,,,,,,,,,,,,,,Дозвон,Участвует,,,,,,Молдир Нурлыханкызы,,Ансар1,,,,,,,
19100,101,,"28368555",,,,"361244202",,"12",,,"70",,,,,,,,,,,,Вечер,"17:20",,,,,,,,,"2024-05-31T00:00:00",,"2023-08-31T00:00:00",,,"13",Вт-Ср-Чт-Пт-Сб,,,,,"23-24",,"070312551145",,,,,,,"11",,,,,,,"12014",,,,,,"12084",,,КО,,Мужской,,,,,,,,,,Грант 23-24,,,,,,,,Математика,Информатика,,Мегамозг (Megamind),,,,,,,,,,,,,,,,"0",,,,,,,,,Ансар1,,,,,,,
19107,101,,"28263641",,,,"363867785",,"76",,,,,,,,,,,,,,,Обед,"14:00",,,,,,,,,,,"2023-09-07T00:00:00",,,"11",Пн-Вт-Ср-Чт-Пт,,,,,"23-24",,"070701501639",,,,,,,"11",,,,,,,"9063",,,,,,"18493,5",,,РО,,Мужской,,,,,,,,,,Грант 23-24,,,,,,,,Математика,Физика,,Мегамозг (Megamind),,,,,,,,,,,,,,,,"0",,,,,,,Аружан Маралбековна,"9431",Ансар1,,,,,,,
19114,101,,"28266657",,,,"368750086",,"4",,,,,,,,,,,,,,,Вечер,"17:20",,,,,,,,"2024-04-25T00:00:00",,,"2023-09-01T00:00:00",,,,Вт-Ср-Чт-Пт-Сб,,,,,"23-24",,"840102400510",,,,,,,"11",,,,,,,"11790",,,,,,"11790",,"38",КО,,Мужской,,,,,,,,,,Грант 23-24,,,,,,,,Математика,География,,Профессор (Professor),,,,,,,,,,,,,,,,"0",,,,,,,Аружан Маралбековна,,Ансар1,,,,,,,
19143,101,,"28272049",,,,"360685006",,"4",,,,,,,,,,,,,,,Вечер,"17:20",,,,,,,,,,,"2023-09-01T00:00:00",,,"5",Пн-Вт-Ср-Чт-Пт,,,,,"23-24",,"061218651311",,,,,,,"11",,,,,,,,,,,,,"12371",,,РО,,Мужской,,,,,,,,,,Грант 23-24,,,,,,,,Химия,Биология,,Мегамозг (Megamind),,,,,,,,,,,,,,,,Дозвон,,,,,,,Аружан Маралбековна,,Ансар1,,"12371",,,,,
19156,101,,"28277205",,,,"362936102",,"78",,,,,,,,,,,,,,,Обед,"14:00",,,,,,,,,,,"2023-08-31T00:00:00",,,"12",Вт-Ср-Чт-Пт-Сб,,,,,"23-24",,"070215501788",,,,,,,"11",,,,,,,,,,,,,"12856",,,КО,,Мужской,,,,,,,,,,Грант 23-24,,,,,,,,Химия,Биология,,Мегамозг (Megamind),,,,,,,,,,,,,,,,"0",,,,,,,Молдир Нурлыханкызы,,Ансар1,,"12856",,,,,
19158,101,,"28277407",,,,"362482858",,"1",,,,,,,,,,,,,,,Обед,"14:00",,,,,,,,"2024-06-13T00:00:00",,"2024-06-11T00:00:00","2023-11-01T00:00:00",,,"8",Пн-Вт-Ср-Чт-Пт,,,,,"23-24",,"070731551936",,,,,,,"11",,,,,,,"7138",,,,,,"7138",,"20",РО,,Мужской,,,,,,,,,,Грант 23-24,,,,,,,,Математика,География,,Грандмастер (Grandmaster),,,,,,,,,,,,,,,,"0",,,,,,,Молдир Нурлыханкызы,,Ансар1,,,,ЕНТ,,,
19181,101,,"28594677",,,,"354995898",,"1",,,,,,,,,,,,,,,Вечер,"17:20",,,,,,,,,,,"2023-08-31T00:00:00",,,"11",Пн-Вт-Ср-Чт-Пт,,,,Да,"23-24",,"060301550908",,,,,,,"11",,,,,,,"9261",,,,,,"9261",,,РО,,Мужской,,,,,,,,,,Грант 23-24,,,,,,,,Математика,Информатика,,Профессор (Professor),,,,,,,,,,,,,,,,Дозвон,,,,,,,,,Ансар1,,,,,,,
19195,101,,"28283865",,,,"360723680",,"75",,,"1752",,,,,,,,,,,,Обед,"14:00",,,,,,,,"2024-03-01T00:00:00",,,"2023-09-06T00:00:00",,,"6",Пн-Вт-Ср-Чт-Пт,,,,,"23-24",,"060130550027",,,,,,,"11",,,,,,,"2087",,,,,,"3838,5",,"33",РО,,Мужской,,,,,,,,,,Грант 23-24,,,,,,,,Английский язык,Всемирная история,,Мастер (Master),,,,,,,,,,,,,,,,Дозвон,,,,,,,Аружан Маралбековна,,Ансар1,,,,,,,
19198,101,,"28284383",,,,,,"81",,,,,,,,,,,,,,,Вечер,"17:20",,,,,,,,,,,"2023-08-31T00:00:00",,,"10",Пн-Вт-Ср-Чт-Пт,,,,,"23-24",,"070801553417",,,,,,,"11",,,,,,,"8440",,,,,,"15721",,,КО,,Мужской,,,,,,,,,,Грант 23-24,,,,,,,,Математика,Физика,,Мегамозг (Megamind),,,,,,,,,,,,,,,,"0",,,,,,,Аружан Маралбековна,"7281",Ансар1,,,,,,,
19206,101,,"28285145",,,,"369157520",,"15",,,,,,,,,,,,,,,Вечер,"17:20",,,,,,,,,,,"2023-09-01T00:00:00",,,"15",Пн-Вт-Ср-Чт-Пт,,,,,"23-24",,"060526551533",,,,,,,"11",,,,,,,"10008",,,,,,"10008",,,РО,,Мужской,,,,,,,,,,Грант 23-24,,,,,,,,Математика,Информатика,,Профессор (Professor),,,,,,,,,,,,,,,,"0",,,,,,,Аружан Маралбековна,,Ансар1,,,,,,,
19222,101,,"28289609",,,,"370607701",,"1",,,,,,,,,,,,,,,Вечер,"17:20",,,,,,,,,,,"2023-09-01T00:00:00",,,"11",Вт-Ср-Чт-Пт-Сб,,,,,"23-24",,"060729551061",,,,,,,"11",,,,,,,"13966",,,,,,"13965,5",,,КО,,Мужской,,,,,,,,,,Грант 23-24,,,,,,,,Математика,Информатика,,Мегамозг (Megamind),,,,,,,,,,,,,,,,"0",,,,,,,Молдир Нурлыханкызы,,Ансар1,,,,,,,
19227,101,,"28290079",,,,"363163984",,"1",,,,,,,,,,,,,,,Обед,"14:00",,,,,,,,,,,"2023-09-06T00:00:00",,,"6",Вт-Ср-Чт-Пт-Сб,,,,,"23-24",,"060616551463",,,,,,,"11",,,,,,,"12602",,,,,,"25745",,,КО,,Мужской,,,,,,,,,,Грант 23-24,,,,,,,,Математика,Физика,,Босс (AIBoss),,,,,,,,,,,,,,,,Дозвон,,,,,,,Молдир Нурлыханкызы,"13143",Ансар1,,,,,,,
19232,101,,"28290273",,,,"363921439",,"26",,,,,,,,,,,,,,,Обед,"14:00",,,,,,,,,,,"2023-09-01T00:00:00",,,"6",Пн-Вт-Ср-Чт-Пт,,,,,"23-24",,"061018551326",,,,,,,"11",,,,,,,"12058",,,,,,"12057,5",,,РО,,Мужской,,,,,,,,,,Грант 23-24,,,,,,,,Математика,Информатика,,Мегамозг (Megamind),,,,,,,,,,,,,,,,Дозвон,,,,,,,Молдир Нурлыханкызы,,Ансар1,,,,,,,
19234,101,,"28290337",,,,"361567627",,"37",,,,,,,,,,,,,,,Обед,"14:00",,,,,,,,,,,"2023-09-01T00:00:00",,,"10",Пн-Вт-Ср-Чт-Пт,,,,,"23-24",,"060419551938",,,,,,,"11",,,,,,,"8683",,,,,,"8682,5",,,РО,,Мужской,,,,,,,,,,Грант 23-24,,,,,,,,Математика,Информатика,,Профессор (Professor),,,,,,,,,,,,,,,,"0",,,,,,,Молдир Нурлыханкызы,,Ансар1,,,,,,,
19236,101,,"28290353",,,,"362737358",,"46",,,,,,,,,,,,,,,Обед,"14:00",,,,,,,,,,,"2023-09-01T00:00:00",,,"5",Пн-Вт-Ср-Чт-Пт,,,,,"23-24",,"061108551345",,,,,,,"11",,,,,,,"10056",,,,,,"20480,5",,,РО,,Мужской,,,,,,,,,,Грант 23-24,,,,,,,,Математика,Физика,,Босс (AIBoss),,,,,,,,,,,,,,,,Дозвон,,,,,,,Аружан Маралбековна,"10425",Ансар1,,,,,,,
19242,101,,"28290539",,,,"363860116",,"13",,,,,,,,,,,,,,,Обед,"14:00",,,,,,,,,,,"2023-09-06T00:00:00",,,"8",Пн-Вт-Ср-Чт-Пт,,,,,"23-24",,"060515551850",,,,,,,"11",,,,,,,"8466",,,,,,"8466",,,РО,,Мужской,,,,,,,,,,Грант 23-24,,,,,,,,Математика,Информатика,,Профессор (Professor),,,,,,,,,,,,,,,,"0",,,,,,,Аружан Маралбековна,,Ансар1,,,,,,,
19271,101,,"28295255",,,,"363183056",,"8",,,"2851",,,,,,,,,,,,Обед,"14:00",,,,Алматы,,,,,,,"2021-09-29T00:00:00","2024-06-20T00:00:00",,"10",Пн-Вт-Ср-Чт-Пт,,,,,"23-24",,"090902651083","95880044636",,,,,"1388","11",,,,,,"1575","5070",,,,,,"12274",,,РО,,Мужской,,,,,,,,,,Грант 23-24,,,,,,,,Математика,География,,Мегамозг (Megamind),"1390",,,,,,,,,,,,,,,Дозвон,,,,,,,,,,,,,,,,
19285,101,,"28295695",,,,"364904723",,"79",,,,,,,,,,,,,,,Вечер,"17:20",,,,,,,,,,,"2023-09-06T00:00:00",,,"2",Вт-Ср-Чт-Пт-Сб,,,,,"23-24",,"061227601243",,,,,,,"11",,,,,,,"9222",,,,,,"9221,5",,,КО,,Мужской,,,,,,,,,,Грант 23-24,,,,,,,,Математика,Информатика,,Профессор (Professor),,,,,,,,,,,,,,,,"0",,,,,,,Аружан Маралбековна,,Ансар1,,,,,,,
19299,101,,"28298551",,,,"361091590",,"4",,,,,,,,,,,,,,,Вечер,"17:20",,,,,,,,"2024-06-05T00:00:00",,"2024-06-04T00:00:00","2023-09-06T00:00:00",,,"3",Вт-Ср-Чт-Пт-Сб,,,,,"23-24",,"060615650476",,,,,,,"11",,,,,,,"13273",,,,,,"24232,5",,"39",КО,,Женский,,,,,,,,,,Грант 23-24,,,,,,,,Математика,Физика,,Босс (AIBoss),,,,,,,,,,,,,,,,"0",,,,,,,Молдир Нурлыханкызы,"10960",Ансар1,,,,,,,
19303,101,,"28299243",,,,"361524061",,BINOM SCHOOL имени Ахмета Байтурсынулы,,,,,,,,,,,,,,,Вечер,"17:20",,,,,,,,,,,"2023-09-06T00:00:00",,,"5",Вт-Ср-Чт-Пт-Сб,,,,,"23-24",,"061205651744",,,,,,,"11",,,,,,,,,,,,,"1499",,,КО,,Женский,,,,,,,,,,Грант 23-24,,,,,,,,География,Биология,,Новобранец (Recruit),,,,,,,,,,,,,,,,"0",,,,,,,Молдир Нурлыханкызы,,Ансар1,,"1499",,ЕНТ,,,
19304,101,,"28300129",,,,"361586957",,"1",,,,,,,,,,,,,,,Вечер,"17:20",,,,,,,,,,,"2023-09-06T00:00:00",,,"2",Пн-Вт-Ср-Чт-Пт,,,,,"23-24",,"070524651878",,,,,,,"11",,,,,,,"9354",,,,,,"9353,5",,,РО,,Мужской,,,,,,,,,,Грант 23-24,,,,,,,,Математика,Информатика,,Профессор (Professor),,,,,,,,,,,,,,,,"0",,,,,,,Аружан Маралбековна,,Ансар1,,,,ЕНТ,,,
19311,101,,"28300453",,,,"361044805",,"14",,,,,,,,,,,,,,,Вечер,"17:20",,,,,,,,,,,"2023-09-06T00:00:00",,,"15",Вт-Ср-Чт-Пт-Сб,,,,,"23-24",,"131025505287",,,,,,,"11",,,,,,,"5886",,,,,,"5886",,,КО,,Мужской,,,,,,,,,,Грант 23-24,,,,,,,,Математика,Информатика,,Грандмастер (Grandmaster),,,,,,,,,,,,,,,,"0",,,,,,,Аружан Маралбековна,,Ансар1,,,,ЕНТ,,,
19315,101,,"28896661",,,,"361520632",,"1",,,,,,,,,,,,,,,Вечер,"17:20",,,,,,,,"2024-06-15T00:00:00","2024-06-08T00:00:00","2024-06-11T00:00:00","2023-09-06T00:00:00",,,"6",Вт-Ср-Чт-Пт-Сб,,,,,"23-24",,"070524650463",,,,,,,"11",,,,,,,"12515",,,,,,"12515",,"21",КО,,Мужской,,,,,,,,,,Грант 23-24,,,,,,,,Математика,География,,Мегамозг (Megamind),,,,,,,,,,,,,,,,"0",,,,,,,Молдир Нурлыханкызы,,Ансар1,,,,ЕНТ,,,
19356,101,,"28307013",,,,"362736434",,BINOM SCHOOL имени Ыбрая Алтынсарина,,,,,,,,,,,,,,,Вечер,"17:20",,,,,,,,,,,"2023-09-06T00:00:00",,,"4",Пн-Вт-Ср-Чт-Пт,,,,,"23-24",,"060125550832",,,,,,,"11",,,,,,,"7929",,,,,,"17996,5",,,РО,,Мужской,,,,,,,,,,Грант 23-24,,,,,,,,Математика,Физика,,Мегамозг (Megamind),,,,,,,,,,,,,,,,Дозвон,,,,,,,Аружан Маралбековна,"10068",Ансар1,,,,ЕНТ,,,
19364,101,,"28307839",,,"29437493","361569198",,,,,,,,,,,,,,,,,Вечер,"17:20",,,,,,,,,,,"2024-06-20T00:00:00","2024-06-20T00:00:00",,"4",,,,,,,,"040515550076",,,,,,,"11",,,,,,,"8158",,,,,,"14267",,,РО,,Мужской,,,,,,,,,,Грант 23-24,,,,,,,,Математика,Физика,,Мегамозг (Megamind),,,,,,,,,,,,,,,,Дозвон,,,,,,,Аружан Маралбековна,"6109",,,,,,,,
19368,101,,"28308283",,,,"363116099",,"1",,,"1338",,,,,,,,,,,,Вечер,"17:20",,,,,,,,,,,"2023-09-14T00:00:00",,,"12",Вт-Ср-Чт-Пт-Сб,,,,,"23-24",,"061227602390",,,,,,,"11",,,,,,,,,,,,,"1428",,,КО,,Женский,,,,,,,,,,Грант 23-24,,,,,,,,География,Биология,,Новобранец (Recruit),,,,,,,,,,,,,,,,"0",,,,,,,Аружан Маралбековна,"90",Ансар1,,,,ЕНТ,,,
19370,101,,"28308393",,,,"363907089",,"1",,,,,,,,,,,,,,,Обед,"14:00",,,,,,,,,,,"2023-10-04T00:00:00",,,"6",Пн-Вт-Ср-Чт-Пт,,,,,"23-24",,"070118551567",,,,,,,"11",,,,,,,"6263",,,,,,"11239",,,РО,,Мужской,,,,,,,,,,Грант 23-24,,,,,,,,Математика,Физика,,Профессор (Professor),,,,,,,,,,,,,,,,Дозвон,,,,,,,Аружан Маралбековна,"4976",Ансар1,,,,ЕНТ,,,
19382,101,,"28308627",,,,"361590807",,"43",,,,,,,,,,,,,,,Вечер,"17:20",,,,,,,,"2024-06-21T00:00:00",,"2024-06-19T00:00:00","2023-09-06T00:00:00",,,"12",Пн-Вт-Ср-Чт-Пт,,,,,"23-24",,"070523600114",,,,,,,"11",,,,,,,"9319",,,,,,"9319",,"34",РО,,Мужской,,,,,,,,,,Грант 23-24,,,,,,,,Математика,Информатика,,Профессор (Professor),,,,,,,,,,,,,,,,Дозвон,,,,,,,Аружан Маралбековна,,Ансар1,,,,ЕНТ,,,
19387,101,,"28308683",,,,"368515348",,"1",,,,,,,,,,,,,,,Вечер,"17:20",,,,,,,,,,,"2023-09-06T00:00:00",,,,Вт-Ср-Чт-Пт-Сб,,,,,"23-24",,"070224650462",,,,,,,"11",,,,,,,"13686",,,,,,"19795",,,КО,,Женский,,,,,,,,,,Грант 23-24,,,,,,,,Математика,Информатика,,Мегамозг (Megamind),,,,,,,,,,,,,,,,"0",,,,,,,Аружан Маралбековна,"6109",Ансар1,,,,ЕНТ,,,
19390,101,,"28308715",,,,"361095860",,"15",,,,,,,,,,,,,,,Вечер,"17:20",,,,,,,,,,,"2023-09-06T00:00:00",,,"7",Пн-Вт-Ср-Чт-Пт,,,,,"23-24",,"060504550644",,,,,,,"11",,,,,,,"9976",,,,,,"13423",,,РО,,Мужской,,,,,,,,,,Грант 23-24,,,,,,,,Математика,Физика,,Мегамозг (Megamind),,,,,,,,,,,,,,,,"0",,,,,,,Аружан Маралбековна,"3447",Ансар1,,,,ЕНТ,,,
19394,101,,"28308773",,,,"362247900",,"1",,,,,,,,,,,,,,,Вечер,"17:20",,,,,,,,,,,"2023-09-06T00:00:00",,,"2",Пн-Вт-Ср-Чт-Пт,,,,,"23-24",,"060717500051",,,,,,,"11",,,,,,,"11801",,,,,,"11801",,,РО,,Мужской,,,,,,,,,,Грант 23-24,,,,,,,,Математика,География,,Профессор (Professor),,,,,,,,,,,,,,,,Дозвон,,,,,,,Аружан Маралбековна,,Ансар1,,,,ЕНТ,,,
19395,101,,"28594719",,,,"368757425",,"32",,,,,,,,,,,,,,,Вечер,"17:20",,,,,,,,,,,"2023-09-06T00:00:00",,,"10",Вт-Ср-Чт-Пт-Сб,,,,,"23-24",,"070805552659",,,,,,,"11",,,,,,,"12125",,,,,,"12124,5",,,КО,,Мужской,,,,,,,,,,Грант 23-24,,,,,,,,Математика,География,,Мегамозг (Megamind),,,,,,,,,,,,,,,,,,,,,,,,,Ансар1,,,,,,,
19398,101,,"28313305",,,,,,"1",,,,,,,,,,,,,,,Обед,"14:00",,,,,,,,"2024-06-21T00:00:00",,"2024-06-20T00:00:00","2023-09-06T00:00:00",,,"3",Пн-Вт-Ср-Чт-Пт,,,,,"23-24",,"060627551493",,,,,,,"11",,,,,,,"5111",,,,,,"6517",,"44",РО,,Мужской,,,,,,,,,,Грант 23-24,,,,,,,,Математика,Информатика,,Грандмастер (Grandmaster),,,,,,,,,,,,,,,,"0",,,,,,,Медина Жунусовна,"1406",Ансар1,,,,ЕНТ,,,
19420,101,,"28315291",,,,"361824413",,"1",,,,,,,,,,,,,,,Вечер,"17:20",,,,,,,,,,,"2023-09-07T00:00:00",,,"4",Вт-Ср-Чт-Пт-Сб,,,,,"23-24",,"070122601271",,,,,,,"11",,,,,,,,,,,,,,,,КО,,Женский,,,,,,,,,,Грант 23-24,,,,,,,,География,Биология,,,,,,,,,,,,,,,,,,"0",,,,,,,Медина Жунусовна,,Ансар1,,,,ЕНТ,,,
19458,101,,"28894463",,,,"361244978",,"1",,,,,,,,,,,,,,,Вечер,"17:20",,,,,,,,,"2024-07-09T00:00:00",,"2024-02-09T00:00:00",,,"2",Вт-Ср-Чт-Пт-Сб,,,,,"23-24",,"061115551214",,,,,,,"11",,,,,,,"10834",,,,,,"10833,5",,,КО,,Мужской,,,,,,,,,,Грант 23-24,,,,,,,,Математика,Информатика,,Профессор (Professor),,,,,,,,,,,,,,,,"0",,,,,,,Медина Жунусовна,,Ансар1,,,,ЕНТ,,,
19464,101,,"28323229",,,,"361824418",,"1",,,,,,,,,,,,,,,Вечер,"17:20",,,,,,,,,,,"2023-09-07T00:00:00",,,"13",Вт-Ср-Чт-Пт-Сб,,,,,"23-24",,"061205650300",,,,,,,"11",,,,,,,,,,,,,"6013",,,КО,,Мужской,,,,,,,,,,Грант 23-24,,,,,,,,Химия,Биология,,Грандмастер (Grandmaster),,,,,,,,,,,,,,,,"0",,,,,,,Медина Жунусовна,,Ансар1,,"6013",,ЕНТ,,,
19493,101,,"28329329",,,,"361586947",,"1",,,,,,,,,,,,,,,Вечер,"17:20",,,,,,,,,,,"2023-09-13T00:00:00",,,"5",Пн-Вт-Ср-Чт-Пт,,,,,"23-24",,"060620650196",,,,,,,"11",,,,,,,,,,,,,,,,РО,,Мужской,,,,,,,,,,Грант 23-24,,,,,,,,География,Биология,,,,,,,,,,,,,,,,,,Дозвон,,,,,,,Медина Жунусовна,,Ансар1,,,,ЕНТ,,,
19507,101,,"28332591",,,"29340979","366188999",,"4",,,,,,,,,,,,,,,Вечер,"17:20",,,,,,,,,,,"2023-09-14T00:00:00",,,"11",Вт-Ср-Чт-Пт-Сб,,,,,"23-24",,"070303550386",,,,,,,"11",,,,,,,"6852",,,,,,"6852",,,КО,,Мужской,,,,,,,,,,Грант 23-24,,,,,,,,Математика,География,,Грандмастер (Grandmaster),,,,,,,,,,,,,,,,"0",,,,,,,Медина Жунусовна,,Ансар1,,,,ЕНТ,,,
19510,101,,"29148259",,,,"361242745",,"67",,,,,,,,,,,,,,,Вечер,"17:20",,,,,,,,"2024-06-07T00:00:00","2024-06-19T00:00:00","2024-06-06T00:00:00","2024-03-19T00:00:00",,,"15",Вт-Ср-Чт-Пт-Сб,,,,,"23-24",,"060728601650",,,,,,,"11",,,,,,,"8472",,,,,,"8472",,"22",КО,,Мужской,,,,,,,,,,Грант 23-24,,,,,,,,Математика,Информатика,,Профессор (Professor),,,,,,,,,,,,,,,,"0",,,,,,,Медина Жунусовна,,Ансар1,,,,ЕНТ,,,
19528,101,,"28338223",,,,,,"1",,,,,,,,,,,,,,,Вечер,"17:20",,,,,,,,,,,"2023-09-13T00:00:00",,,"11",Вт-Ср-Чт-Пт-Сб,,,,,"23-24",,"060826550635",,,,,,,"11",,,,,,,"9241",,,,,,"9241",,,РО,,Мужской,,,,,,,,,,Грант 23-24,,,,,,,,Математика,Информатика,,Профессор (Professor),,,,,,,,,,,,,,,,"0",,,,,,,Медина Жунусовна,,Ансар1,,,,ЕНТ,,,
19530,101,,"29249617",,,,"362164377",,"1",,,,,,,,,,,,,,,Обед,"14:00",,,,,,,,,"2024-06-24T00:00:00",,"2024-04-24T00:00:00",,,"10",Пн-Вт-Ср-Чт-Пт,,,,,"23-24",,"060601650053",,,,,,,"12",,,,,,,"4642",,,,,,"4642",,,РО,,Мужской,,,,,,,,,,Грант 23-24,,,,,,,,Математика,География,,Грандмастер (Grandmaster),,,,,,,,,,,,,,,,Дозвон,,,,,,,Медина Жунусовна,,Ансар1,,,,ЕНТ,,,
19532,101,,"28339587",,,,"360688785",,"7",,,,,,,,,,,,,,,Обед,"14:00",,,,,,,,,,,"2023-09-13T00:00:00",,,"9",Пн-Вт-Ср-Чт-Пт,,,,,"23-24",,"060725551208",,,,,,,"11",,,,,,,,,,,,,"8710",,,РО,,Мужской,,,,,,,,,,Грант 23-24,,,,,,,,Химия,Биология,,Профессор (Professor),,,,,,,,,,,,,,,,Дозвон,,,,,,,Медина Жунусовна,,Ансар1,,"8710",,ЕНТ,,,
19538,101,,"28340113",,,"29315625","361073079",,"4",,,"1135",,,,,,,,,,,,Обед,"14:00",,,,,,,,"2024-06-07T00:00:00",,"2024-06-06T00:00:00","2023-09-13T00:00:00",,,"7",Пн-Вт-Ср-Чт-Пт,,,,,"23-24",,"060504551434",,,,,,,"11",,,,,,,"11263",,,,,,"12398",,"58",РО,,Мужской,,,,,,,,,,Грант 23-24,,,,,,,,Математика,Информатика,,Мегамозг (Megamind),,,,,,,,,,,,,,,,Дозвон,,,,,,,Медина Жунусовна,,Ансар1,,,,ЕНТ,,,
19555,101,,"28342689",,,,"366647679",,"1",,,,,,,,,,,,,,,Вечер,"17:20",,,,,,,,"2024-05-28T00:00:00",,"2024-05-31T00:00:00","2023-09-13T00:00:00",,,"15",Вт-Ср-Чт-Пт-Сб,,,,,"23-24",,"060728551462",,,,,,,"11",,,,,,,"7975",,,,,,"7975",,"194",КО,,Мужской,,,,,,,,,,Грант 23-24,,,,,,,,Математика,География,,Грандмастер (Grandmaster),,,,,,,,,,,,,,,,"0",,,,,,,Молдир Нурлыханкызы,,Ансар1,,,,ЕНТ,,,
19558,101,,"28589597",,,,"363904585",,"1",,,,,,,,,,,,,,,Вечер,"17:20",,,,,,,,,,,"2023-09-13T00:00:00",,,"3",Пн-Вт-Ср-Чт-Пт,,,,,"23-24",,"060918551693",,,,,,,"11",,,,,,,"9925",,,,,,"9925",,,РО,,Мужской,,,,,,,,,,Грант 23-24,,,,,,,,Математика,Информатика,,Профессор (Professor),,,,,,,,,,,,,,,,"0",,,,,,,,,Ансар1,,,,,,,
19570,101,,"28344011",,,,"368750957",,,,,"2749",,,,,,,,,,,,Вечер,"14:00",,"537",,,,,,,,,"2021-10-06T00:00:00","2024-06-20T00:00:00",,"10",,,,,,"23-24",,"050826500022",,,,,,,"10",,,,,,,"161",,,,,,"7309",,,РО,,Мужской,,,,,,,,,,Грант 23-24,,,,,,,,,,,Грандмастер (Grandmaster),,,,,,,,,,,,,,,,,,,,,,,,"3862",,,,,,,,
19581,101,,"28344503",,,,"362489037",,"79",,,"298",,,,,,,,,,,,Вечер,"17:20",,,,,,,,,,,"2023-09-13T00:00:00",,,"2",Пн-Вт-Ср-Чт-Пт,,,,,"23-24",,"060629551276",,,,,,,"11",,,,,,,"8272",,,,,,"8569,5",,,РО,,Мужской,,,,,,,,,,Грант 23-24,,,,,,,,Математика,География,,Профессор (Professor),,,,,,,,,,,,,,,,"0",,,,,,,Молдир Нурлыханкызы,,Ансар1,,,,ЕНТ,,,
19590,101,,"28348525",,,,"369200475",,"7",,,,,,,,,,,,,,,Вечер,"17:20",,,,,,,,,,,"2023-09-13T00:00:00",,,"13",Пн-Вт-Ср-Чт-Пт,,,,,"23-24",,"070321601015",,,,,,,"11",,,,,,,"10471",,,,,,"10470,5",,,РО,,Женский,,,,,,,,,,Грант 23-24,,,,,,,,Математика,География,,Профессор (Professor),,,,,,,,,,,,,,,,Дозвон,,,,,,,Молдир Нурлыханкызы,,Ансар1,,,,ЕНТ,,,
19600,101,,"28349773",,,,"362736422",,"14",,,,,,,,,,,,,,,Обед,"14:00",,,,,,,,"2024-06-20T00:00:00",,"2024-06-19T00:00:00","2023-09-13T00:00:00",,,"3",Пн-Вт-Ср-Чт-Пт,,,,,"23-24",,"060824341567",,,,,,,"11",,,,,,,"7686",,,,,,"15697,75",,"34",РО,,Мужской,,,,,,,,,,Грант 23-24,,,,,,,,Математика,Физика,,Мегамозг (Megamind),,,,,,,,,,,,,,,,"0",,,,,,,Молдир Нурлыханкызы,"8012",Ансар1,,,,ЕНТ,,,
19609,101,,"28350907",,,,"361075617",,"85",,,,,,,,,,,,,,,Вечер,"17:20",,,,,,,,"2024-06-04T00:00:00",,"2024-06-03T00:00:00","2023-09-13T00:00:00",,,"6",Пн-Вт-Ср-Чт-Пт,,,,,"23-24",,"060911551269",,,,,,,"11",,,,,,,"9339",,,,,,"9338,5",,"30",РО,,Мужской,,,,,,,,,,Грант 23-24,,,,,,,,Математика,Информатика,,Профессор (Professor),,,,,,,,,,,,,,,,Дозвон,,,,,,,Молдир Нурлыханкызы,,Ансар1,,,,ЕНТ,,,
19610,101,,"28350993",,,,"363912427",,"50",,,,,,,,,,,,,,,Вечер,"17:20",,,,,,,,"2024-06-04T00:00:00",,"2024-06-03T00:00:00","2023-09-13T00:00:00",,,"6",Пн-Вт-Ср-Чт-Пт,,,,,"23-24",,"060911551279",,,,,,,"11",,,,,,,"9158",,,,,,"9158",,"32",РО,,Мужской,,,,,,,,,,Грант 23-24,,,,,,,,Математика,Информатика,,Профессор (Professor),,,,,,,,,,,,,,,,Дозвон,,,,,,,Молдир Нурлыханкызы,,Ансар1,,,,ЕНТ,,,
19632,101,,"28594371",,,,"364916096",,"1",,,,,,,,,,,,,,,Вечер,"17:20",,,,,,,,,,,"2023-09-14T00:00:00",,,"15",Вт-Ср-Чт-Пт-Сб,,,,,"23-24",,"070317550560",,,,,,,"11",,,,,,,"9427",,,,,,"9427",,,КО,,Мужской,,,,,,,,,,Грант 23-24,,,,,,,,Математика,Информатика,,Профессор (Professor),,,,,,,,,,,,,,,,"0",,,,,,,,,Ансар1,,,,,,,
19635,101,,"28705405",,,,"363116092",,"1",,,,,,,,,,,,,,,Вечер,"17:20",,,,,,,,,"2024-06-09T00:00:00",,"2023-09-14T00:00:00",,,"11",Вт-Ср-Чт-Пт-Сб,,,,,"23-24",,"070512551416",,,,,,,"11",,,,,,,"9504",,,,,,"9503,5",,,КО,,Мужской,,,,,,,,,,Грант 23-24,,,,,,,,Математика,Информатика,,Профессор (Professor),,,,,,,,,,,,,,,,"0",,,,,,,,,Ансар1,,,,,,,
19644,101,,"28354245",,,,"368487130",,"17",,,,,,,,,,,,,,,Вечер,"17:20",,,,,,,,,,,"2023-09-21T00:00:00",,,"8",Вт-Ср-Чт-Пт-Сб,,,,,"23-24",,"070310500259",,,,,,,"11",,,,,,,"7963",,,,,,"15344",,,КО,,Мужской,,,,,,,,,,Грант 23-24,,,,,,,,Математика,Физика,,Мегамозг (Megamind),,,,,,,,,,,,,,,,Дозвон,,,,,,,Молдир Нурлыханкызы,"7381",Ансар1,,,,ЕНТ,,,
19650,101,,"28355273",,,,"363916528",,"1",,,,,,,,,,,,,,,Вечер,"17:20",,,,,,,,"2024-03-28T00:00:00",,,"2023-09-14T00:00:00",,,"7",Пн-Вт-Ср-Чт-Пт,,,,,"23-24",,"061129550193",,,,,,,"11",,,,,,,"10348",,,,,,"22621",,"43",РО,,Мужской,,,,,,,,,,Грант 23-24,,,,,,,,Математика,Физика,,Босс (AIBoss),,,,,,,,,,,,,,,,Ватсап,,,,,,,Никто,"12273",Ансар1,,,,ЕНТ,,,
19651,101,,"28594699",,,,"362245842",,"1",,,,,,,,,,,,,,,Обед,"14:00",,,,,,,,,,,"2023-09-14T00:00:00",,,"3",Пн-Вт-Ср-Чт-Пт,,,,Да,"23-24",,"060401551672",,,,,,,"11",,,,,,,,,,,,,"8440",,,РО,,Мужской,,,,,,,,,,Грант 23-24,,,,,,,,Химия,Биология,,Профессор (Professor),,,,,,,,,,,,,,,,Дозвон,,,,,,,,,Ансар1,,"8440",,,,,
19652,101,,"28356625",,,,"362232198",,"83",,,,,,,,,,,,,,,Вечер,"17:20",,,,,,,,"2024-06-01T00:00:00",,"2024-05-31T00:00:00","2023-09-14T00:00:00",,,"13",Пн-Вт-Ср-Чт-Пт,,,,,"23-24",,"060607552285",,,,,,,"11",,,,,,,"7285",,,,,,"16141",,"14",РО,,Мужской,,,,,,,,,,Грант 23-24,,,,,,,,Математика,Физика,,Мегамозг (Megamind),,,,,,,,,,,,,,,,Дозвон,,,,,,,Никто,"8856",Ансар1,,,,ЕНТ,,,
19699,101,,"28378373","28368585",,,"361077355",,"6",,,,,,,,,,,,,,,Вечер,"17:20",,,,,,,,,,,"2023-09-20T00:00:00",,,"14",Пн-Вт-Ср-Чт-Пт,,,,,"23-24",,"060208551574",,,,,,,"11",,,,,,,"10785",,,,,,"20210",,,РО,,Мужской,,,,,,,,,,Грант 23-24,,,,,,,,Математика,Физика,,Босс (AIBoss),,,,,,,,,,,,,,,,"0",,,,,,,,"9425",Ансар1,,,,,,,
19711,101,,"28371263","28362757",,,"361059175",,"62",,,,,,,,,,,,,,,Вечер,"17:20",,,,,,,,,,,"2023-09-20T00:00:00",,,"1",Пн-Вт-Ср-Чт-Пт,,,,,"23-24",,"060312650332",,,,,,,"11",,,,,,,"9735",,,,,,"21046",,,РО,,Мужской,,,,,,,,,,Грант 23-24,,,,,,,,Математика,Физика,,Босс (AIBoss),,,,,,,,,,,,,,,,"0",,,,,,,Никто,"11311",Ансар1,,,,ЕНТ,,,
19715,102,,"26467589",,,,"285782659",,"174",,,"6264",,,,,,,,,,,,Утро,"08:50",,,,Алматы,,,,,,,"2021-10-21T00:00:00","2023-04-10T00:00:00",,"2",Пн-Ср-Пт,,,,,,,"110506500988","96160290653",,,,,"3270","6",,,,,,"4131","10303",,,,,,"30379",,,КО,,Мужской,,,,,,,Да,"22-23",Да,Не поступил,Не поступил,,Не поступил,,,,,,,,Легенда I (Legend I),"6411",,,,,,,,Да,,Да,,,,,Дозвон,Участвует,,,,,,,,Нурсат,,,,,,,Казахский
19723,101,,"28373755","27427683",,,"362976855",,"73",,,,,,,,,,,,,,,Вечер,"17:20",,,,,,,,"2024-05-12T00:00:00",,,"2023-09-21T00:00:00",,,"4",Вт-Ср-Чт-Пт-Сб,,,,,"23-24",,"070720551778",,,,,,,"11",,,,,,,"11387",,,,,,"21508",,"42",КО,,Мужской,,,,,,,,,,Грант 23-24,,,,,,,,Математика,Физика,,Босс (AIBoss),,,,,,,,,,,,,,,,Встреча в центре,,,,,,,Никто,"10121",Ансар1,,,,ЕНТ,,,
19727,101,,"28373869","28373817",,,"362732523",,"1",,,,,,,,,,,,,,,Вечер,"17:20",,,,,,,,"2024-05-23T00:00:00",,"2024-05-22T00:00:00","2023-09-21T00:00:00",,,"5",Вт-Ср-Чт-Пт-Сб,,,,,"23-24",,"006010651170",,,,,,,"11",,,,,,,"10616",,,,,,"21057,5",,"41",КО,,Женский,,,,,,,,,,Грант 23-24,,,,,,,,Математика,Физика,,Босс (AIBoss),,,,,,,,,,,,,,,,Дозвон,,,,,,,Никто,"10442",Ансар1,,,,ЕНТ,,,
19761,101,,"28379227","28352701",,,"361244200",,"1",,,,,,,,,,,,,,,Вечер,"17:20",,,,,,,,,"2024-06-19T00:00:00",,"2023-09-20T00:00:00",,,"5",Вт-Ср-Чт-Пт-Сб,,,,,"23-24",,"070525551619",,,,,,,"11",,,,,,,"11480",,,,,,"22878",,,КО,,Мужской,,,,,,,,,,Грант 23-24,,,,,,,,Математика,Физика,,Босс (AIBoss),,,,,,,,,,,,,,,,"0",,,,,,,Никто,"11398",Ансар1,,,,ЕНТ,,,
19769,101,,"28380433","27376089",,,"361056795",,"58",,,,,,,,,,,,,,,Вечер,"17:20",,,,,,,,"2024-06-08T00:00:00","2024-06-25T00:00:00","2024-06-07T00:00:00","2023-09-21T00:00:00",,,"6",Вт-Ср-Чт-Пт-Сб,,,,,"23-24",,"070419552016",,,,,,,"11",,,,,,,"10623",,,,,,"10623",,"30",КО,,Мужской,,,,,,,,,,Грант 23-24,,,,,,,,Математика,Информатика,,Профессор (Professor),,,,,,,,,,,,,,,,Дозвон,,,,,,,Никто,,Ансар1,,,,ЕНТ,,,
19771,101,,"28380627","28339343",,,"362246875",,"1",,,,,,,,,,,,,,,Вечер,"17:20",,,,,,,,,,,"2023-09-20T00:00:00",,,"11",Пн-Вт-Ср-Чт-Пт,,,,,"23-24",,"061204551901",,,,,,,"11",,,,,,,,,,,,,"11585,5",,,РО,,Мужской,,,,,,,,,,Грант 23-24,,,,,,,,Химия,Биология,,Профессор (Professor),,,,,,,,,,,,,,,,Дозвон,,,,,,,Никто,,Ансар1,,"11586",,ЕНТ,,,
19785,101,,"28386579",,,,,,,,,"1026",,,,,,,,,,,,Вечер,"17:20",,"95",,,,,,,,,"2021-10-13T00:00:00","2024-06-20T00:00:00",,"12",,,,,,"23-24",,"060826601920",,,,,,,"9",,,,,,,"1750",,,,,,"5109",,,РО,,Женский,,,,,,,,,,Грант 23-24,,,,,,,,,,,Грандмастер (Grandmaster),,,,,,,,,,,,,,,,,,,,,,,,"2238",,,,,,,,Русский
19787,101,,"29019573",,,,"359620989",,"1",,,,,,,,,,,,,,,Обед,"14:00",,,,,,,,,,,"2024-03-12T00:00:00","2024-06-20T00:00:00",,"8",,,,,,"23-24",,"040605501423",,,,,,,"11",,,,,,,"9698",,,,,,"18238",,,РО,,Мужской,,,,,,,,,,Грант 23-24,,,,,,,,Химия,Биология,,Мегамозг (Megamind),,,,,,,,,,,,,,,,,,,,,,,,"7210",,,"1330",,,,,Казахский
19797,101,,,,,,"368252703",,"6",,,"2141",,,,,,,,,,,,Обед,"14:00",,,,,,,,,,,"2023-09-21T00:00:00","2024-06-20T00:00:00",,"11",Пн-Вт-Ср-Чт-Пт,,,,,"23-24",,"090618553081","95781553503",,,,,"992","11",,,,,,"1363","3820",,,,,,"10631",,,РО,,Женский,,,,,,,,,Не сдают,Грант 23-24,,,,,,,,География,Биология,,Профессор (Professor),"2315",,,,,,,,,,,,,,,Дозвон,,,,,,,,,Ансар1,,,,,,,Казахский
19829,101,,"29095493","28033141",,,"364722256",,"1",,,,,,,,,,,,,,,Вечер,"17:20",,,,,,,,,,,"2024-03-20T00:00:00",,,"14",Вт-Ср-Чт-Пт-Сб,,,,Нет,"23-24",,"070320551545",,,,,,,"11",,,,,,,"6125",,,,,,"12099",,,КО,,Мужской,,,,,,,,,,Грант 23-24,,,,,,,,Математика,Физика,,Мегамозг (Megamind),,,,,,,,,,,,,,,,Дозвон,,,,,,,Молдир Нурлыханкызы,"5974",Ансар1,,,,ЕНТ,,,
19851,101,,"28406251","28397175",,,"365145708",,"4",,,,,,,,,,,,,,,Вечер,"17:20",,,,,,,,,,,"2023-09-28T00:00:00",,,"12",Пн-Вт-Ср-Чт-Пт,,,,Нет,"23-24",,"070409651961",,,,,,,"11",,,,,,,"10753",,,,,,"10753",,,КО,,Мужской,,,,,,,,,,Грант 23-24,,,,,,,,Математика,Информатика,,Профессор (Professor),,,,,,,,,,,,,,,,"0",,,,,,,Никто,,Ансар1,,,,ЕНТ,,,
19840,101,,"28404935","28391583",,,"362400705",,"1",,,,,,,,,,,,,,,Вечер,"17:20",,,,,,,,,,,"2023-09-28T00:00:00",,,"15",Вт-Ср-Чт-Пт-Сб,,,,Нет,"23-24",,"060531550631",,,,,,,"11",,,,,,,"9158",,,,,,"9158",,,КО,,Мужской,,,,,,,,,,Грант 23-24,,,,,,,,Математика,География,,Профессор (Professor),,,,,,,,,,,,,,,,"0",,,,,,,Никто,,Ансар1,,,,ЕНТ,,,
19900,101,,"28424570","28352177",,,"364341817",,"70",,,,,,,,,,,,,,,Вечер,"17:20",,,,,,,,"2024-04-24T00:00:00",,,"2023-09-28T00:00:00",,,"5",Вт-Ср-Чт-Пт-Сб,,,,Нет,"23-24",,"070111552031",,,,,,,"11",,,,,,,"8545",,,,,,"8545",,"39",КО,,Мужской,,,,,,,,,,Грант 23-24,,,,,,,,Математика,География,,Профессор (Professor),,,,,,,,,,,,,,,,"0",,,,,,,Никто,,Ансар1,,,,ЕНТ,,,
19908,101,,"28428839","27422473",,,"371985900",,"22",,,,,,,,,,,,,,,Вечер,"17:20",,,,,,,,,,,"2023-10-05T00:00:00",,,"7",Вт-Ср-Чт-Пт-Сб,,,,Нет,"23-24",,"070306501156",,,,,,,"11",,,,,,,"5538",,,,,,"11843,25",,,КО,,Мужской,,,,,,,,,,Грант 23-24,,,,,,,,Математика,Физика,,Профессор (Professor),,,,,,,,,,,,,,,,"0",,,,,,,Никто,"6306",Ансар1,,,,ЕНТ,,,
19945,101,,"28437465","28424162",,,,,"48",,,"7874",,,,,,,,,,,,Вечер,"17:20",,,,,,,,,,,"2023-10-04T00:00:00",,,"11",Пн-Вт-Ср-Чт-Пт,,,,Нет,"23-24",,"061203551014",,,,,,,"11",,,,,,,,,,,,,"7873,5",,,РО,,Мужской,,,,,,,,,,Грант 23-24,,,,,,,,Английский язык,Всемирная история,,Грандмастер (Grandmaster),,,,,,,,,,,,,,,,"0",,,,,,,Никто,,Ансар1,,,,ЕНТ,,,
19951,101,,"28439043",,,,"362237869",,,,,"116",,,,,,,,,,,,Утро,"08:50",,,,,,,,,,,"2021-10-28T00:00:00","2024-06-20T00:00:00",,"12",,,,,,"23-24",,"090918553883",,,,,,"125","6",,,,,,"173","201",,,,,,"750,5",,,КО,,Мужской,,,,,,,,,,Грант 23-24,,,,,,,,,,,Новобранец (Recruit),"136",,,,,,,,,,,,,,,,,,,,,,,,,,,,,,,Казахский
19963,101,,"28439711","28355473",,,"369627393",,"5",,,"2940",,,,,,,,,,,,Вечер,"17:20",,,,,,,,,,,"2023-10-04T00:00:00",,,"10",Пн-Вт-Ср-Чт-Пт,,,,Нет,"23-24",,"060924501253",,,,,,,"11",,,,,,,"6613",,,,,,"9553",,,РО,,Мужской,,,,,,,,,,Грант 23-24,,,,,,,,Математика,Информатика,,Профессор (Professor),,,,,,,,,,,,,,,,"0",,,,,,,Никто,,Ансар1,,,,ЕНТ,,,
19974,101,,"28440611","28436783",,,"362159731",,"1",,,,,,,,,,,,,,,Вечер,"17:20",,,,,,,,,,,"2023-10-04T00:00:00",,,"14",Вт-Ср-Чт-Пт-Сб,,,,Нет,"23-24",,"070328650844",,,,,,,"11",,,,,,,,,,,,,,,,РО,,Мужской,,,,,,,,,,Грант 23-24,,,,,,,,География,Биология,,,,,,,,,,,,,,,,,,"0",,,,,,,Никто,,Ансар1,,,,ЕНТ,,,
19985,101,,"28443373","28437827",,,"361570853",,"68",,,,,,,,,,,,,,,Вечер,"17:20",,,,,,,,,,,"2023-10-04T00:00:00",,,"11",Пн-Вт-Ср-Чт-Пт,,,,Нет,"23-24",,"061125651443",,,,,,,"11",,,,,,,,,,,,,"9508",,,РО,,Мужской,,,,,,,,,,Грант 23-24,,,,,,,,Химия,Биология,,Профессор (Professor),,,,,,,,,,,,,,,,Дозвон,,,,,,,Никто,,Ансар1,,"9508",,ЕНТ,,,
20000,101,,"28445901","28281335",,,"363902594",,"68",,,,,,,,,,,,,,,Обед,"14:00",,,,,,,,,,,"2023-10-05T00:00:00",,,"1",Пн-Вт-Ср-Чт-Пт,,,,,"23-24",,"061129550440",,,,,,,"11",,,,,,,"8011",,,,,,"8010,5",,,РО,,Мужской,,,,,,,,,,Грант 23-24,,,,,,,,Математика,География,,Профессор (Professor),,,,,,,,,,,,,,,,"0",,,,,,,Никто,,Ансар1,,,,ЕНТ,,,
20008,101,,"28447515","28407079",,,"363916532",,"5",,,,,,,,,,,,,,,Вечер,"17:20",,,,,,,,"2024-04-10T00:00:00",,,"2023-10-04T00:00:00",,,"15",Пн-Вт-Ср-Чт-Пт,,,,Да,"23-24",,"060813551464",,,,,,,"11",,,,,,,"6667",,,,,,"14142",,"38",РО,,Мужской,,,,,,,,,,Грант 23-24,,,,,,,,Математика,Физика,,Мегамозг (Megamind),,,,,,,,,,,,,,,,Дозвон,,,,,,,Никто,"7475",Ансар1,,,,ЕНТ,,,
20015,101,,"28452077","28390775",,,"364341820",,"3",,,,,,,,,,,,,,,Вечер,"17:20",,,,,,,,,,,"2023-10-05T00:00:00",,,"15",Вт-Ср-Чт-Пт-Сб,,,,,"23-24",,"060907551910",,,,,,,"11",,,,,,,"8118",,,,,,"8118",,,КО,,Мужской,,,,,,,,,,Грант 23-24,,,,,,,,Математика,Информатика,,Профессор (Professor),,,,,,,,,,,,,,,,"0",,,,,,,Никто,,Ансар1,,,,ЕНТ,,,
20045,101,,"28469467","28465237",,,"362738299",,"45",,,,,,,,,,,,,,,Обед,"14:00",,,,,,,,,,,"2023-10-11T00:00:00",,,"2",Пн-Вт-Ср-Чт-Пт,,,,,"23-24",,"060703551228",,,,,,,"11",,,,,,,"5116",,,,,,"11088",,,РО,,Мужской,,,,,,,,,,Грант 23-24,,,,,,,,Математика,Физика,,Профессор (Professor),,,,,,,,,,,,,,,,"0",,,,,,,Никто,"5972",Ансар1,Айгерим Мейрамовна,,,ЕНТ,,,
20050,101,,"28470583","28464779",,,"362237898",,"80",,,,,,,,,,,,,,,Вечер,"17:20",,,,,,,,"2024-07-01T00:00:00",,"2024-06-26T00:00:00","2023-10-12T00:00:00",,,"2",Вт-Ср-Чт-Пт-Сб,,,,,"23-24",,"070902653839",,,,,,,"11",,,,,,,,,,,,,,,"27",КО,,Мужской,,,,,,,,,,Грант 23-24,,,,,,,,География,Биология,,,,,,,,,,,,,,,,,,"0",,,,,,,Никто,,Ансар1,Зарина Кайратовна,,,ЕНТ,,,
20055,101,,"28471023","28463927",,,"362239743",,"1",,,,,,,,,,,,,,,Вечер,"17:20",,,,,,,,,,,"2023-10-11T00:00:00",,,"13",Пн-Вт-Ср-Чт-Пт,,,,,"23-24",,"006015650833",,,,,,,"11",,,,,,,"11170",,,,,,"11170",,,РО,,Мужской,,,,,,,,,,Грант 23-24,,,,,,,,Математика,География,,Профессор (Professor),,,,,,,,,,,,,,,,"0",,,,,,,Никто,,Ансар1,Нуржан Ерланович,,,ЕНТ,,,
20067,101,,"28474711","28462235",,,"361060501",,"13",,,,,,,,,,,,,,,Вечер,"17:20",,,,,,,,,,,"2023-10-12T00:00:00",,,"10",Вт-Ср-Чт-Пт-Сб,,,,,"23-24",,"070408551177",,,,,,,"11",,,,,,,"10874",,,,,,"18367",,,КО,,Мужской,,,,,,,,,,Грант 23-24,,,,,,,,Математика,Физика,,Мегамозг (Megamind),,,,,,,,,,,,,,,,"0",,,,,,,Никто,"7493",Ансар1,Муратбай Талгатович,,,ЕНТ,,,
20074,101,,"28476039","28470737",,,"383524254",,"4",,,"3891",,,,,,,,,,,,Обед,"14:00",,,,,,,,,,,"2023-10-11T00:00:00",,,"6",Пн-Вт-Ср-Чт-Пт,,,,,"23-24",,"070816551214",,,,,,,"11",,,,,,,"568",,,,,,"4459",,,РО,,Мужской,,,,,,,,,,Грант 23-24,,,,,,,,Английский язык,География,,Мастер (Master),,,,,,,,,,,,,,,,"0",,,,,,,Никто,,Ансар1,Жангир Даниярулы,,,ЕНТ,,,
20075,101,,"28476049","28446999",,,"370602342",,"75",,,,,,,,,,,,,,,Вечер,"17:20",,,,,,,,,,,"2023-10-12T00:00:00",,,"15",Вт-Ср-Чт-Пт-Сб,,,,,"23-24",,"070828551983",,,,,,,"11",,,,,,,"9365",,,,,,"9365",,,КО,,Мужской,,,,,,,,,,Грант 23-24,,,,,,,,Математика,Информатика,,Профессор (Professor),,,,,,,,,,,,,,,,"0",,,,,,,Никто,,Ансар1,Рустем Нурбекулы,,,ЕНТ,,,
20080,101,,"28477247","28459407",,,"365209709",,"18",,,,,,,,,,,,,,,Обед,"14:00",,,,,,,,"2024-06-06T00:00:00",,"2024-06-05T00:00:00","2023-10-12T00:00:00",,,"10",Вт-Ср-Чт-Пт-Сб,,,,,"23-24",,"070406651330",,,,,,,"11",,,,,,,"11127",,,,,,"20618",,"31",КО,,Женский,,,,,,,,,,Грант 23-24,,,,,,,,Математика,Физика,,Босс (AIBoss),,,,,,,,,,,,,,,,"0",,,,,,,Никто,"9491",Ансар1,Муратбай Талгатович,,,ЕНТ,,,
20085,101,,"28477303","28463269",,,"360691494",,"27",,,,,,,,,,,,,,,Обед,"14:00",,,,,,,,,,,"2023-10-11T00:00:00",,,"10",Пн-Вт-Ср-Чт-Пт,,,,,"23-24",,"060223552069",,,,,,,"11",,,,,,,"7155",,,,,,"13599",,,РО,,Мужской,,,,,,,,,,Грант 23-24,,,,,,,,Математика,Физика,,Мегамозг (Megamind),,,,,,,,,,,,,,,,"0",,,,,,,Никто,"6444",Ансар1,Муратбай Талгатович,,,ЕНТ,,,
20090,101,,"28479141","28373529",,,"364107289",,"1",,,,,,,,,,,,,,,Вечер,"17:20",,,,,,,,,,,"2023-10-12T00:00:00",,,"7",Вт-Ср-Чт-Пт-Сб,,,,,"23-24",,"060627551572",,,,,,,"11",,,,,,,,,,,,,"7465",,,КО,,Мужской,,,,,,,,,,Грант 23-24,,,,,,,,Химия,Биология,,Грандмастер (Grandmaster),,,,,,,,,,,,,,,,"0",,,,,,,Никто,,Ансар1,Никто,"7465",,ЕНТ,,,
20112,101,,"28498067","28481897",,,"375021212",,"2",,,,,,,,,,,,,,,Вечер,"17:20",,,,,,,,,,,"2023-10-18T00:00:00",,,"15",Пн-Вт-Ср-Чт-Пт,,,,Да,"23-24",,"061228551784",,,,,,,"11",,,,,,,"7672",,,,,,"7672",,,РО,,Мужской,,,,,,,,,,Грант 23-24,,,,,,,,Математика,Информатика,,Грандмастер (Grandmaster),,,,,,,,,,,,,,,,"0",,,,,,,Никто,,Ансар1,Жангир Даниярулы,,,ЕНТ,,,
20121,101,,"28498817","28495059",,,"362168533",,"83",,,,,,,,,,,,,,,Обед,"14:00",,,,,,,,,,,"2023-10-18T00:00:00","2024-06-20T00:00:00",,"9",Пн-Вт-Ср-Чт-Пт,,,,,"23-24",,"061209650997",,,,,,,"11",,,,,,,,,,,,,"0",,,РО,,Мужской,,,,,,,,,,Грант 23-24,,,,,,,,География,Биология,,Новобранец (Recruit),,,,,,,,,,,,,,,,Дозвон,,,,,,,Никто,,Ансар1,Айгерим Мейрамовна,,,ЕНТ,,,
20169,102,,"26690973",,,,,,"198",,,"2325",,,,,,,,,,,,Обед,"14:00",,"1349",,,,,,,"2023-05-05T00:00:00",,"2022-09-03T00:00:00","2023-05-25T00:00:00",,"5",,,,,,,,"051115501652",,,,,,,"11",,,,,,,"14188",,,,,,"30987",,,КО,,Мужской,,,,,,,,,,Грант 22-23,,,,,,,,Математика,Физика,,Легенда I (Legend I),,,,,,,,,,,,,,,,"0",,,,,,,Жандос Усенулы,"13125",Основной,,,,,,,Казахский
20187,101,,"28526869","28525937",,,"357804798",,"1",,,,,,,,,,,,,,,Обед,"14:00",,,,,,,,"2024-06-14T00:00:00",,"2024-06-13T00:00:00","2023-10-26T00:00:00","2024-06-20T00:00:00",,"12",Пн-Вт-Ср-Чт-Пт,,,,Да,"23-24",,"070529550602",,,,,,,"11",,,,,,,"9425",,,,,,"9425",,"39",РО,,Мужской,,,,,,,,,,Грант 23-24,,,,,,,,Математика,Информатика,,Профессор (Professor),,,,,,,,,,,,,,,,"0",,,,,,,Никто,,Ансар1,Аружан Маралбековна,,,ЕНТ,,,
20189,101,,"28527057","28369143",,,"372144150",,"1",,,,,,,,,,,,,,,Вечер,"17:20",,,,,,,,,,,"2023-10-26T00:00:00","2024-06-20T00:00:00",,"10",Вт-Ср-Чт-Пт-Сб,,,,,"23-24",,"060928550779",,,,,,,"11",,,,,,,"7002",,,,,,"7001,5",,,КО,,Мужской,,,,,,,,,,Грант 23-24,,,,,,,,Математика,Информатика,,Грандмастер (Grandmaster),,,,,,,,,,,,,,,,Дозвон,,,,,,,Никто,,Ансар1,Муратбай Талгатович,,,ЕНТ,,,
20193,101,,"28527305","28527287",,,"361011777",,"8",,,,,,,,,,,,,,,Вечер,"17:20",,,,,,,,"2024-05-26T00:00:00",,,"2023-11-30T00:00:00",,,"10",Вт-Ср-Чт-Пт-Сб,,,,,"23-24",,"061129550252",,,,,,,"11",,,,,,,"6810",,,,,,"12518",,"21",КО,,Мужской,,,,,,,,,,Грант 23-24,,,,,,,,Математика,Физика,,Мегамозг (Megamind),,,,,,,,,,,,,,,,"0",,,,,,,Никто,"5708",Ансар1,Айгерим Мейрамовна,,,ЕНТ,,,
20205,101,,"28530777","28488471",,,"361511357",,BINOM SCHOOL имени Ыбрая Алтынсарина,,,,,,,,,,,,,,,Вечер,"17:20",,,,,,,,,,,"2023-10-26T00:00:00",,,"14",Пн-Вт-Ср-Чт-Пт,,,,,"23-24",,"061201650468",,,,,,,"11",,,,,,,"7167",,,,,,"7166,5",,,КО,,Мужской,,,,,,,,,,Грант 23-24,,,,,,,,Математика,Информатика,,Грандмастер (Grandmaster),,,,,,,,,,,,,,,,"0",,,,,,,Никто,,Ансар1,Жангир Даниярулы,,,ЕНТ,,,
20212,101,,"28535685","28121377",,,"364905610",,"61",,,,,,,,,,,,,,,Вечер,"17:20",,,,,,,,"2024-05-05T00:00:00",,,"2023-11-02T00:00:00",,,"12",Вт-Ср-Чт-Пт-Сб,,,,,"23-24",,"060808652005",,,,,,,"11",,,,,,,"5284",,,,,,"6043",,"30",КО,,Мужской,,,,,,,,,,Грант 23-24,,,,,,,,Математика,Физика,,Грандмастер (Grandmaster),,,,,,,,,,,,,,,,Дозвон,,,,,,,Никто,"759",Ансар1,Зарина Кайратовна,,,ЕНТ,,,
20223,101,,"28545923","28531701",,,"366310649",,"6",,,,,,,,,,,,,,,Вечер,"17:20",,,,,,,,,,,"2023-11-02T00:00:00",,,"9",Вт-Ср-Чт-Пт-Сб,,,,,"23-24",,"060711000186",,,,,,,"11",,,,,,,"5069",,,,,,"9613,5",,,КО,,Мужской,,,,,,,,,,Грант 23-24,,,,,,,,Математика,Физика,,Профессор (Professor),,,,,,,,,,,,,,,,"0",,,,,,,Никто,"4545",Ансар1,Тогжан Болебаевна,,,ЕНТ,,,
20233,101,,"28551361","28551245",,,"367653446",,"1",,,,,,,,,,,,,,,Вечер,"17:20",,,,,,,,,,,"2023-11-02T00:00:00",,,"3",Вт-Ср-Чт-Пт-Сб,,,,,"23-24",,"061215650741",,,,,,,"11",,,,,,,"1562",,,,,,"1562",,,КО,,Мужской,,,,,,,,,,Грант 23-24,,,,,,,,Математика,География,,Мастер (Master),,,,,,,,,,,,,,,,"0",,,,,,,Никто,,Ансар1,Нуржан Ерланович,,,ЕНТ,,,
20283,101,,"28567133","27413717",,,"362669312",,"1",,,,,,,,,,,,,,,Вечер,"17:20",,,,,,,,"2024-04-21T00:00:00",,,"2023-11-02T00:00:00",,,"13",Вт-Ср-Чт-Пт-Сб,,,,,"23-24",,"070311551497",,,,,,,"11",,,,,,,"5671",,,,,,"5671",,"31",КО,,Мужской,,,,,,,,,,Грант 23-24,,,,,,,,ЧОП,Всемирная история,,Грандмастер (Grandmaster),,,,,,,,,,,,,,,,"0",,,,,,,Никто,,Ансар1,Нуржан Ерланович,,,ЕНТ,,,
20294,101,,"28573565","28573259",,,"367701896",,Мирас,,,,,,,,,,,,,,,Вечер,"17:20",,,,,,,,,,,"2023-11-09T00:00:00",,,"3",Вт-Ср-Чт-Пт-Сб,,,,,"23-24",,"070228550120",,,,,,,"11",,,,,,,"4701",,,,,,"4700,5",,,КО,,Мужской,,,,,,,,,,Грант 23-24,,,,,,,,Математика,Информатика,,Грандмастер (Grandmaster),,,,,,,,,,,,,,,,"0",,,,,,,Никто,,Ансар1,Жангир Даниярулы,,,ЕНТ,,,
20299,101,,"28575805","28076917",,,"364927284",,"1",,,,,,,,,,,,,,,Вечер,"17:20",,,,,,,,,,"2024-08-09T00:00:00","2023-11-09T00:00:00","2024-06-20T00:00:00",,"3",Вт-Ср-Чт-Пт-Сб,,,,,"23-24",,"061101550983",,,,,,,"11",,,,,,,"3981",,,,,,"7419",,"39",КО,,Мужской,,,,,,,,,,Грант 23-24,,,,,,,,Математика,Физика,,Грандмастер (Grandmaster),,,,,,,,,,,,,,,,Дозвон,,,,,,,Никто,"3438",Ансар1,Ален Анварович,,,ЕНТ,,,
20320,101,,"28580887","28461241",,,"367657900",,"68",,,,,,,,,,,,,,,Вечер,"17:20",,,,,,,,,,,"2023-11-23T00:00:00",,,"8",Вт-Ср-Чт-Пт-Сб,,,,,"23-24",,"060808551873",,,,,,,"11",,,,,,,"7191",,,,,,"14640,5",,,КО,,Мужской,,,,,,,,,,Грант 23-24,,,,,,,,Математика,Физика,,Мегамозг (Megamind),,,,,,,,,,,,,,,,Дозвон,,,,,,,Никто,"7450",Ансар1,Тогжан Болебаевна,,,ЕНТ,,,
20333,101,,"28584951","28577869",,,"371335816",,"1",,,"5055",,,,,,,,,,,,Вечер,"17:20",,,,,,,,,,,"2023-11-08T00:00:00",,,"3",Пн-Вт-Ср-Чт-Пт,,,,Да,"23-24",,"070122651179",,,,,,,"11",,,,,,,,,,,,,"5055",,,РО,,Мужской,,,,,,,,,,Грант 23-24,,,,,,,,Английский язык,Всемирная история,,Грандмастер (Grandmaster),,,,,,,,,,,,,,,,Дозвон,,,,,,,Никто,,Ансар1,Жангир Даниярулы,,,ЕНТ,,,
20361,101,,"28601991","28588757",,,"354995928",,BINOM SCHOOL имени Ыбрая Алтынсарина,,,,,,,,,,,,,,,Вечер,"17:20",,,,,,,,,"2024-07-06T00:00:00",,"2023-11-15T00:00:00",,,"11",Пн-Вт-Ср-Чт-Пт,,,,Да,"23-24",,"061023650887",,,,,,,"11",,,,,,,"5647",,,,,,"5647",,,РО,,Женский,,,,,,,,,,Грант 23-24,,,,,,,,Математика,Информатика,,Грандмастер (Grandmaster),,,,,,,,,,,,,,,,Дозвон,,,,,,,,,Ансар1,,,,ЕНТ,,,
20404,101,,"28621417","28604235",,,"363205708",,"42",,,,,,,,,,,,,,,Вечер,"17:20",,,,,,,,"2024-05-19T00:00:00",,,"2023-11-16T00:00:00",,,"14",Вт-Ср-Чт-Пт-Сб,,,,,"23-24",,"061204651452",,,,,,,"11",,,,,,,,,,,,,,,"29",КО,,Мужской,,,,,,,,,,Грант 23-24,,,,,,,,География,Биология,,,,,,,,,,,,,,,,,,"0",,,,,,,Никто,,Ансар1,Муратбай Талгатович,,,ЕНТ,,,
20405,101,,"28621483","28621327",,,"370061020",,BINOM SCHOOL имени Каныша Сатпаева,,,,,,,,,,,,,,,Обед,"14:00",,,,,,,,,,,"2023-11-16T00:00:00",,,"15",Пн-Вт-Ср-Чт-Пт,,,,,"23-24",,"061023551145",,,,,,,"11",,,,,,,"6297",,,,,,"10434,5",,,РО,,Мужской,,,,,,,,,,Грант 23-24,,,,,,,,Математика,Физика,,Профессор (Professor),,,,,,,,,,,,,,,,"0",,,,,,,Никто,"4138",Ансар1,Айгерим Мейрамовна,,,ЕНТ,,,
20418,101,,"28630019","27420061",,,"364187010",,"3",,,,,,,,,,,,,,,Вечер,"17:20",,,,,,,,"2024-05-12T00:00:00",,,"2023-11-23T00:00:00",,,"3",Вт-Ср-Чт-Пт-Сб,,,,,"23-24",,"061227601719",,,,,,,"11",,,,,,,"5794",,,,,,"5793,5",,"28",КО,,Мужской,,,,,,,,,,Грант 23-24,,,,,,,,Математика,Информатика,,Грандмастер (Grandmaster),,,,,,,,,,,,,,,,"0",,,,,,,Никто,,Ансар1,Жангир Даниярулы,,,ЕНТ,,,
20440,101,,"28636555","28624871",,,"354995921",,"19",,,,,,,,,,,,,,,Вечер,"17:20",,,,,,,,,,,"2023-11-22T00:00:00",,,"10",Пн-Вт-Ср-Чт-Пт,,,,Да,"23-24",,"060630551286",,,,,,,"11",,,,,,,"7071",,,,,,"15265,5",,,РО,,Мужской,,,,,,,,,,Грант 23-24,,,,,,,,Математика,Физика,,Мегамозг (Megamind),,,,,,,,,,,,,,,,"0",,,,,,,Никто,"8195",Ансар1,Тогжан Болебаевна,,,ЕНТ,,,
20446,101,,"28636993","28624155",,,"363911391",,"3",,,,,,,,,,,,,,,Обед,"14:00",,,,,,,,,,,"2023-11-22T00:00:00","2024-06-20T00:00:00",,"11",Пн-Вт-Ср-Чт-Пт,,,,Да,"23-24",,"060612550750",,,,,,,"11",,,,,,,"8554",,,,,,"14953",,,РО,,Мужской,,,,,,,,,,Грант 23-24,,,,,,,,Математика,Физика,,Мегамозг (Megamind),,,,,,,,,,,,,,,,"0",,,,,,,Никто,"6399",Ансар1,Жангир Даниярулы,,,ЕНТ,,,
20462,101,,"28640947","28640871",,,"367709938",,"59",,,,,,,,,,,,,,,Обед,"14:00",,,,,,,,"2024-04-01T00:00:00",,,"2023-11-23T00:00:00",,,"8",Вт-Чт-Сб,,,,,"23-24",,"070107500572",,,,,,,"11",,,,,,,"7642",,,,,,"7642",,"24",КО,,Мужской,,,,,,,,,,Грант 23-24,,,,,,,,Математика,География,,Грандмастер (Grandmaster),,,,,,,,,,,,,,,,"0",,,,,,,Никто,,Ансар1,Муратбай Талгатович,,,ЕНТ,,,
20483,101,,"28645991","28638217",,,"354995924",,"36",,,,,,,,,,,,,,,Вечер,"17:20",,,,,,,,"2024-02-21T00:00:00",,,"2023-11-23T00:00:00",,,"10",Пн-Вт-Ср-Вс-Чт-Пт-Сб,,,,Да,"23-24",,"061217600875",,,,,,,"11",,,,,,,,,,,,,"7501",,"30",РО,,Мужской,,,,,,,,,,Грант 23-24,,,,,,,,Химия,Биология,,Грандмастер (Grandmaster),,,,,,,,,,,,,,,,"0",,,,,,,Никто,,Ансар1,Муратбай Талгатович,"7501",,ЕНТ,,,
20498,102,,"29312389",,,,"358146626",,"15",,,"5766",,,,,,,,,,,,Обед,"14:00",,"2530",,,,,,"2024-06-28T00:00:00","2023-06-07T00:00:00","2024-06-24T00:00:00","2023-01-26T00:00:00","2024-06-21T00:00:00",,"1",Пн-Вт-Ср-Чт-Пт,,,,Да,"23-24",,"070524602027",,,,,,,"11",,,,,,,"15786",,,,,,"31282",,"5",КО,,Женский,,,,,,,,,,Грант 23-24,,,,,,,,Математика,Информатика,,Легенда I (Legend I),,,,,,,,,,,,,,,,"0",,,,,,,Жандос Усенулы,"7200",Основной,,,,,,,Казахский
20507,101,,"28660519","28652599",,,"369469727",,"5",,,,,,,,,,,,,,,Вечер,"17:20",,,,,,,,,,,"2023-11-28T00:00:00",,,"5",Вт-Ср-Чт-Пт-Сб,,,,,"23-24",,"070104501663",,,,,,,"11",,,,,,,"5513",,,,,,"5513",,,КО,,Мужской,,,,,,,,,,Грант 23-24,,,,,,,,Математика,Информатика,,Грандмастер (Grandmaster),,,,,,,,,,,,,,,,"0",,,,,,,Никто,,Ансар1,Жангир Даниярулы,,,ЕНТ,,,
20522,101,,"28665659","28663103",,,,,"26",,,,,,,,,,,,,,,Вечер,"17:20",,,,,,,,,,,"2023-11-29T00:00:00",,,"13",Пн-Вт-Ср-Чт-Пт,,,,,"23-24",,"060223501619",,,,,,,"11",,,,,,,"6920",,,,,,"6920",,,РО,,Мужской,,,,,,,,,,Грант 23-24,,,,,,,,Математика,Информатика,,Грандмастер (Grandmaster),,,,,,,,,,,,,,,,Дозвон,,,,,,,Никто,,Ансар1,Айгерим Мейрамовна,,,ЕНТ,,,
20527,102,,"26513241",,,,"357806600",,"140",,,"6049",,,,,,,,,,,,Обед,"14:00",,"3987",,,,,,,"2023-05-06T00:00:00",,"2022-10-04T00:00:00","2024-05-16T00:00:00",,"13",Пн-Вт-Ср-Чт-Пт,,,,Да,"23-24",,"070128601733",,,,,,,"11",,,,,,,"26005",,,,,,"60311",,,КО,,Женский,,,,,,,,,,Грант 23-24,,,,,,,,Математика,Физика,,Легенда III (Legend III),,,,,,,,,,,,,,,,"0",,,,,,,Томирис Султанкызы,"24270",Основной,,,,,,,Казахский
20543,101,,"28683403","28683367",,,"357804766",,BINOM SCHOOL имени Ыбрая Алтынсарина,,,,,,,,,,,,,,,Вечер,"17:20",,,,,,,,,,,"2023-12-06T00:00:00","2024-06-20T00:00:00",,"9",Пн-Вт-Ср-Чт-Пт,,,,Да,"23-24",,"060725651195",,,,,,,"11",,,,,,,,,,,,,"0",,,РО,,Мужской,,,,,,,,,,Грант 23-24,,,,,,,,География,Биология,,Новобранец (Recruit),,,,,,,,,,,,,,,,"0",,,,,,,Никто,,Ансар1,Ален Анварович,,,ЕНТ,,,
20545,101,,"28683569","28681495",,,"361567630",,"1",,,,,,,,,,,,,,,Обед,"14:00",,,,,,,,,,,"2023-12-13T00:00:00",,,"15",Пн-Вт-Ср-Чт-Пт,,,,,"23-24",,"060509551213",,,,,,,"11",,,,,,,"5647",,,,,,"5647",,,РО,,Мужской,,,,,,,,,,Грант 23-24,,,,,,,,Математика,Информатика,,Грандмастер (Grandmaster),,,,,,,,,,,,,,,,"0",,,,,,,Никто,,Ансар1,Муратбай Талгатович,,,ЕНТ,,,
20564,101,,"28693049",,,,"361549748",,"60",,,,,,,,,,,,,,,Вечер,"17:20",,,,,,,,"2024-04-19T00:00:00","2024-06-04T00:00:00",,"2023-12-07T00:00:00",,,"9",Вт-Ср-Чт-Пт-Сб,,,,,"23-24",,"061217500819",,,,,,,"11",,,,,,,"3460",,,,,,"7127",,"24",КО,,Мужской,,,,,,,,,,Грант 23-24,,,,,,,,Математика,Физика,,Грандмастер (Grandmaster),,,,,,,,,,,,,,,,"0",,,,,,,,"2078",Ансар1,,"1589",,,,,
20577,101,,"28699473","28655347",,,"361519766",,"2",,,,,,,,,,,,,,,Вечер,"17:20",,,,,,,,,,,"2023-12-14T00:00:00",,,"3",Вт-Ср-Чт-Пт-Сб,,,,,"23-24",,"060501551834",,,,,,,"11",,,,,,,"5519",,,,,,"5518,5",,,КО,,Мужской,,,,,,,,,,Грант 23-24,,,,,,,,Математика,Информатика,,Грандмастер (Grandmaster),,,,,,,,,,,,,,,,"0",,,,,,,Никто,,Ансар1,Аружан Маралбековна,,,ЕНТ,,,
20577,102,,"27935891",,,,"364127723",,"95",,,"1087",,,,,,,,,,,,Обед,"14:00",,"683",,,,,,"2024-05-21T00:00:00",,,"2021-12-22T00:00:00","2024-05-02T00:00:00",,"6",,,,"Пищевая аллергия на красное и др продукты, закрытый, найти подход и внимании, Ист каз 15/2 правильно, грам чтения 20/17 правильно, мат грам 15/10 правильно, матем 5/3 правильно, физика 5/1 правильно",,"23-24",,"070226500044",,,,,,,"11",,,,,,,"14008",,,,,,"30911",,"32",РО,,Мужской,,,,,,,,,,Грант 23-24,,,,,,,,Математика,Физика,,Легенда I (Legend I),,,,,,,,,,,,,,,,Дозвон,,,,,,,Жасулан Таубалдыулы,"15133",Основной,,,,,,,Русский
20582,101,,"28705185","28685431",,,"362754360",,"1",,,,,,,,,,,,,,,Вечер,"17:20",,,,,,,,,,,"2023-12-14T00:00:00",,,"13",Вт-Ср-Чт-Пт-Сб,,,,,"23-24",,"060314550611",,,,,,,"11",,,,,,,"4779",,,,,,"4779",,,КО,,Мужской,,,,,,,,,,Грант 23-24,,,,,,,,Математика,Информатика,,Грандмастер (Grandmaster),,,,,,,,,,,,,,,,"0",,,,,,,Аружан Маралбековна,,Ансар1,Аружан Маралбековна,,,ЕНТ,,,
20604,101,,"28733069","28732907",,,"361571672",,"1",,,,,,,,,,,,,,,Обед,"14:00",,,,,,,,"2024-05-20T00:00:00",,,"2023-12-20T00:00:00",,,"7",Пн-Вт-Ср-Чт-Пт,,,,,"23-24",,"060204550267",,,,,,,"11",,,,,,,"7598",,,,,,"7598",,"18",РО,,Мужской,,,,,,,,,,Грант 23-24,,,,,,,,Математика,Информатика,,Грандмастер (Grandmaster),,,,,,,,,,,,,,,,"0",,,,,,,Никто,,Ансар1,Нуржан Ерланович,,,ЕНТ,,,
20609,101,,"28736589","28459823",,,"361354049",,"1",,,,,,,,,,,,,,,Обед,"14:00",,,,,,,,,,,"2023-12-20T00:00:00","2024-06-20T00:00:00",,"11",Пн-Вт-Ср-Чт-Пт,,,,,"23-24",,"061220551572",,,,,,,"11",,,,,,,"6139",,,,,,"6139",,,РО,,Мужской,,,,,,,,,,Грант 23-24,,,,,,,,Математика,Информатика,,Грандмастер (Grandmaster),,,,,,,,,,,,,,,,"0",,,,,,,Никто,,Ансар1,Нуржан Ерланович,,,ЕНТ,,,
20611,101,,"28736987","28723593",,,"362666493",,"20",,,,,,,,,,,,,,,Вечер,"17:20",,,,,,,,,,,"2023-12-21T00:00:00",,,"11",Вт-Ср-Чт-Пт-Сб,,,,,"23-24",,"070928650152",,,,,,,"11",,,,,,,"5036",,,,,,"10432",,,КО,,Женский,,,,,,,,,,Грант 23-24,,,,,,,,Математика,Физика,,Профессор (Professor),,,,,,,,,,,,,,,,"0",,,,,,,Никто,"5396",Ансар1,Муратбай Талгатович,,,ЕНТ,,,
20626,101,,"28745401","28734359",,,"361248922",,"1",,,,,,,,,,,,,,,Обед,"14:00",,,,,,,,,,,"2023-12-21T00:00:00",,,"13",Вт-Ср-Чт-Пт-Сб,,,,,"23-24",,"070204650463",,,,,,,"11",,,,,,,"6496",,,,,,"6496",,,КО,,Мужской,,,,,,,,,,Грант 23-24,,,,,,,,Математика,Информатика,,Грандмастер (Grandmaster),,,,,,,,,,,,,,,,"0",,,,,,,Никто,,Ансар1,Аружан Маралбековна,,,ЕНТ,,,
20632,101,,"28746691","28723699",,,"381437883",,"85",,,,,,,,,,,,,,,Обед,"14:00",,,,,,,,,,,"2023-12-20T00:00:00",,,"12",Пн-Вт-Ср-Чт-Пт,,,,Да,"23-24",,"060909651708",,,,,,,"11",,,,,,,"4254",,,,,,"4253,5",,,РО,,Мужской,,,,,,,,,,Грант 23-24,,,,,,,,Математика,Информатика,,Мастер (Master),,,,,,,,,,,,,,,,"0",,,,,,,Никто,,Ансар1,Ален Анварович,,,ЕНТ,,,
20638,101,,"28747867","28744687",,,"364951163",,"1",,,,,,,,,,,,,,,Обед,"14:00",,,,,,,,"2024-05-26T00:00:00",,"2024-05-25T00:00:00","2023-12-21T00:00:00",,,"11",Вт-Ср-Чт-Пт-Сб,,,,,"23-24",,"070928654382",,,,,,,"11",,,,,,,"5314",,,,,,"5314",,"14",КО,,Мужской,,,,,,,,,,Грант 23-24,,,,,,,,Математика,Информатика,,Грандмастер (Grandmaster),,,,,,,,,,,,,,,,"0",,,,,,,Никто,,Ансар1,Ален Анварович,,,ЕНТ,,,
20710,101,,"28782701",,,,"363193100",,"98",,,,,,,,,,,,,,,Вечер,"17:20",,,,,,,,,"2024-06-06T00:00:00",,"2024-01-06T00:00:00",,,"15",Вт-Ср-Чт-Пт-Сб,,,,,"23-24",,"061227651705",,,,,,,"11",,,,,,,,,,,,,,,,КО,,Женский,,,,,,,,,,Грант 23-24,,,,,,,,География,Биология,,,,,,,,,,,,,,,,,,"0",,,,,,,,,Ансар1,,,,,,,
20712,101,,"28778913","28744855",,,"364341812",,"1",,,,,,,,,,,,,,,Обед,"14:00",,,,,,,,"2024-06-15T00:00:00",,"2024-05-27T00:00:00","2024-01-05T00:00:00","2024-06-20T00:00:00",,"13",Вт-Ср-Чт-Пт-Сб,,,,,"23-24",,"060713501970",,,,,,,"11",,,,,,,"8791",,,,,,"8791",,"5",КО,,Мужской,,,,,,,,,,Грант 23-24,,,,,,,,Математика,Информатика,,Профессор (Professor),,,,,,,,,,,,,,,,"0",,,,,,,Никто,,Ансар1,Ален Анварович,,,ЕНТ,,,
20729,101,,"28782553","28780353",,,"368740313",,"1",,,,,,,,,,,,,,,Вечер,"17:20",,,,,,,,,,,"2024-01-05T00:00:00",,,"14",Вт-Ср-Чт-Пт-Сб,,,,,"23-24",,"070814550750",,,,,,,"11",,,,,,,"3549",,,,,,"7643",,,КО,,Мужской,,,,,,,,,,Грант 23-24,,,,,,,,Математика,Физика,,Грандмастер (Grandmaster),,,,,,,,,,,,,,,,Ватсап,,,,,,,Никто,"4094",Ансар1,Нуржан Ерланович,,,ЕНТ,,,
20741,101,,"28783619","28776993",,,"368511724",,"6",,,,,,,,,,,,,,,Вечер,"17:20",,,,,,,,,,,"2024-01-05T00:00:00",,,"10",Вт-Ср-Чт-Пт-Сб,,,,,"23-24",,"070324550836",,,,,,,"11",,,,,,,"4200",,,,,,"7280,5",,,КО,,Мужской,,,,,,,,,,Грант 23-24,,,,,,,,Математика,Физика,,Грандмастер (Grandmaster),,,,,,,,,,,,,,,,"0",,,,,,,Никто,"3081",Ансар1,Жангир Даниярулы,,,ЕНТ,,,
20746,101,,"28784627","28780271",,,"361314692",,"1",,,,,,,,,,,,,,,Обед,"14:00",,,,,,,,,,,"2024-01-05T00:00:00","2024-06-20T00:00:00",,"3",Вт-Ср-Чт-Пт-Сб,,,,,"23-24",,"070728500172",,,,,,,"11",,,,,,,"6863",,,,,,"14450",,,КО,,Мужской,,,,,,,,,,Грант 23-24,,,,,,,,Математика,Физика,,Мегамозг (Megamind),,,,,,,,,,,,,,,,Ватсап,,,,,,,Никто,"7587",Ансар1,Ален Анварович,,,ЕНТ,,,
20774,101,,"28792479","28787151",,,"361009614",,"96",,,"2270",,,,,,,,,,,,Обед,"14:00",,,,,,,,,,,"2024-01-06T00:00:00",,,"12",Вт-Ср-Чт-Пт-Сб,,,,,"23-24",,"060706550860",,,,,,,"11",,,,,,,"1332",,,,,,"5010",,,КО,,Мужской,,,,,,,,,,Грант 23-24,,,,,,,,Английский язык,География,,Грандмастер (Grandmaster),,,,,,,,,,,,,,,,"0",,,,,,,Никто,"1408",Ансар1,Айгерим Мейрамовна,,,ЕНТ,,,
20796,101,,"28797199","28684327",,,"363861110",,"96",,,,,,,,,,,,,,,Обед,"14:00",,,,,,,,"2024-03-27T00:00:00",,,"2024-01-10T00:00:00",,,"8",Пн-Вт-Ср-Чт-Пт,,,,,"23-24",,"060702550066",,,,,,,"11",,,,,,,"5776",,,,,,"5776,25",,"7",РО,,Мужской,,,,,,,,,,Грант 23-24,,,,,,,,Математика,География,,Грандмастер (Grandmaster),,,,,,,,,,,,,,,,"0",,,,,,,Никто,,Ансар1,Ален Анварович,,,ЕНТ,,,
20814,101,,"28800355","28583379",,,"366801337",,"3",,,,,,,,,,,,,,,Обед,"14:00",,,,,,,,"2024-06-15T00:00:00",,"2024-06-14T00:00:00","2024-01-11T00:00:00","2024-06-20T00:00:00",,"1",Вт-Ср-Чт-Пт-Сб,,,,,"23-24",,"070130651043",,,,,,,"11",,,,,,,"8838",,,,,,"8838",,"18",КО,,Мужской,,,,,,,,,,Грант 23-24,,,,,,,,Математика,Информатика,,Профессор (Professor),,,,,,,,,,,,,,,,"0",,,,,,,Никто,,Ансар1,Жангир Даниярулы,,,ЕНТ,,,
20849,101,,"28810779","28807981",,,"363901594",,"6",,,,,,,,,,,,,,,Обед,"14:00",,,,,,,,"2024-04-05T00:00:00",,,"2024-01-17T00:00:00",,,"14",Пн-Вт-Ср-Чт-Пт,,,,,"23-24",,"060809650074",,,,,,,"11",,,,,,,"1232",,,,,,"1231,5",,"14",РО,,Мужской,,,,,,,,,,Грант 23-24,,,,,,,,Математика,Информатика,,Новобранец (Recruit),,,,,,,,,,,,,,,,"0",,,,,,,Никто,,Ансар1,Жангир Даниярулы,,,ЕНТ,,,
20885,101,,"28822721","28814379",,,,,"1",,,,,,,,,,,,,,,Обед,"14:00",,,,,,,,"2024-03-01T00:00:00",,,"2024-01-17T00:00:00",,,"9",Пн-Вт-Ср-Чт-Пт,,,,,"23-24",,"061105551244",,,,,,,"11",,,,,,,,,,,,,"3744",,"19",РО,,Мужской,,,,,,,,,,Грант 23-24,,,,,,,,Химия,Биология,,Мастер (Master),,,,,,,,,,,,,,,,"0",,,,,,,Никто,,Ансар1,Аружан Маралбековна,"3744",,ЕНТ,,,
20896,101,,"28823603","28810809",,,"363113155",,"29",,,,,,,,,,,,,,,Обед,"14:00",,,,,,,,"2024-04-12T00:00:00",,,"2024-01-17T00:00:00","2024-06-20T00:00:00",,"8",Пн-Вт-Ср-Чт-Пт,,,,,"23-24",,"050225651016",,,,,,,"12",,,,,,,,,,,,,"5805",,"17",РО,,Мужской,,,,,,,,,,Грант 23-24,,,,,,,,Химия,Биология,,Грандмастер (Grandmaster),,,,,,,,,,,,,,,,"0",,,,,,,Никто,,Ансар1,Муратбай Талгатович,"5805",,ЕНТ,,,
20902,101,,"28824051","28823133",,,"364368209",,"1",,,,,,,,,,,,,,,Обед,"14:00",,,,,,,,,,,"2024-01-17T00:00:00",,,"9",Пн-Вт-Ср-Чт-Пт,,,,,"23-24",,"070712652769",,,,,,,"11",,,,,,,"334",,,,,,"4944",,,РО,,Мужской,,,,,,,,,,Грант 23-24,,,,,,,,Химия,Биология,,Грандмастер (Grandmaster),,,,,,,,,,,,,,,,"0",,,,,,,Никто,,Ансар1,Нуржан Ерланович,"4610",,ЕНТ,,,
22474,102,,,,,,,,,,,,,,,,,,,,,,,Вечер,"17:20",,,,,,,,,,,"2022-08-01T00:00:00",,,"1",,,,,,,,"051007601671",,,,,,,"11",,,,,,,,,,,,,"7316",,,РО,,Женский,,,,,,,,,,Грант 22-23,,,,,,,,Химия,Биология,,Грандмастер (Grandmaster),,,,,,,,,,,,,,,,"0",,,,,,,,,,,"3068",,,,,
20927,101,,"28833835",,,,"364703009",,"77",,,,,,,,,,,,,,,Обед,"14:00",,,,,,,,"2024-05-16T00:00:00",,,"2024-01-25T00:00:00",,,"1",Вт-Ср-Чт-Пт-Сб,,,,,"23-24",,"070405650604",,,,,,,"11",,,,,,,,,,,,,,,"23",КО,,Мужской,,,,,,,,,,Грант 23-24,,,,,,,,География,Биология,,,,,,,,,,,,,,,,,,"0",,,,,,,Никто,,Ансар1,Ален Анварович,,,ЕНТ,,,
20934,101,,"28835775",,,,"363389733",,"77",,,,,,,,,,,,,,,Обед,"14:00",,,,,,,,"2024-06-21T00:00:00",,"2024-06-20T00:00:00","2024-01-18T00:00:00",,,"15",Вт-Ср-Чт-Пт-Сб,,,,,"23-24",,"061025651221",,,,,,,"11",,,,,,,"8138",,,,,,"8138",,"22",КО,,Женский,,,,,,,,,,Грант 23-24,,,,,,,,Математика,Информатика,,Профессор (Professor),,,,,,,,,,,,,,,,"0",,,,,,,Никто,,Ансар1,Айгерим Мейрамовна,,,ЕНТ,,,
20950,101,,"28843597",,,,"389616225",,Нет школы,,,,,,,,,,,,,,,Обед,"14:00",,,,,,,,"2024-03-07T00:00:00",,,"2024-01-18T00:00:00","2024-06-20T00:00:00",,"15",Пн-Вт-Ср-Чт-Пт,,,,,"23-24",,"050630551488",,,,,,,"11",,,,,,,"5912",,,,,,"5912",,"25",РО,,Мужской,,,,,,,,,,Грант 23-24,,,,,,,,Математика,Информатика,,Грандмастер (Grandmaster),,,,,,,,,,,,,,,,"0",,,,,,,Никто,,Ансар1,Айгерим Мейрамовна,,,ЕНТ,,,
20954,101,,"28844895",,,,,,"1",,,,,,,,,,,,,,,Обед,"14:00",,,,,,,,,,,"2024-01-24T00:00:00",,,"14",Пн-Вт-Ср-Чт-Пт,,,,,"23-24",,"070318600010",,,,,,,"11",,,,,,,"5827",,,,,,"12597",,,РО,,Мужской,,,,,,,,,,Грант 23-24,,,,,,,,Математика,Физика,,Мегамозг (Megamind),,,,,,,,,,,,,,,,"0",,,,,,,Никто,"6770",Ансар1,Ален Анварович,,,ЕНТ,,,
20975,101,,"28854415","28852069",,,"366821226",,"1",,,,,,,,,,,,,,,Обед,"14:00",,,,,,,,"2024-02-18T00:00:00",,,"2024-01-25T00:00:00","2024-06-20T00:00:00",,"13",Вт-Ср-Чт-Пт-Сб,,,,,"23-24",,"070907653975",,,,,,,"11",,,,,,,"6893",,,,,,"6892,5",,"25",КО,,Мужской,,,,,,,,,,Грант 23-24,,,,,,,,Математика,География,,Грандмастер (Grandmaster),,,,,,,,,,,,,,,,"0",,,,,,,Никто,,Ансар1,Аружан Маралбековна,,,ЕНТ,,,
21003,101,,"28867921","28837341",,,,,"3",,,,,,,,,,,,,,,Обед,"14:00",,,,,,,,"2024-03-27T00:00:00",,,"2024-01-25T00:00:00",,,"11",Пн-Вт-Ср-Чт-Пт,,,,,"23-24",,"060111650832",,,,,,,"11",,,,,,,"413",,,,,,"412,5",,"24",РО,,Женский,,,,,,,,,,Грант 23-24,,,,,,,,География,Биология,,Новобранец (Recruit),,,,,,,,,,,,,,,,"0",,,,,,,Никто,,Ансар1,Жангир Даниярулы,,,ЕНТ,,,
21011,101,,"28872979","28863109",,,"370136130",,"1",,,,,,,,,,,,,,,Вечер,"17:20",,,,,,,,,,,"2024-01-29T00:00:00",,,"3",Пн-Вт-Ср-Чт-Пт,,,,,"23-24",,"070330551926",,,,,,,"11",,,,,,,"1913",,,,,,"1912,5",,,РО,,Мужской,,,,,,,,,,Грант 23-24,,,,,,,,Математика,Информатика,,Мастер (Master),,,,,,,,,,,,,,,,"0",,,,,,,Никто,,Ансар1,Рустем Нурбекулы,,,ЕНТ,,,
21038,101,,"28880699","28759523",,,"365535631",,"34",,,,,,,,,,,,,,,Обед,"14:00",,,,,,,,,,,"2024-02-01T00:00:00",,,"10",Вт-Чт-Сб,,,,,"23-24",,"060621502036",,,,,,,"11",,,,,,,"5630",,,,,,"5630",,,КО,,Мужской,,,,,,,,,,Грант 23-24,,,,,,,,Математика,Информатика,,Грандмастер (Grandmaster),,,,,,,,,,,,,,,,"0",,,,,,,Никто,,Ансар1,Муратбай Талгатович,,,ЕНТ,,,
21072,101,,"28887873","28316011",,,,,"5",,,,,,,,,,,,,,,Обед,"14:00",,,,,,,,"2024-05-14T00:00:00",,,"2024-01-31T00:00:00","2024-06-20T00:00:00",,"7",Пн-Вт-Ср-Чт-Пт,,,,,"23-24",,"060918550299",,,,,,,"11",,,,,,,"5036",,,,,,"5191",,"23",РО,,Мужской,,,,,,,,,,Грант 23-24,,,,,,,,Математика,Информатика,,Грандмастер (Grandmaster),,,,,,,,,,,,,,,,Дозвон,,,,,,,Никто,"155",Ансар1,Тогжан Болебаевна,,,ЕНТ,,,
21103,101,,"28912825","28894865",,,"370604996",,"56",,,,,,,,,,,,,,,Обед,"14:00",,,,,,,,"2024-05-25T00:00:00",,"2024-05-24T00:00:00","2024-02-06T00:00:00",,,"2",Вт-Ср-Чт-Пт-Сб,,,,,"23-24",,"061020551753",,,,,,,"11",,,,,,,"3510",,,,,,"3510",,"15",КО,,Мужской,,,,,,,,,,Грант 23-24,,,,,,,,Математика,Информатика,,Мастер (Master),,,,,,,,,,,,,,,,"0",,,,,,,Никто,,Ансар1,Тогжан Болебаевна,,,ЕНТ,,,
21122,101,,"28919021","28915007",,,"367016755",,"1",,,,,,,,,,,,,,,Вечер,"17:20",,,,,,,,,,,"2024-02-07T00:00:00","2024-06-20T00:00:00",,"7",Пн-Вт-Ср-Чт-Пт,,,,Да,"23-24",,"060811501635",,,,,,,"11",,,,,,,"6160",,,,,,"6159,5",,,РО,,Мужской,,,,,,,,,,Грант 23-24,,,,,,,,Математика,Информатика,,Грандмастер (Grandmaster),,,,,,,,,,,,,,,,Дозвон,,,,,,,Никто,,Ансар1,Рустем Нурбекулы,,,Для себя (повысить уровень),,,
21135,101,,"28921373","28921373",,,"369854260",,"1",,,,,,,,,,,,,,,Вечер,"17:20",,,,,,,,,,,"2024-02-08T00:00:00",,,"15",Вт-Ср-Чт-Пт-Сб,,,,,"23-24",,"07110101650703",,,,,,,"11",,,,,,,,,,,,,"4531",,,КО,,Мужской,,,,,,,,,,Грант 23-24,,,,,,,,Химия,Биология,,Грандмастер (Grandmaster),,,,,,,,,,,,,,,,"0",,,,,,,Никто,,Ансар1,Аружан Маралбековна,"4531",,ЕНТ,,,
21158,101,,"28929817","28873623",,"29353185",,,"1",,,,,,,,,,,,,,,Обед,"14:00",,,,,,,,,,,"2024-05-28T00:00:00",,,"2",Вт-Ср-Чт-Пт-Сб,,,,,"23-24",,"060228651460",,,,,,,"11",,,,,,,,,,,,,,,,КО,,Мужской,,,,,,,,,,Грант 23-24,,,,,,,,География,Биология,,,,,,,,,,,,,,,,,,"0",,,,,,,Медина Жунусовна,,Ансар1,Жангир Даниярулы,,,ЕНТ,,,
21161,101,,"29413041","28668113",,,"370136123",,"29",,,,,,,,,,,,,,,Вечер,"17:20",,,,,,,,"2024-05-07T00:00:00",,,"2024-02-08T00:00:00",,,"13",Пн-Вт-Ср-Чт-Пт,,,,,"23-24",,"060410550386",,,,,,,"11",,,,,,,"3672",,,,,,"3671,5",,"11",РО,,Мужской,,,,,,,,,,Грант 23-24,,,,,,,,Математика,Информатика,,Мастер (Master),,,,,,,,,,,,,,,,"0",,,,,,,Никто,,Ансар1,Тогжан Болебаевна,,,ЕНТ,,,
21174,101,,"28937501","28535351",,,"370133122",,"1",,,,,,,,,,,,,,,Обед,"14:00",,,,,,,,,,,"2024-02-14T00:00:00",,,"14",Пн-Вт-Ср-Чт-Пт,,,,,"23-24",,"061205552162",,,,,,,"11",,,,,,,,,,,,,,,,РО,,Мужской,,,,,,,,,,Грант 23-24,,,,,,,,География,Биология,,,,,,,,,,,,,,,,,,"0",,,,,,,Никто,,Ансар1,Рустем Нурбекулы,,,ЕНТ,,,
21193,101,,"28949927","28933171",,,"372106667",,"45",,,,,,,,,,,,,,,Обед,"14:00",,,,,,,,"2024-06-21T00:00:00",,"2024-06-20T00:00:00","2024-02-15T00:00:00","2024-06-20T00:00:00",,"9",Вт-Ср-Чт-Пт-Сб,,,,,"23-24",,"051124550550",,,,,,,"11",,,,,,,"6948",,,,,,"6948",,"13",КО,,Мужской,,,,,,,,,,Грант 23-24,,,,,,,,Математика,Информатика,,Грандмастер (Grandmaster),,,,,,,,,,,,,,,,"0",,,,,,,Никто,,Ансар1,Муратбай Талгатович,,,ЕНТ,,,
21211,102,,"26355575",,,,,,"133",,,"1956",,,,,,,,,,,,Обед,"14:00",,"1120",,,,,,,"2023-05-12T00:00:00",,"2022-09-10T00:00:00","2023-05-15T00:00:00",,"5",,,,,,,,"060208000131",,,,,,,"11",,,,,,,"13143",,,,,,"18892",,,КО,,Мужской,,,,,,,,,,Грант 22-23,,,,,,,,Математика,География,,Мегамозг (Megamind),,,,,,,,,,,,,,,,"0",,,,,,,Нурбек Талгатулы,"2673",Основной,,,,,,,Казахский
21213,101,,"28956121","28949501",,,"373617845",,"1",,,,,,,,,,,,,,,Вечер,"17:20",,,,,,,,,"2024-08-01T00:00:00",,"2024-02-14T00:00:00",,,"10",Пн-Вт-Ср-Чт-Пт,,,,,"23-24",,"060125651758",,,,,,,"11",,,,,,,"4689",,,,,,"4689",,,РО,,Женский,,,,,,,,,,Грант 23-24,,,,,,,,Математика,Информатика,,Грандмастер (Grandmaster),,,,,,,,,,,,,,,,"0",,,,,,,,,Ансар1,Ален Анварович,,,ЕНТ,,,
21215,101,,"28933239","28933239",,,,,"1",,,,,,,,,,,,,,,Обед,"14:00",,,,,,,,,"2024-06-14T00:00:00",,"2024-02-14T00:00:00",,,"5",Пн-Вт-Ср-Чт-Пт,,,,,"23-24",,"060711551717",,,,,,,"11",,,,,,,"4425",,,,,,"4425",,,РО,,Мужской,,,,,,,,,,Грант 23-24,,,,,,,,Математика,Информатика,,Мастер (Master),,,,,,,,,,,,,,,,"0",,,,,,,,,Ансар1,Жангир Даниярулы,,,ЕНТ,,,
21228,101,,"28970465","27230883",,,"374447182",,"1",,,,,,,,,,,,,,,Вечер,"17:20",,,,,,,,"2024-05-01T00:00:00",,,"2024-02-16T00:00:00",,,"11",Пн-Вт-Ср-Чт-Пт,,,,,"23-24",,"050301550391",,,,,,,"11",,,,,,,"4642",,,,,,"4642",,"17",РО,,Мужской,,,,,,,,,,Грант 23-24,,,,,,,,Математика,Информатика,,Грандмастер (Grandmaster),,,,,,,,,,,,,,,,Дозвон,,,,,,,Никто,,Ансар1,Жангир Даниярулы,,,ЕНТ,,,
21246,101,,"28983163","28960735",,,"372040639",,"1",,,,,,,,,,,,,,,Обед,"14:00",,,,,,,,,"2024-06-22T00:00:00",,"2024-02-22T00:00:00",,,"13",Вт-Ср-Чт-Пт-Сб,,,,,"24-25",,"070105650910",,,,,,,"11",,,,,,,"4897",,,,,,"4897",,,КО,,Женский,,,,,,,,,,Грант 23-24,,,,,,,,Математика,Информатика,,Грандмастер (Grandmaster),,,,,,,,,,,,,,,,"0",,,,,,,,,Ансар1,Аружан Маралбековна,,,ЕНТ,,,
21269,101,,"28994879","28988521",,,"377376020",,"1",,,,,,,,,,,,,,,Вечер,"17:20",,,,,,,,"2024-06-01T00:00:00",,"2024-05-31T00:00:00","2024-02-22T00:00:00",,,"9",Пн-Вт-Ср-Чт-Пт,,,,,"23-24",,"060604501223",,,,,,,"11",,,,,,,"4288",,,,,,"4288",,"16",РО,,Мужской,,,,,,,,,,Грант 23-24,,,,,,,,Математика,Информатика,,Мастер (Master),,,,,,,,,,,,,,,,"0",,,,,,,Никто,,Ансар1,Ален Анварович,,,ЕНТ,,,
21275,101,,"29001911","29001835",,,"408753871",,BINOM SCHOOL De Luxe,,,,,,,,,,,,,,,Вечер,"16:15",,,,,,,,,,,"2024-09-04T00:00:00",,,"15",Пн-Вт-Ср-Чт-Пт,,,,,"23-24",,"081006553142",,,,,,,"11",,,,,,,"11620",,,,,,"22940,5",,"39",КО,,Мужской,,,,,,,,,,Грант 23-24,,,,,,,,Математика,Физика,,Босс (AIBoss),,,,,,,,,,,,,,,,"0",,,,,,,Никто,"11321",Ансар1,Жангир Даниярулы,,,ЕНТ,,,
21278,101,,"29002911","29002849",,,"372258857",,"1",,,,,,,,,,,,,,,Вечер,"17:20",,,,,,,,"2024-06-07T00:00:00",,"2024-06-06T00:00:00","2024-02-29T00:00:00","2024-06-20T00:00:00",,"8",Вт-Ср-Чт-Пт-Сб,,,,,"23-24",,"070304500985",,,,,,,"11",,,,,,,"3598",,,,,,"6096",,"16",КО,,Мужской,,,,,,,,,,Грант 23-24,,,,,,,,Математика,Физика,,Грандмастер (Grandmaster),,,,,,,,,,,,,,,,"0",,,,,,,Никто,"2498",Ансар1,Муратбай Талгатович,,,ЕНТ,,,
21287,101,,"29006601","28998413",,,"373091195",,Нет школы,,,"4197",,,,,,,,,,,,Вечер,"17:20",,,,,,,,,,,"2024-02-26T00:00:00","2024-06-20T00:00:00",,"2",Пн-Вт-Ср-Чт-Пт,,,,,"23-24",,"040525550070",,,,,,,"11",,,,,,,,,,,,,"4197",,,РО,,Мужской,,,,,,,,,,Грант 23-24,,,,,,,,Английский язык,Всемирная история,,Мастер (Master),,,,,,,,,,,,,,,,"0",,,,,,,Никто,,Ансар1,Айгерим Мейрамовна,,,Для себя (повысить уровень),,,
21295,101,,"29008501","28399909",,,"377379605",,"1",,,,,,,,,,,,,,,Вечер,"17:20",,,,,,,,,,,"2024-02-28T00:00:00","2024-06-20T00:00:00",,"4",Пн-Вт-Ср-Чт-Пт,,,,,"23-24",,"070106650480",,,,,,,"11",,,,,,,"4453",,,,,,"4453",,,РО,,Мужской,,,,,,,,,,Грант 23-24,,,,,,,,Математика,Информатика,,Мастер (Master),,,,,,,,,,,,,,,,"0",,,,,,,Никто,,Ансар1,Нуржан Ерланович,,,ЕНТ,,,
21360,101,,"29044225","29044169",,,"376733320",,"1",,,,,,,,,,,,,,,Вечер,"17:20",,,,,,,,"2024-06-06T00:00:00",,"2024-06-05T00:00:00","2024-03-07T00:00:00",,,"6",Вт-Ср-Чт-Пт-Сб,,,,,"23-24",,"070725650525",,,,,,,"11",,,,,,,"3233",,,,,,"3233",,"0",КО,,Мужской,,,,,,,,,,Грант 23-24,,,,,,,,Математика,Информатика,,Мастер (Master),,,,,,,,,,,,,,,,"0",,,,,,,Молдир Нурлыханкызы,,Ансар1,Тогжан Болебаевна,,,ЕНТ,,,
21366,101,,"29054197","29001671",,,"389616233",,"1",,,,,,,,,,,,,,,Обед,"14:00",,,,,,,,,,,"2024-03-13T00:00:00",,,"10",Пн-Вт-Ср-Чт-Пт,,,,,"23-24",,"070601552550",,,,,,,"11",,,,,,,"2043",,,,,,"2043",,,РО,,Мужской,,,,,,,,,,Грант 23-24,,,,,,,,Математика,Информатика,,Мастер (Master),,,,,,,,,,,,,,,,"0",,,,,,,Никто,,Ансар1,Нуржан Ерланович,,,ЕНТ,,,
21389,102,,"27015971",,,,"358146543",,"86",,,"6275",,,,,,,,,,,,Обед,"14:00",,"3560",,,,,,,"2023-06-05T00:00:00",,"2023-01-31T00:00:00","2024-06-06T00:00:00",,"3",Вт-Чт-Сб,,,"Слабый к нам пришел, Матем - 2,  Физика - 0!",Да,"23-24",,"060804500301",,,,,,,"11",,,,,,,"24584",,,,,,"43812",,,КО,,Мужской,,,,,,,,,,Грант 23-24,,,,,,,,Математика,Физика,,Легенда II (Legend II),,,,,,,,,,,,,,,,"0",,,,,,,Жасулан Таубалдыулы,"9393",Основной,,,,,,,Казахский
21417,101,,"29114829","29092243",,,"378924032",,"69",,,,,,,,,,,,,,,Обед,"14:00",,,,,,,,,,,"2024-03-27T00:00:00","2024-06-20T00:00:00",,"7",Пн-Вт-Ср-Чт-Пт,,,,Да,"23-24",,"060802550466",,,,,,,"11",,,,,,,"4422",,,,,,"4422",,,РО,,Мужской,,,,,,,,,,Грант 23-24,,,,,,,,Математика,Информатика,,Мастер (Master),,,,,,,,,,,,,,,,Дозвон,,,,,,,Никто,,Ансар1,Ален Анварович,,,ЕНТ,,,
21428,101,,"29128597","28895607",,,,,"7",,,,,,,,,,,,,,,Обед,"14:00",,,,,,,,"2024-05-22T00:00:00",,,"2024-03-27T00:00:00",,,,Пн-Вт-Ср-Чт-Пт,,,,,"23-24",,"060524550465",,,,,,,"11",,,,,,,"1515",,,,,,"1515",,"1",РО,,Мужской,,,,,,,,,,Грант 23-24,,,,,,,,Математика,Информатика,,Мастер (Master),,,,,,,,,,,,,,,,"0",,,,,,,Никто,,Ансар1,Тогжан Болебаевна,,,ЕНТ,,,
21437,101,,"29170269",,,,,,BINOM SCHOOL имени Алихана Букейхана,,,"1512",,,,,,,,,,,,Вечер,"17:20",,,,,,,,,,,"2024-03-28T00:00:00","2024-06-20T00:00:00",,"15",Вт-Ср-Чт-Пт-Сб,,,,,"23-24",,"070730652767",,,,,,,"11",,,,,,,,,,,,,"1512",,,КО,,Женский,,,,,,,,,,Грант 23-24,,,,,,,,Английский язык,Всемирная история,,Мастер (Master),,,,,,,,,,,,,,,,"0",,,,,,,Никто,,Ансар1,Ален Анварович,,,Для себя (повысить уровень),,,
21439,101,,"29132985","29093077",,,"391260974",,СТОЛИЧНЫЙ,,,,,,,,,,,,,,,Обед,"14:00",,,,,,,,,,,"2024-03-28T00:00:00","2024-06-20T00:00:00",,"13",Пн-Вт-Ср-Чт-Пт,,,,,"23-24",,"070212551875",,,,,,,"11",,,,,,,"3624",,,,,,"3624",,,РО,,Мужской,,,,,,,,,,Грант 23-24,,,,,,,,Математика,Информатика,,Мастер (Master),,,,,,,,,,,,,,,,"0",,,,,,,Никто,,Ансар1,Тогжан Болебаевна,,,ЕНТ,,,
21462,101,,"29148501","29138691",,,"382422063",,"1",,,,,,,,,,,,,,,Обед,"14:00",,,,,,,,,,,"2024-04-04T00:00:00",,,"6",Вт-Чт-Сб,,,,,"23-24",,"070423550864",,,,,,,"11",,,,,,,"1793",,,,,,"1793",,,КО,,Мужской,,,,,,,,,,Грант 23-24,,,,,,,,Математика,Информатика,,Мастер (Master),,,,,,,,,,,,,,,,"0",,,,,,,Никто,,Ансар1,Ален Анварович,,,ЕНТ,,,
21475,101,,"29152701","29145369",,,"386940207",,"1",,,,,,,,,,,,,,,Обед,"14:00",,,,,,,,,,,"2024-04-03T00:00:00","2024-06-20T00:00:00",,"4",Пн-Вт-Ср-Чт-Пт,,,,,"23-24",,"061121651520",,,,,,,"11",,,,,,,,,,,,,"0",,,РО,,Мужской,,,,,,,,,,Грант 23-24,,,,,,,,География,Биология,,Новобранец (Recruit),,,,,,,,,,,,,,,,"0",,,,,,,Никто,,Ансар1,Рустем Нурбекулы,,,ЕНТ,,,
21508,101,,"29289925","29164291",,,"389246951",,"1",,,,,,,,,,,,,,,Обед,"14:00",,,,,,,,,,,"2024-04-10T00:00:00",,,"2",Пн-Вт-Ср-Чт-Пт,,,,,"23-24",,"070104551104",,,,,,,"11",,,,,,,"1946",,,,,,"1946",,,РО,,Мужской,,,,,,,,,,Грант 23-24,,,,,,,,Математика,Информатика,,Мастер (Master),,,,,,,,,,,,,,,,"0",,,,,,,Медина Жунусовна,,Ансар1,Никто,,,ЕНТ,,,
21534,101,,"29180631","29162419",,,,,"1",,,,,,,,,,,,,,,Вечер,"17:20",,,,,,,,"2024-05-19T00:00:00",,,"2024-04-11T00:00:00",,,"9",Вт-Ср-Чт-Пт-Сб,,,,,"23-24",,"061210651316",,,,,,,"11",,,,,,,,,,,,,,,"12",КО,,Мужской,,,,,,,,,,Грант 23-24,,,,,,,,География,Биология,,,,,,,,,,,,,,,,,,"0",,,,,,,Никто,,Ансар1,Нуржан Ерланович,,,ЕНТ,,,
21554,101,,"29187251","28287041",,,"384343468",,BINOM SCHOOL имени Каныша Сатпаева,,,,,,,,,,,,,,,Обед,"14:00",,,,,,,,,,,"2024-04-10T00:00:00",,,"5",Пн-Вт-Ср-Чт-Пт,,,,,"23-24",,"060919650974",,,,,,,"11",,,,,,,"2566",,,,,,"2566",,,РО,,Женский,,,,,,,,,,Грант 23-24,,,,,,,,Математика,Информатика,,Мастер (Master),,,,,,,,,,,,,,,,"0",,,,,,,Никто,,Ансар1,Айгерим Мейрамовна,,,ЕНТ,,,
21559,101,,"29323617","29174403",,,"386940200",,"3",,,,,,,,,,,,,,,Обед,"14:00",,,,,,,,,,,"2024-04-11T00:00:00","2024-06-20T00:00:00",,"3",Пн-Вт-Ср-Чт-Пт,,,,,"23-24",,"0708266652957",,,,,,,"11",,,,,,,"3075",,,,,,"6024,75",,,РО,,Женский,,,,,,,,,,Грант 23-24,,,,,,,,Математика,Физика,,Грандмастер (Grandmaster),,,,,,,,,,,,,,,,"0",,,,,,,Никто,"2950",Ансар1,Ален Анварович,,,ЕНТ,,,
21584,101,,"29212467","29198961",,,"386144209",,BINOM SCHOOL имени Ахмета Байтурсынулы,,,,,,,,,,,,,,,Вечер,"17:20",,,,,,,,,,,"2024-04-17T00:00:00","2024-06-20T00:00:00",,"6",Пн-Вт-Ср-Чт-Пт,,,,,"23-24",,"070524550407",,,,,,,"11",,,,,,,"3662",,,,,,"3662",,,РО,,Мужской,,,,,,,,,,Грант 23-24,,,,,,,,Математика,Информатика,,Мастер (Master),,,,,,,,,,,,,,,,Ватсап,,,,,,,Никто,,Ансар1,Айгерим Мейрамовна,,,ЕНТ,,,
21590,101,,"29215183","29211499",,,"383570298",,"6",,,,,,,,,,,,,,,Обед,"14:00",,,,,,,,,,,"2024-04-17T00:00:00",,,"7",Пн-Вт-Ср-Чт-Пт,,,,Да,"23-24",,"060903551176",,,,,,,"11",,,,,,,"1528",,,,,,"3067",,,РО,,Мужской,,,,,,,,,,Грант 23-24,,,,,,,,Математика,Физика,,Мастер (Master),,,,,,,,,,,,,,,,Дозвон,,,,,,,Никто,"1539",Ансар1,Муратбай Талгатович,,,ЕНТ,,,
21592,101,,"29215805","29201209",,,"393658568",,"1",,,,,,,,,,,,,,,Вечер,"17:20",,,,,,,,,,,"2024-04-17T00:00:00",,,"1",Пн-Вт-Ср-Чт-Пт,,,,,"23-24",,"050105550475",,,,,,,"12",,,,,,,,,,,,,"1616",,,РО,,Мужской,,,,,,,,,,Грант 23-24,,,,,,,,Химия,Биология,,Мастер (Master),,,,,,,,,,,,,,,,"0",,,,,,,Никто,,Ансар1,Нуржан Ерланович,"1616",,ЕНТ,,,
21604,101,,"29229951","28229921",,,"385652063",,"5",,,,,,,,,,,,,,,Вечер,"17:20",,,,,,,,,,,"2024-04-24T00:00:00",,,"13",Пн-Вт-Ср-Чт-Пт,,,,,,,"051001500446",,,,,,,"12",,,,,,,"1295",,,,,,"1295",,,РО,,Мужской,,,,,,,,,,Грант 23-24,,,,,,,,Математика,Информатика,,Новобранец (Recruit),,,,,,,,,,,,,,,,"0",,,,,,,Никто,,Ансар1,Айгерим Мейрамовна,,,ЕНТ,,,
21624,101,,"29238575","29222565",,,"385189389",,"1",,,,,,,,,,,,,,,Обед,"14:00",,,,,,,,,,,"2024-04-24T00:00:00","2024-06-20T00:00:00",,"12",Пн-Вт-Ср-Чт-Пт,,,,Да,"23-24",,"060503651940",,,,,,,"11",,,,,,,"809",,,,,,"809",,,РО,,Мужской,,,,,,,,,,Грант 23-24,,,,,,,,Математика,География,,Новобранец (Recruit),,,,,,,,,,,,,,,,"0",,,,,,,Никто,,Ансар1,Нуржан Ерланович,,,ЕНТ,,,
21630,101,,"29241517","29217689",,,"385679264",,"61",,,,,,,,,,,,,,,Вечер,"17:20",,,,,,,,,,,"2024-04-24T00:00:00",,,"12",Пн-Вт-Ср-Чт-Пт,,,,,"23-24",,"070920551292",,,,,,,"11",,,,,,,"1044",,,,,,"1044",,,РО,,Мужской,,,,,,,,,,Грант 23-24,,,,,,,,Математика,Информатика,,Новобранец (Recruit),,,,,,,,,,,,,,,,"0",,,,,,,Никто,,Ансар1,Нуржан Ерланович,,,ЕНТ,,,
21642,102,,"29272597",,,,"373321798",,"60",,,,,,,,,,,,,,,Обед,"14:00",,,,,,,,,,,,"2024-06-07T00:00:00",,"6",Пн-Вт-Ср-Чт-Пт,,,средний уровень,,"23-24",,"070422500901",,,,,,,"11",,,,,,,"3188",,,,,,"5653",,,РО,,,,,,,,,,,,Грант 23-24,,,,,,,,Математика,Физика,,Грандмастер (Grandmaster),,,,,,,,,,,,,,,,Дозвон,,,,,,,Нурбек Талгатулы,"2465",Основной,Нурбек Талгатулы,,,ЕНТ,,,Русский
21747,101,,"29323817","29311653",,,"389271960",,"1",,,,,,,,,,,,,,,Обед,"14:00",,,,,,,,,,,"2024-05-16T00:00:00",,,"4",Вт-Ср-Чт-Пт-Сб,,,,,"23-24",,"070305551927",,,,,,,"11",,,,,,,"200",,,,,,"275",,,КО,,Мужской,,,,,,,,,,Грант 23-24,,,,,,,,Математика,Физика,,Новобранец (Recruit),,,,,,,,,,,,,,,,Дозвон,,,,,,,Никто,"75",Ансар1,Никто,,,ЕНТ,,,
21925,102,,"27740183",,,,"358146555",,"40",,,"4696",,,,,,,,,,,,Обед,"14:00",,"3003",,,,,,"2024-05-22T00:00:00","2023-09-08T00:00:00","2024-05-21T00:00:00","2022-08-04T00:00:00","2024-06-26T00:00:00",,"3",Вт-Чт-Сб,,,"Хороший уровень математики, слабый уровень физики",Да,"23-24",,"070313602139",,,,,,,"11",,,,,,,"22183",,,,,,"36028",,"28",КО,,Женский,,,,,,,,,,Грант 23-24,,,,,,,,Математика,Информатика,,Легенда II (Legend II),,,,,,,,,,,,,,,,"0",,,,,,,Томирис Султанкызы,"6146",Основной,,,,,,,
22044,102,,"26573149",,,,,,"179",,,,,,,,,,,,,,,Обед,"14:00",,,,,,,,,"2023-05-08T00:00:00",,"2022-08-06T00:00:00","2023-06-06T00:00:00",,"2",,,,"ребенок в принципе неплохого уровня, будут сдавать матем географию",,,,"051207501632",,,,,,,"11",,,,,,,"9636",,,,,,"9636",,,КО,,Мужской,,,,,,,,,,Грант 22-23,,,,,,,,Математика,География,,Профессор (Professor),,,,,,,,,,,,,,,,Дозвон,,,,,,,Жандос Усенулы,,Основной,,,,,,,
22056,102,,,,,,,,"30",,,,,,,,,,,,,,,Обед,"14:00",,,,,,,,,,,"2022-08-06T00:00:00","2023-04-27T00:00:00",,"6",,,,,,,,"051123602105",,,,,,,"11",,,,,,,,,,,,,"11352",,,КО,,Женский,,,,,,,,,,Грант 22-23,,,,,,,,Химия,Биология,,Профессор (Professor),,,,,,,,,,,,,,,,Дозвон,,,,,,,,"90",Основной,,"11262",,,,,
22089,102,,"26306861",,,,,,"182",,,,,,,,,,,,,,,Обед,"14:00",,,,,,,,,"2023-04-26T00:00:00",,"2022-08-29T00:00:00","2023-07-03T00:00:00",,"3",,,,Білім де?гейімлі к?теріп грант?а т?су,,,,"060518050014",,,,,,,"11",,,,,,,"9204",,,,,,"9583,5",,,КО,,Мужской,,,,,,,,,,Грант 22-23,,,,,,,,Математика,Информатика,,Профессор (Professor),,,,,,,,,,,,,,,,"0",,,,,,,Томирис Султанкызы,"380",Основной,,,,,,,
22145,102,,,,,,,,"65",,,,,,,,,,,,,,,Обед,"14:00",,,,,,,,,,,"2022-08-01T00:00:00","2023-05-10T00:00:00",,"3",,,,,,,,"060202501763",,,,,,,"11",,,,,,,"10320",,,,,,"10319,5",,,КО,,Мужской,,,,,,,,,,Грант 22-23,,,,,,,,Математика,Информатика,,Профессор (Professor),,,,,,,,,,,,,,,,Дозвон,,,,,,,,,Основной,,,,,,,
22152,102,,,,,,,,"19",,,"245",,,,,,,,,,,,Обед,"14:00",,,,,,,,,,,"2022-08-01T00:00:00","2023-06-05T00:00:00",,"9",,,,"у ребенка есть тройки в школе, выбрал физику+математика",,,,"050518501492",,,,,,,"11",,,,,,,"6902",,,,,,"7306,5",,,КО,,Мужской,,,,,,,,,,Грант 22-23,,,,,,,,Математика,Информатика,,Грандмастер (Grandmaster),,,,,,,,,,,,,,,,"0",,,,,,,,"160",Основной,,,,,,,
22183,102,,"26569409",,,,,,"42",,,,,,,,,,,,,,,Вечер,"17:20",,,,,,,,,"2023-05-08T00:00:00",,"2022-08-06T00:00:00","2023-06-16T00:00:00",,"3",,,,"ребенок не определился с будущим, немного молодой еще",,,,"051205501562",,,,,,,"11",,,,,,,"11918",,,,,,"11918",,,РО,,Мужской,,,,,,,,,,Грант 22-23,,,,,,,,Математика,Информатика,,Профессор (Professor),,,,,,,,,,,,,,,,Дозвон,,,,,,,Томирис Султанкызы,,Основной,,,,,,,
22228,102,,"26979085",,,,,,"5",,,"10189",,,,,,,,,,,,Обед,"14:00",,,,,,,,,"2023-05-03T00:00:00",,"2022-08-01T00:00:00","2023-05-02T00:00:00",,"2",,,,хочет сама,,,,"060220601699",,,,,,,"11",,,,,,,,,,,,,"10189",,,КО,,Женский,,,,,,,,,,Грант 22-23,,,,,,,,Английский язык,География,,Профессор (Professor),,,,,,,,,,,,,,,,Дозвон,,,,,,,Алимов Адилет,,Основной,,,,,,,
22279,102,,"27119707",,,,"367803123",,КТЛ,,,,,,,,,,,,,,,Вечер,"17:20",,,,,,,,,,,"2023-12-28T00:00:00","2024-05-16T00:00:00",,"13",Пн-Вт-Ср-Чт-Пт,,,"слабый по истории казахстана и по информатике, по матем нормально, дать доп материалы",,"23-24",,"060530551941",,,,,,,"11",,,,,,,"4864",,,,,,"4864",,,КО,,Мужской,,,,,,,,,,Грант 23-24,,,,,,,,Математика,Информатика,,Грандмастер (Grandmaster),,,,,,,,,,,,,,,,Дозвон,,,,,,,Никто,,Основной,Арита Ришадовна,,,,,,Казахский
22289,102,,"27007941",,,,,,"110",,,,,,,,,,,,,,,Вечер,"17:20",,,,,,,,,"2023-05-05T00:00:00",,"2023-02-02T00:00:00","2023-06-26T00:00:00",,"9",,,,Наш действующий ученик,,,,"060328601626",,,,,,,"11",,,,,,,"11346",,,,,,"11346",,,РО,,Женский,,,,,,,,,,Грант 22-23,,,,,,,,Математика,География,,Профессор (Professor),,,,,,,,,,,,,,,,"0",,,,,,,Жандос Усенулы,,Основной,,,,,,,
22297,102,,,,,,,,"105",,,,,,,,,,,,,,,Обед,"14:00",,,,,,,,,,,"2022-08-01T00:00:00","2023-05-30T00:00:00",,"1",,,,мат гр 12из15 история кз 6 из15,,,,"050707601397",,,,,,,"11",,,,,,,"9607",,,,,,"9607",,,РО,,Женский,,,,,,,,,,Грант 22-23,,,,,,,,Математика,Информатика,,Профессор (Professor),,,,,,,,,,,,,,,,"0",,,,,,,,,Основной,,,,,,,
22378,102,,"25795281",,,,,,"134",,,,,,,,,,,,,,,Обед,"14:00",,,,,,,,,,,"2022-08-01T00:00:00",,,"2",,,,,,,,"050729501460",,,,,,,"11",,,,,,,"8520",,,,,,"18888",,,РО,,Мужской,,,,,,,,,,Грант 22-23,,,,,,,,,,,Мегамозг (Megamind),,,,,,,,,,,,,,,,Недозвон,,,,,,,,"6789",,,,,,,,
22396,102,,"26368499",,,,,,"6",,,"331",,,,,,,,,,,,Вечер,"17:20",,,,,,,,,"2023-05-19T00:00:00",,"2022-09-17T00:00:00","2023-05-26T00:00:00",,"2",,,,,,,,"050419501494",,,,,,,"11",,,,,,,"10043",,,,,,"11614",,,РО,,Мужской,,,,,,,,,,Грант 22-23,,,,,,,,Математика,Информатика,,Профессор (Professor),,,,,,,,,,,,,,,,Дозвон,,,,,,,Жандос Усенулы,"1240",Основной,,,,,,,
22412,102,,"25937371",,,,,,п. Абай средняя школа,,,,,,,,,,,,,,,Обед,"14:00",,,,,,,,,,,"2022-08-01T00:00:00","2023-05-26T00:00:00",,"3",,,,Люблю математику,,,,"060905600248",,,,,,,"11",,,,,,,"15132",,,,,,"28944,5",,,КО,,Женский,,,,,,,,,,Грант 22-23,,,,,,,,Математика,Физика,,Легенда I (Legend I),,,,,,,,,,,,,,,,Дозвон,,,,,,,,"13813",Основной,,,,,,,
22443,102,,"26980065",,,,"366372634",,"202",,,"4728",,,,,,,,,,,,Вечер,"17:20",,"3278",,,,,,"2024-04-02T00:00:00","2023-08-10T00:00:00",,"2022-08-04T00:00:00","2024-04-05T00:00:00",,"2",Вт-Чт-Сб,,,"Зрение - минус 4, аллергия на цитрусовые и определённые медикаменты",,"23-24",,"070601500479",,,,,,,"11",,,,,,,"12581",,,,,,"27268",,"50",КО,,Мужской,,,,,,,,,,Грант 23-24,,,,,,,,Математика,Информатика,,Босс (AIBoss),,,,,,,,,,,,,,,,"0",,,,,,,Нурбек Талгатулы,"6681",Основной,,,,,,,
22461,102,,"25299115",,,,,,"157",,,,,,,,,,,,,,,Обед,"14:00",,,,,,,,,,,"2022-08-01T00:00:00","2023-05-17T00:00:00",,"4",,,,Зрение,,,,"040923501175",,,,,,,"11",,,,,,"290","8544",,,,,,"17096",,,РО,,Мужской,,,,,,,,,,Грант 22-23,,,,,,,,Математика,Физика,,Мегамозг (Megamind),,,,,,,,,,,,,,,,"0",,,,,,,,"8262",Основной,,,,,,,Русский
22566,102,,"25980587",,,,,,"65",,,,,,,,,,,,,,,Обед,"14:00",,,,,,,,,"2023-05-03T00:00:00",,"2022-08-01T00:00:00","2023-06-05T00:00:00",,"8",,,,"Муратбаев Алишер - по результатам теста по Истории Казахстана - 7 из 15, математическая грамотность - 12 из 15 правильно. Ребенок хочет сдать физ+мат (но, это не точно).",,,,"051205501295",,,,,,,"11",,,,,,,"7901",,,,,,"7986",,,КО,,Мужской,,,,,,,,,,Грант 22-23,,,,,,,,Математика,Информатика,,Грандмастер (Grandmaster),,,,,,,,,,,,,,,,"0",,,,,,,Жасулан Таубалдыулы,"85",Основной,,,,,,,Русский
22578,102,,"26149777",,,,,,"39",,,,,,,,,,,,,,,Вечер,"17:20",,,,,,,,,"2023-05-03T00:00:00",,"2022-08-01T00:00:00","2023-06-01T00:00:00",,"8",,,,"до этого брали творческие передумали и будут физ мат, отличница",,,,"060326601645",,,,,,,"11",,,,,,,"9967",,,,,,"9967",,,КО,,Женский,,,,,,,,,,Грант 22-23,,,,,,,,Математика,География,,Профессор (Professor),,,,,,,,,,,,,,,,"0",,,,,,,Нурбек Талгатулы,,Основной,,,,,,,
22607,102,,"25993853",,,,,,"110",,,,,,,,,,,,,,,Обед,"14:00",,,,,,,,,"2023-05-03T00:00:00",,"2022-08-01T00:00:00","2023-05-04T00:00:00",,"5",,,,"Ребенок сдал тест - результат по истории Казахстан 7 из 15, математическая грамотность 12 из 15. Хочет поступить на финансы, сдает гео+мат",,,,"060828601189",,,,,,,"11",,,,,,,"15190",,,,,,"15190",,,КО,,Женский,,,,,,,,,,Грант 22-23,,,,,,,,Математика,География,,Мегамозг (Megamind),,,,,,,,,,,,,,,,"0",,,,,,,Адиль Максимулы,,Основной,,,,,,,
22611,102,,"26139787",,,,,,,,,,,,,,,,,,,,,Вечер,"17:20",,,,,,,,,"2023-05-01T00:00:00",,"2022-08-01T00:00:00",,,"4",,,,,,,,"051228600040",,,,,,,"11",,,,,,,,,,,,,"10062",,,РО,,Женский,,,,,,,,,,Грант 22-23,,,,,,,,Химия,Биология,,Профессор (Professor),,,,,,,,,,,,,,,,"0",,,,,,,Еламан Бауыржанулы,,,,"4083",,,,,
23122,102,,,,,,,,,,,,,,,,,,,,,,,Вечер,"17:20",,,,,,,,,,,"2022-08-06T00:00:00","2022-11-10T00:00:00",,"4",,,,,,,,"060520600651",,,,,,,"11",,,,,,,"4847",,,,,,"8246",,,КО,,Женский,,,,,,,,,,Грант 22-23,,,,,,,,География,,,Профессор (Professor),,,,,,,,,,,,,,,,"0",,,,,,,,,,,,,,,,Казахский
22741,102,,"26035845",,,,,,,,,,,,,,,,,,,,,Вечер,"14:00",,,,,,,,,,,"2022-08-01T00:00:00",,,"4",,,,,,,,"061013601468",,,,,,,"11",,,,,,,"1344",,,,,,"3314",,,РО,,Женский,,,,,,,,,,Грант 22-23,,,,,,,,,,,Мастер (Master),,,,,,,,,,,,,,,,Дозвон,,,,,,,,"1260",,,,,,,,
22754,102,,"26074381",,,,,,"22",,,,,,,,,,,,,,,Вечер,"17:20",,,,,,,,,"2023-05-03T00:00:00",,"2022-08-01T00:00:00","2023-06-15T00:00:00",,"6",,,,,,,,"051006601846",,,,,,,"11",,,,,,,,,,,,,"12282",,,РО,,Женский,,,,,,,,,,Грант 22-23,,,,,,,,Химия,Биология,,Мегамозг (Megamind),,,,,,,,,,,,,,,,"0",,,,,,,Нурбек Талгатулы,,Основной,,"12282",,,,,Русский
22760,102,,"26207535",,,,,,с. Балтабай ср. шк. Балтабай,,,,,,,,,,,,,,,Обед,"14:00",,,,,,,,,"2023-05-10T00:00:00",,"2022-08-01T00:00:00","2023-05-10T00:00:00",,"4",,,,хим/био,,,,"060401601513",,,,,,,"11",,,,,,,,,,,,,"10290,5",,,КО,,Женский,,,,,,,,,,Грант 22-23,,,,,,,,Химия,Биология,,Профессор (Professor),,,,,,,,,,,,,,,,Дозвон,,,,,,,Томирис Султанкызы,,Основной,,"10291",,,,,
22790,102,,"26057819",,,,,,"19",,,,,,,,,,,,,,,Обед,"14:00",,,,,,,,,"2023-05-03T00:00:00",,"2022-08-01T00:00:00","2023-05-25T00:00:00",,"5",,,,"способная в ниш, старшая не пришла",,,,"110725603157",,,,,,,"11",,,,,,,"11880",,,,,,"22187,5",,,КО,,Женский,,,,,,,,,,Грант 22-23,,,,,,,,Математика,Физика,,Босс (AIBoss),,,,,,,,,,,,,,,,"0",,,,,,,Нурбек Талгатулы,"10308",Основной,,,,,,,
22794,102,,"26060275",,,,,,"29",,,,,,,,,,,,,,,Обед,"14:00",,,,,,,,,"2023-05-03T00:00:00",,"2022-08-01T00:00:00","2023-04-18T00:00:00",,"5",,,,"1",,,,"060803601221",,,,,,,"11",,,,,,,"7142",,,,,,"7141,5",,,КО,,Женский,,,,,,,,,,Грант 22-23,,,,,,,,Математика,Информатика,,Грандмастер (Grandmaster),,,,,,,,,,,,,,,,"0",,,,,,,Жандос Усенулы,,Основной,,,,,,,
22799,102,,"26026965",,,,,,"157",,,,,,,,,,,,,,,Обед,"14:00",,,,,,,,,"2023-05-02T00:00:00",,"2023-01-30T00:00:00","2023-05-02T00:00:00",,"8",,,,слабая,,,,"051013602117",,,,,,,"11",,,,,,,"13290",,,,,,"13290",,,КО,,Женский,,,,,,,,,,Грант 22-23,,,,,,,,Математика,География,,Мегамозг (Megamind),,,,,,,,,,,,,,,,"0",,,,,,,Нурбек Талгатулы,,Основной,,,,,,,
22843,102,,"27045091",,,,,,"110",,,,,,,,,,,,,,,Вечер,"17:20",,,,,,,,,"2023-04-10T00:00:00",,"2023-02-23T00:00:00","2023-04-12T00:00:00",,"4",Пн-Ср-Пт,,,"Конкурентноспособная, с понедельника начнут с 17:20 и профильные меняют на ФИЗ-МАТ. Нужно связаться ментору",,,,"041228602065",,,,,,,"11",,,,,,,"7274",,,,,,"12188",,,РО,,Женский,,,,,,,,,,Грант 22-23,,,,,,,,Математика,Физика,,Мегамозг (Megamind),,,,,,,,,,,,,,,,"0",,,,,,,Еламан Бауыржанулы,"4914",Основной,,,,,,,
22851,102,,"28482419","28480171",,,"357806539",,"24",,,"2072",,,,,,,,,,,,Вечер,"17:20",,"1071",,,,,,"2024-06-06T00:00:00",,"2024-06-04T00:00:00","2022-07-21T00:00:00","2024-06-10T00:00:00",,"2",Пн-Вт-Ср-Чт-Пт,,,,Да,"23-24",,"070624601429",,,,,,,"11",,,,,,,"13236",,,,,,"19413,5",,"8",КО,,Женский,,,,,,,,,,Грант 23-24,,,,,,,,Математика,Информатика,,Мегамозг (Megamind),,,,,,,,,,,,,,,,"0",,,,,,,,"3035",Основной,,,,,,,
22869,102,,"26110305",,,,,,"5",,,,,,,,,,,,,,,Обед,"14:00",,,,,,,,,"2023-06-07T00:00:00",,"2022-09-05T00:00:00","2023-05-10T00:00:00",,"3",Вт-Чт-Сб,,,"Кенжегали Шырын - написала тест самостоятельно, по результатам: История Казахстана - 7 из 15, математическая грамотность - 9 из 15. Ребенок идет на Алтын Белги, в школе отличница, профильные выбрала физика+математика. Мама очень переживает за учебу и хотят поступить на грант.",,,,"060614600533",,,,,,,"11",,,,,,,"13856",,,,,,"26363",,,КО,,Женский,,,,,,,,,,Грант 22-23,,,,,,,,Математика,Физика,,Босс (AIBoss),,,,,,,,,,,,,,,,"0",,,,,,,Адиль Максимулы,"12507",Основной,,,,,,,
22910,102,,"27022635",,,,,,"178",,,,,,,,,,,,,,,Вечер,"17:20",,,,,,,,,"2023-05-01T00:00:00",,"2023-04-04T00:00:00","2023-05-31T00:00:00",,"10",Вт-Чт-Сб,,,пробелы по мат.гр,,,,"060222501059",,,,,,,"11",,,,,,,"15929",,,,,,"31046,5",,,КО,,Мужской,,,,,,,,,,Грант 22-23,,,,,,,,Математика,Физика,,Легенда I (Legend I),,,,,,,,,,,,,,,,"0",,,,,,,Жасулан Таубалдыулы,"15118",Основной,,,,,,,
22893,102,,"26118197",,,,,,"178",,,,,,,,,,,,,,,Обед,"14:00",,,,,,,,,"2023-05-03T00:00:00",,"2022-08-01T00:00:00","2023-05-22T00:00:00",,"4",Вт-Чт-Сб,,,"мат гр 7из 15 история кз 1 из 15,",,,,"060822601847",,,,,,,"11",,,,,,,,,,,,,"12816,5",,,КО,,Женский,,,,,,,,,,Грант 22-23,,,,,,,,Химия,Биология,,Мегамозг (Megamind),,,,,,,,,,,,,,,,"0",,,,,,,Жасулан Таубалдыулы,,Основной,,"12817",,,,,
22896,102,,"26118497",,,,,,"209",,,,,,,,,,,,,,,Обед,"14:00",,,,,,,,,"2023-06-10T00:00:00",,"2022-08-01T00:00:00","2023-04-27T00:00:00",,"10",Вт-Чт-Сб,,,-,,,,"051012600690",,,,,,,"11",,,,,,,,,,,,,"0",,,КО,,Женский,,,,,,,,,,Грант 22-23,,,,,,,,География,Биология,,Новобранец (Recruit),,,,,,,,,,,,,,,,"0",,,,,,,Жандос Усенулы,,Основной,,,,,,,
22899,102,,"26118857",,,,,,"157",,,,,,,,,,,,,,,Обед,"14:00",,,,,,,,,"2023-05-08T00:00:00",,"2022-08-01T00:00:00","2023-05-10T00:00:00",,"7",Пн-Ср-Пт,,,?н айту,,,,"0511186011675",,,,,,,"11",,,,,,,,,,,,,"12003",,,КО,,Женский,,,,,,,,,,Грант 22-23,,,,,,,,Химия,Биология,,Мегамозг (Megamind),,,,,,,,,,,,,,,,"0",,,,,,,Адиль Максимулы,,Основной,,"12003",,,,,
22908,102,,"26122529",,,,,,"140",,,,,,,,,,,,,,,Обед,"14:00",,,,,,,,,"2023-05-03T00:00:00",,"2022-08-01T00:00:00","2023-05-29T00:00:00",,"6",Вт-Чт-Сб,,,"140 балл",,,,"060803601083",,,,,,,"11",,,,,,,"13923",,,,,,"13923",,,КО,,Женский,,,,,,,,,,Грант 22-23,,,,,,,,Математика,География,,Мегамозг (Megamind),,,,,,,,,,,,,,,,Дозвон,,,,,,,Адиль Максимулы,,Основной,,,,,,,
22923,102,,"26945493",,,,,,"145",,,,,,,,,,,,,,,Обед,"14:00",,,,,,,,,,,"2022-08-01T00:00:00","2023-05-30T00:00:00",,"4",Вт-Чт-Сб,,,ребенок неплохого уровня,,,,"060608502104",,,,,,,"11",,,,,,,"10174",,,,,,"10173,5",,,КО,,Женский,,,,,,,,,,Грант 22-23,,,,,,,,Математика,Информатика,,Профессор (Professor),,,,,,,,,,,,,,,,Дозвон,,,,,,,,,Основной,,,,,,,
22932,102,,"26128149",,,,,,"13",,,,,,,,,,,,,,,Обед,"14:00",,,,,,,,,"2023-05-03T00:00:00",,"2022-08-01T00:00:00","2023-05-10T00:00:00",,"7",Вт-Чт-Сб,,,"уровень средний мат гр 6 из 15, история кз 7 из 15",,,,"060207601579",,,,,,,"11",,,,,,,,,,,,,"0",,,КО,,Женский,,,,,,,,,,Грант 22-23,,,,,,,,География,Биология,,Новобранец (Recruit),,,,,,,,,,,,,,,,"0",,,,,,,Еламан Бауыржанулы,,Основной,,,,,,,
22983,102,,"26160133",,,,,,"79",,,,,,,,,,,,,,,Вечер,"17:20",,,,,,,,,"2023-05-08T00:00:00",,"2022-08-06T00:00:00","2023-05-10T00:00:00",,"5",Пн-Ср-Пт,,,у нас учились,,,,"050708500132",,,,,,,"11",,,,,,,"15552",,,,,,"30175,5",,,РО,,Мужской,,,,,,,,,,Грант 22-23,,,,,,,,Математика,Физика,,Легенда I (Legend I),,,,,,,,,,,,,,,,Дозвон,,,,,,,Томирис Султанкызы,"14624",Основной,,,,,,,
23034,102,,"26406859",,,,,,"5",,,,,,,,,,,,,,,Вечер,"17:20",,,,,,,,,"2023-05-08T00:00:00",,"2022-08-06T00:00:00","2023-06-15T00:00:00",,"6",Пн-Ср-Пт,,,/,,,,"050818501494",,,,,,,"11",,,,,,,"14715",,,,,,"25630",,,РО,,Мужской,,,,,,,,,,Грант 22-23,,,,,,,,Математика,Физика,,Босс (AIBoss),,,,,,,,,,,,,,,,"0",,,,,,,Нурбек Талгатулы,"10915",Основной,,,,,,,
23054,102,,"27985983",,,,"358146529",,"188",,,"5254",,,,,,,,,,,,Обед,"14:00",,"2539",,,,,,,"2023-05-25T00:00:00",,"2022-08-04T00:00:00","2024-06-26T00:00:00",,"3",Вт-Чт-Сб,,,,Да,"23-24",,"061226600428",,,,,,,"11",,,,,,,"15202",,,,,,"28759,5",,,КО,,Женский,,,,,,,,,,Грант 23-24,,,,,,,,Математика,География,,Легенда I (Legend I),,,,,,,,,,,,,,,,Дозвон,,,,,,,Томирис Султанкызы,"5765",Основной,,,,,,,Казахский
23055,102,,"26690517",,,,,,"9",,,,,,,,,,,,,,,Обед,"14:00",,,,,,,,,"2023-05-05T00:00:00",,"2022-11-03T00:00:00","2023-05-10T00:00:00",,"5",Вт-Чт-Сб,,,"Мат гр 6 из 15, история 1 из 15",,,,"060412602006",,,,,,,"11",,,,,,,,,,,,,"10878",,,КО,,Женский,,,,,,,,,,Грант 22-23,,,,,,,,Химия,Биология,,Профессор (Professor),,,,,,,,,,,,,,,,Дозвон,,,,,,,Жандос Усенулы,"90",Основной,,"10788",,,,,Казахский
23062,102,,"26159829",,,,,,г. Каскелен ср. шк. имени Абая,,,,,,,,,,,,,,,Обед,"14:00",,,,,,,,,"2023-05-24T00:00:00",,"2022-08-06T00:00:00","2023-04-28T00:00:00",,"4",Вт-Чт-Сб,,,"Маулен Елшат - написал тест самостоятельно, по результатам теста: математическая грамотность - 8 из 15 правильно, История Казахстана - 3 из 15",,,,"060629501379",,,,,,,"11",,,,,,,"8590",,,,,,"8590",,,КО,,Мужской,,,,,,,,,,Грант 22-23,,,,,,,,Математика,География,,Профессор (Professor),,,,,,,,,,,,,,,,"0",,,,,,,Жандос Усенулы,,Основной,,,,,,,
23104,102,,"26173367",,,,,,"19",,,,,,,,,,,,,,,Обед,"14:00",,,,,,,,,"2023-05-08T00:00:00",,"2022-08-06T00:00:00","2023-05-16T00:00:00",,"2",Вт-Чт-Сб,,,/,,,,"061027500390",,,,,,,"11",,,,,,,,,,,,,"12929",,,КО,,Мужской,,,,,,,,,,Не поступил,,,,,,,,Химия,Биология,,Мегамозг (Megamind),,,,,,,,,,,,,,,,"0",,,,,,,Томирис Султанкызы,"90",Основной,,"12839",,,,,
23105,102,,"26173375",,,,,,"19",,,,,,,,,,,,,,,Обед,"14:00",,,,,,,,,"2023-05-08T00:00:00",,"2022-08-06T00:00:00","2023-05-10T00:00:00",,"7",Вт-Чт-Сб,,,Танда?ан П?н математика информатика,,,,"060503502044",,,,,,,"11",,,,,,,"7948",,,,,,"8038",,,КО,,Мужской,,,,,,,,,,Грант 22-23,,,,,,,,Математика,Информатика,,Профессор (Professor),,,,,,,,,,,,,,,,Дозвон,,,,,,,Жандос Усенулы,"90",Основной,,,,,,,
23110,102,,"26569261",,,,,,"105",,,,,,,,,,,,,,,Обед,"14:00",,,,,,,,,,,"2022-08-06T00:00:00","2023-02-27T00:00:00",,"6",Вт-Чт-Сб,,,ц,,,,"041228601423",,,,,,,"11",,,,,,,"3908",,,,,,"3908",,,РО,,Женский,,,,,,,,,,Грант 22-23,,,,,,,,Математика,Информатика,,Мастер (Master),,,,,,,,,,,,,,,,"0",,,,,,,,,Основной,,,,,,,Казахский
23156,102,,"26184479",,,,,,РСШИКОР им. К.Ахметова,,,,,,,,,,,,,,,Вечер,"17:20",,,,,,,,,"2023-04-17T00:00:00",,"2022-08-13T00:00:00","2023-05-18T00:00:00",,"1",Вт-Чт-Сб,,,гео мат,,,,"060220600774",,,,,,,"11",,,,,,,"8505",,,,,,"8505",,,КО,,Женский,,,,,,,,,,Грант 22-23,,,,,,,,Математика,География,,Профессор (Professor),,,,,,,,,,,,,,,,"0",,,,,,,Томирис Султанкызы,,Основной,,,,,,,Казахский
23163,102,,"28188417",,,,"362654542",,"6",,,"160",,,,,,,,,,,,Обед,"14:00",,"95",,,,,,,,,"2022-08-10T00:00:00","2024-05-03T00:00:00",,"7",Пн-Ср-Пт,,,,,"23-24",,"061026600301",,,,,,,"11",,,,,,,"825",,,,,,"15402",,,РО,,Женский,,,,,,,,,,Грант 23-24,,,,,,,,Химия,Биология,,Мегамозг (Megamind),,,,,,,,,,,,,,,,"0",,,,,,,,"720",Основной,,"13602",,,,,Русский
23222,102,,"27024533",,,,,,"45",,,,,,,,,,,,,,,Вечер,"17:20",,,,,,,,,"2023-04-26T00:00:00",,"2023-03-29T00:00:00","2023-06-01T00:00:00",,"1",Пн-Ср-Пт,,,Информационные технологии,,,,"061216501495",,,,,,,"11",,,,,,,"11358",,,,,,"11358",,,РО,,Мужской,,,,,,,,,,Грант 22-23,,,,,,,,Математика,Информатика,,Профессор (Professor),,,,,,,,,,,,,,,,Дозвон,,,,,,,Томирис Султанкызы,,Основной,,,,,,,
23229,102,,"26207725",,,,,,"5",,,,,,,,,,,,,,,Обед,"14:00",,,,,,,,,"2023-05-15T00:00:00",,"2022-08-13T00:00:00","2023-05-15T00:00:00",,"6",Вт-Чт-Сб,,,"Молдаш Ансар - написал тест самостоятельно, по результатам: История Казахстана - 1 из 15 правильно, математика - 2 из 15 правильно. Выбирает химию+биологию. Мама хочет хорошую обратную связь от ментора",,,,"050914502265",,,,,,,"11",,,,,,,,,,,,,"11824",,,КО,,Мужской,,,,,,,,,,Грант 22-23,,,,,,,,Химия,Биология,,Профессор (Professor),,,,,,,,,,,,,,,,Дозвон,,,,,,,Томирис Султанкызы,,Основной,,"11824",,,,,
23236,102,,,,,,,,"117",,,,,,,,,,,,,,,Вечер,"17:20",,,,,,,,,"2023-05-15T00:00:00",,"2022-08-13T00:00:00","2023-05-25T00:00:00",,"4",,,,,,,,"060403601227",,,,,,,"10",,,,,,,,,,,,,"1782",,,РО,,Женский,,,,,,,,,,Грант 22-23,,,,,,,,Химия,Биология,,Мастер (Master),,,,,,,,,,,,,,,,Дозвон,,,,,,,Томирис Султанкызы,,Основной,,"1782",,,,,
23238,102,,"26212693",,,,,,"58",,,"7739",,,,,,,,,,,,Вечер,"17:20",,,,,,,,,"2023-05-07T00:00:00",,"2022-09-03T00:00:00","2023-04-28T00:00:00",,"1",Вт-Чт-Сб,,,Ударница,,,,"051204601395",,,,,,,"11",,,,,,,,,,,,,"7739",,,КО,,Женский,,,,,,,,,,Грант 22-23,,,,,,,,Английский язык,Всемирная история,,Грандмастер (Grandmaster),,,,,,,,,,,,,,,,Дозвон,,,,,,,Еламан Бауыржанулы,,Основной,,,,,,,
23248,102,,"26192537",,,,,,,,,,,,,,,,,,,,,Вечер,"17:20",,,,,,,,,,,"2022-08-20T00:00:00",,,,,,,,,,,"051216601033",,,,,,,"11",,,,,,,"282",,,,,,"896",,,РО,,Мужской,,,,,,,,,,Грант 22-23,,,,,,,,,,,Новобранец (Recruit),,,,,,,,,,,,,,,,,,,,,,,,,,,,,,,,
23257,102,,"26270589",,,,,,"134",,,,,,,,,,,,,,,Вечер,"17:20",,,,,,,,,"2023-05-24T00:00:00",,"2022-08-20T00:00:00","2023-05-25T00:00:00",,"6",Пн-Ср-Пт,,,/,,,,"050912501236",,,,,,,"11",,,,,,,"10427",,,,,,"10427",,,РО,,Мужской,,,,,,,,,,Грант 22-23,,,,,,,,Математика,Информатика,,Профессор (Professor),,,,,,,,,,,,,,,,"0",,,,,,,Жандос Усенулы,,Основной,,,,,,,
23261,102,,"26220193",,,,,,"56",,,,,,,,,,,,,,,Вечер,"17:20",,,,,,,,,"2023-06-05T00:00:00",,"2022-09-03T00:00:00","2023-07-03T00:00:00",,"7",Пн-Ср-Пт,,,-,,,,"051201550707",,,,,,,"11",,,,,,,"11003",,,,,,"21225,5",,,РО,,Мужской,,,,,,,,,,Грант 22-23,,,,,,,,Математика,Физика,,Босс (AIBoss),,,,,,,,,,,,,,,,"0",,,,,,,Нурбек Талгатулы,"10223",Основной,,,,,,,
23279,102,,"26224711",,,,,,"92",,,,,,,,,,,,,,,Обед,"14:00",,,,,,,,,"2023-05-22T00:00:00",,"2022-08-20T00:00:00","2023-05-30T00:00:00",,"9",Вт-Чт-Сб,,,инфмат,,,,"050614550869",,,,,,,"11",,,,,,,"9840",,,,,,"9840",,,КО,,Мужской,,,,,,,,,,Грант 22-23,,,,,,,,Математика,Информатика,,Профессор (Professor),,,,,,,,,,,,,,,,"0",,,,,,,Жандос Усенулы,,Основной,,,,,,,
23299,102,,"26228287",,,,,,"142",,,,,,,,,,,,,,,Обед,"14:00",,,,,,,,,"2023-05-22T00:00:00",,"2022-08-20T00:00:00","2023-05-24T00:00:00",,"10",Вт-Чт-Сб,,,"Аскербек Жасмин - написала тест самостоятельно, по результатам: математическая грамотность - 4 из 15 правильно, История Казахстана - 1 из 15 правильно",,,,"060321601767",,,,,,,"11",,,,,,,"12835",,,,,,"24840",,,КО,,Женский,,,,,,,,,,Грант 22-23,,,,,,,,Математика,Физика,,Босс (AIBoss),,,,,,,,,,,,,,,,"0",,,,,,,Жандос Усенулы,"12006",Основной,,,,,,,
23307,102,,"26229737",,,,,,"111",,,,,,,,,,,,,,,Вечер,"17:20",,,,,,,,,"2023-05-05T00:00:00",,"2022-09-03T00:00:00","2023-06-01T00:00:00",,"10",Пн-Ср-Пт,,,слабый уровень-,,,,"051229501870",,,,,,,"11",,,,,,,"11506",,,,,,"11506",,,РО,,Мужской,,,,,,,,,,Грант 22-23,,,,,,,,Математика,Информатика,,Профессор (Professor),,,,,,,,,,,,,,,,"0",,,,,,,Жасулан Таубалдыулы,,Основной,,,,,,,
23313,102,,"26230127",,,,,,"55",,,,,,,,,,,,,,,Обед,"14:00",,,,,,,,,"2023-05-05T00:00:00",,"2022-09-03T00:00:00","2023-05-25T00:00:00",,"2",Пн-Ср-Пт,,,"матем 6 из 15, история1 из 15",,,,"060115501532",,,,,,,"11",,,,,,,"9272",,,,,,"9272",,,РО,,Мужской,,,,,,,,,,Грант 22-23,,,,,,,,Математика,Информатика,,Профессор (Professor),,,,,,,,,,,,,,,,"0",,,,,,,Жасулан Таубалдыулы,,Основной,,,,,,,
23315,102,,"26230269",,,,,,"121",,,,,,,,,,,,,,,Обед,"14:00",,,,,,,,,"2023-05-03T00:00:00",,"2022-09-03T00:00:00","2023-05-12T00:00:00",,"8",Пн-Ср-Пт,,,"мат гр 6 из 15, история кз 4 из15",,,,"060410601413",,,,,,,"11",,,,,,,"8791",,,,,,"8791",,,РО,,Женский,,,,,,,,,,Грант 22-23,,,,,,,,Математика,Информатика,,Профессор (Professor),,,,,,,,,,,,,,,,Дозвон,,,,,,,Еламан Бауыржанулы,,Основной,,,,,,,
23385,102,,"26993255",,,,,,"174",,,,,,,,,,,,,,,Вечер,"17:20",,,,,,,,,"2023-05-06T00:00:00",,"2023-01-04T00:00:00","2023-05-30T00:00:00",,"2",Вт-Чт-Сб,,,,,,,"060401000120",,,,,,,"11",,,,,,,"12212",,,,,,"24150,5",,,КО,,Женский,,,,,,,,,,Грант 22-23,,,,,,,,Математика,Физика,,Босс (AIBoss),,,,,,,,,,,,,,,,Дозвон,,,,,,,Томирис Султанкызы,"11939",Основной,,,,,,,Казахский
23388,102,,"26254923",,,,,,"73",,,,,,,,,,,,,,,Вечер,"17:20",,,,,,,,,"2023-06-02T00:00:00",,"2022-08-27T00:00:00","2023-06-07T00:00:00",,"3",Пн-Ср-Пт,,,Ребенок по уровню знаний слабенький%2C хочет выбрать географию%2Bматематику%2C в дальнейшем если не понравится%2C поменяет профильные,,,,"050812601546",,,,,,,"11",,,,,,,"11142",,,,,,"11142",,,РО,,Женский,,,,,,,,,,Грант 22-23,,,,,,,,Математика,География,,Профессор (Professor),,,,,,,,,,,,,,,,Ватсап,,,,,,,Томирис Султанкызы,,Основной,,,,,,,
23430,102,,"26268175",,,,,,"92",,,,,,,,,,,,,,,Вечер,"17:20",,,,,,,,,"2023-05-05T00:00:00",,"2022-09-03T00:00:00","2023-05-30T00:00:00",,"7",Вт-Чт-Сб,,,слабый уровень,,,,"060401501241",,,,,,,"11",,,,,,,"6874",,,,,,"6874",,,КО,,Мужской,,,,,,,,,,Грант 22-23,,,,,,,,Математика,Информатика,,Грандмастер (Grandmaster),,,,,,,,,,,,,,,,"0",,,,,,,Жасулан Таубалдыулы,,Основной,,,,,,,
23441,102,,"26273429",,,,,,с. Жамбыл ср.шк. Улан,,,,,,,,,,,,,,,Обед,"14:00",,,,,,,,,"2023-04-29T00:00:00",,"2022-08-27T00:00:00","2023-05-11T00:00:00",,"8",Пн-Ср-Пт,,,"слабый , но сам хочет",,,,"051116601694",,,,,,,"11",,,,,,,,,,,,,"5312",,,РО,,Женский,,,,,,,,,,Грант 22-23,,,,,,,,География,Биология,,Грандмастер (Grandmaster),,,,,,,,,,,,,,,,"0",,,,,,,Еламан Бауыржанулы,,Основной,,"5312",,,,,
23445,102,,"26273755",,,,,,"121",,,,,,,,,,,,,,,Обед,"14:00",,,,,,,,,"2023-06-05T00:00:00",,"2022-09-03T00:00:00","2023-05-31T00:00:00",,"5",,,,"Серикова Тахмина - написала тест самостоятельно, по результатам: математическая грамотность - 4 из 15 правильно, история Казахстана - 1 из 15 правильно",,,,"050323601032",,,,,,,"11",,,,,,,,,,,,,"0",,,РО,,Женский,,,,,,,,,,Грант 22-23,,,,,,,,География,Биология,,Новобранец (Recruit),,,,,,,,,,,,,,,,Ватсап,,,,,,,Жандос Усенулы,,Основной,,,,,,,
23466,102,,"26781835",,,,,,"1",,,,,,,,,,,,,,,Обед,"14:00",,,,,,,,,"2023-04-26T00:00:00",,"2023-03-29T00:00:00","2023-04-26T00:00:00",,"4",Пн-Ср-Пт,,,пробелы по истории каз,,,,"060908501523",,,,,,,"11",,,,,,,"5374",,,,,,"5374",,,РО,,Мужской,,,,,,,,,,Грант 22-23,,,,,,,,Математика,Информатика,,Грандмастер (Grandmaster),,,,,,,,,,,,,,,,"0",,,,,,,Томирис Султанкызы,,Основной,,,,,,,
23477,102,,"26282129",,,,,,"62",,,,,,,,,,,,,,,Обед,"14:00",,,,,,,,,"2023-04-29T00:00:00",,"2022-08-27T00:00:00","2023-05-18T00:00:00",,"7",Вт-Чт-Сб,,,а,,,,"051110600801",,,,,,,"11",,,,,,,"10648",,,,,,"10648",,,КО,,Женский,,,,,,,,,,Грант 22-23,,,,,,,,Математика,География,,Профессор (Professor),,,,,,,,,,,,,,,,"0",,,,,,,Томирис Султанкызы,,Основной,,,,,,,
23493,102,,"26284537",,,,,,"51",,,,,,,,,,,,,,,Вечер,"17:20",,,,,,,,,"2023-05-10T00:00:00",,"2022-09-03T00:00:00","2023-05-12T00:00:00",,"3",Пн-Ср-Пт,,,думает по поводу выбора предметов слабый по ист,,,,"051227500801",,,,,,,"11",,,,,,,"10978",,,,,,"10978",,,РО,,Мужской,,,,,,,,,,Грант 22-23,,,,,,,,Математика,География,,Профессор (Professor),,,,,,,,,,,,,,,,"0",,,,,,,Нурбек Талгатулы,,Основной,,,,,,,
23510,102,,"26292699",,,,,,"175",,,,,,,,,,,,,,,Вечер,"17:20",,,,,,,,,"2023-05-05T00:00:00",,"2022-09-03T00:00:00","2023-06-14T00:00:00",,"3",Пн-Ср-Пт,,,-,,,,"060105551108",,,,,,,"11",,,,,,,"10275",,,,,,"19896",,,КО,,Мужской,,,,,,,,,,Грант 22-23,,,,,,,,Математика,Физика,,Мегамозг (Megamind),,,,,,,,,,,,,,,,Дозвон,,,,,,,Жасулан Таубалдыулы,"9621",Основной,,,,,,,
23514,102,,"26292757",,,,,,"123",,,"13236",,,,,,,,,,,,Вечер,"17:20",,,,,,,,,"2023-05-05T00:00:00",,"2022-09-03T00:00:00","2023-06-12T00:00:00",,"2",Вт-Чт-Сб,,,"мат гр 9 из 15, история 2 из 15",,,,"060825601132",,,,,,,"11",,,,,,,,,,,,,"13236",,,КО,,Женский,,,,,,,,,,Грант 22-23,,,,,,,,Английский язык,Всемирная история,,Мегамозг (Megamind),,,,,,,,,,,,,,,,"0",,,,,,,Жасулан Таубалдыулы,,Основной,,,,,,,
23519,102,,"26293653",,,,,,"125",,,,,,,,,,,,,,,Вечер,"17:20",,,,,,,,,"2023-06-05T00:00:00",,"2022-09-03T00:00:00","2023-05-29T00:00:00",,"9",Пн-Ср-Пт,,,-,,,,"050603601193",,,,,,,"11",,,,,,,"9582",,,,,,"9582",,,РО,,Женский,,,,,,,,,,Грант 22-23,,,,,,,,Математика,Информатика,,Профессор (Professor),,,,,,,,,,,,,,,,"0",,,,,,,Томирис Султанкызы,,Основной,,,,,,,
23522,102,,"26293977",,,,,,"62",,,,,,,,,,,,,,,Обед,"14:00",,,,,,,,,"2023-05-04T00:00:00",,"2023-04-07T00:00:00","2023-05-29T00:00:00",,"4",Вт-Чт-Сб,,,сама пришла,,,,"060325661233",,,,,,,"11",,,,,,,"10745",,,,,,"22211",,,КО,,Женский,,,,,,,,,,Грант 22-23,,,,,,,,Математика,Физика,,Босс (AIBoss),,,,,,,,,,,,,,,,Дозвон,,,,,,,Жасулан Таубалдыулы,"11466",Основной,,,,,,,
23533,102,,"26569193",,,,,,"177",,,,,,,,,,,,,,,Вечер,"17:20",,,,,,,,,"2023-06-07T00:00:00",,"2023-03-06T00:00:00","2023-06-09T00:00:00",,"5",Вт-Чт-Сб,,,слабый ребенок нужно,,,,"060801500890",,,,,,,"11",,,,,,,"9548",,,,,,"9548",,,КО,,Мужской,,,,,,,,,,Грант 22-23,,,,,,,,Математика,Информатика,,Профессор (Professor),,,,,,,,,,,,,,,,"0",,,,,,,Жасулан Таубалдыулы,,Основной,,,,,,,
23552,102,,"26300061",,,,,,"174",,,,,,,,,,,,,,,Вечер,"17:20",,,,,,,,,"2023-05-05T00:00:00",,"2022-09-03T00:00:00","2023-05-05T00:00:00",,"5",Вт-Чт-Сб,,,проф предметами все еще не определилась,,,,"051102600838",,,,,,,"11",,,,,,,"12285",,,,,,"12285",,,КО,,Женский,,,,,,,,,,Грант 22-23,,,,,,,,Математика,География,,Мегамозг (Megamind),,,,,,,,,,,,,,,,Дозвон,,,,,,,Томирис Султанкызы,,Основной,,,,,,,
23561,102,,"26620793",,,,,,"178",,,"1787",,,,,,,,,,,,Обед,"14:00",,,,,,,,,"2023-05-03T00:00:00",,"2022-09-03T00:00:00","2022-11-12T00:00:00",,"1",,,,,,,,"061024650812",,,,,,,"10",,,,,,,,,,,,,"3235",,,КО,,Женский,,,,,,,,,,Не поступил,,,,,,,,,,,Мастер (Master),,,,,,,,,,,,,,,,Дозвон,,,,,,,Нурбек Арстанбекович,,,,,,,,,
23597,102,,"26342199",,,,,,Средняя школа им Л.Н.Толстого,,,,,,,,,,,,,,,Вечер,"17:20",,,,,,,,,"2023-05-03T00:00:00",,"2022-09-03T00:00:00","2023-07-03T00:00:00",,"2",Вт-Чт-Сб,,,"стеснительная, все еще сомневается в выборе проф предметов",,,,"060929601831",,,,,,,"11",,,,,,,"13272",,,,,,"25654",,,КО,,Женский,,,,,,,,,,Грант 22-23,,,,,,,,Математика,Физика,,Босс (AIBoss),,,,,,,,,,,,,,,,"0",,,,,,,Томирис Султанкызы,"12382",Основной,,,,,,,
23627,102,,"26313745",,,,,,Средняя школа-гимназия им. Белинского,,,,,,,,,,,,,,,Обед,"14:00",,,,,,,,,"2023-05-05T00:00:00",,"2022-09-03T00:00:00","2023-05-12T00:00:00",,"6",Вт-Чт-Сб,,,-,,,,"060328500882",,,,,,,"11",,,,,,,"3936",,,,,,"9463",,,КО,,Мужской,,,,,,,,,,Грант 22-23,,,,,,,,Математика,Физика,,Профессор (Professor),,,,,,,,,,,,,,,,Дозвон,,,,,,,Алимов Адилет,"5527",Основной,,,,,,,
23628,102,,"26313769",,,,,,"64",,,,,,,,,,,,,,,Вечер,"17:20",,,,,,,,,"2023-05-05T00:00:00",,"2022-09-03T00:00:00","2023-06-01T00:00:00",,"9",Пн-Ср-Пт,,,-,,,,"051203501343",,,,,,,"11",,,,,,,"10370",,,,,,"10370",,,РО,,Мужской,,,,,,,,,,Грант 22-23,,,,,,,,Математика,Информатика,,Профессор (Professor),,,,,,,,,,,,,,,,"0",,,,,,,Томирис Султанкызы,,Основной,,,,,,,
23643,102,,"26314537",,,,,,"139",,,,,,,,,,,,,,,Вечер,"14:00",,,,,,,,,"2023-05-04T00:00:00",,"2022-09-03T00:00:00","2023-06-15T00:00:00",,"1",,,,-,,,,"051028601438",,,,,,,"11",,,,,,,"10229",,,,,,"10229",,,КО,,Женский,,,,,,,,,,Грант 22-23,,,,,,,,Математика,Информатика,,Профессор (Professor),,,,,,,,,,,,,,,,"0",,,,,,,Еламан Бауыржанулы,,Основной,,,,,,,
23644,102,,"26314551","28093993",,,"358146516",,"139",,,"3894",,,,,,,,,,,,Обед,"14:00",,"2641",,,,,,,"2023-05-10T00:00:00",,"2022-09-08T00:00:00","2024-05-31T00:00:00",,"8",Пн-Вт-Ср-Чт-Пт,,,матем 6 из 10 физика 2 из 7,Да,"23-24",,"070824653746",,,,,,,"11",,,,,,,"23643",,,,,,"36093",,,КО,,Женский,,,,,,,,,,Грант 23-24,,,,,,,,Математика,География,,Легенда II (Legend II),,,,,,,,,,,,,,,,"0",,,,,,,Жасулан Таубалдыулы,"5915",Основной,,,,,,,
23670,102,,"26319967",,,,"364388397",,"124",,,"3126",,,,,,,,,,,,Обед,"14:00",,"1313",,,,,,,"2023-04-17T00:00:00",,"2022-09-07T00:00:00","2024-02-29T00:00:00",,"14",Пн-Ср-Пт,,,"отличник, но есть сложности с матем. планируют поступать на мед в Турцию. ПОСАДИТЬ РЕБЕНКА В САМУЮ СИЛЬНУЮ ГРУППУ ПО АНГЛ, ВЛАДЕЕТ В СОВЕРШЕНСТВЕ",,"23-24",,"060301500684",,,,,,,"11",,,,,,,"11295",,,,,,"21199",,,РО,,Мужской,,,,,,,,,,Грант 23-24,,,,,,,,Математика,Информатика,,Босс (AIBoss),,,,,,,,,,,,,,,,Дозвон,,,,,,,Еламан Бауыржанулы,"5465",Основной,,,,,,,
23676,102,,"26498161",,,,,,"32",,,,,,,,,,,,,,,Обед,"14:00",,,,,,,,,"2023-04-18T00:00:00",,"2022-10-03T00:00:00","2023-04-19T00:00:00",,"9",,,,матгео,,,,"050707650385",,,,,,,"11",,,,,,,"11419",,,,,,"11419",,,РО,,Женский,,,,,,,,,,Грант 22-23,,,,,,,,Математика,География,,Профессор (Professor),,,,,,,,,,,,,,,,"0",,,,,,,Томирис Султанкызы,,Основной,,,,,,,
23686,102,,"26569077",,,,,,"128",,,,,,,,,,,,,,,Вечер,"17:20",,,,,,,,,"2023-05-05T00:00:00",,"2022-09-03T00:00:00","2023-06-20T00:00:00",,"5",,,,"5класстан 11 сынып?а дейін Т?кия елінде о?ыды.",,,,"060214500012",,,,,,,"11",,,,,,,"13446",,,,,,"27760",,,КО,,Мужской,,,,,,,,,,Грант 22-23,,,,,,,,Математика,Физика,,Босс (AIBoss),,,,,,,,,,,,,,,,Дозвон,,,,,,,Жандос Усенулы,"14315",Основной,,,,,,,
23689,102,,"26320591",,,,,,"123",,,,,,,,,,,,,,,Вечер,"17:20",,,,,,,,,"2023-06-05T00:00:00",,"2022-09-03T00:00:00","2023-05-25T00:00:00",,"2",,,,-,,,,"051221500869",,,,,,,"11",,,,,,,"8478",,,,,,"8478",,,КО,,Мужской,,,,,,,,,,Грант 22-23,,,,,,,,Математика,Информатика,,Профессор (Professor),,,,,,,,,,,,,,,,Дозвон,,,,,,,Жасулан Таубалдыулы,,Основной,,,,,,,
23708,102,,"26321191",,,,,,с. Жамбыл ср.шк. Улан,,,,,,,,,,,,,,,Обед,"14:00",,,,,,,,,"2023-05-07T00:00:00",,"2022-09-03T00:00:00","2023-05-10T00:00:00",,"10",,,,-,,,,"051006601282",,,,,,,"11",,,,,,,"14553",,,,,,"14553",,,РО,,Женский,,,,,,,,,,Грант 22-23,,,,,,,,Математика,География,,Мегамозг (Megamind),,,,,,,,,,,,,,,,"0",,,,,,,Нурбек Талгатулы,,Основной,,,,,,,
23710,102,,"26321239",,,,,,"90",,,,,,,,,,,,,,,Вечер,"17:20",,,,,,,,,,,"2022-09-03T00:00:00","2023-03-13T00:00:00",,"4",,,,"хим био. Мама просит поговорить с ребенком. Говорит обычно в центре все норм, но на пробных слабо набирает. Хочет чтобы попытались поговорить и узнать",,,,"060127601316",,,,,,,"11",,,,,,,,,,,,,"10155",,,РО,,Женский,,,,,,,,,,Грант 22-23,,,,,,,,Химия,Биология,,Профессор (Professor),,,,,,,,,,,,,,,,"0",,,,,,,,,Основной,,"10155",,,,,
23736,102,,"26327095",,,,"357806538",,"146",,,"5549",,,,,,,,,,,,Обед,"14:00",,"3453",,,,,,,"2023-06-17T00:00:00",,"2022-09-08T00:00:00","2024-04-04T00:00:00",,"12",Вт-Чт-Сб,,,в австрию планируют поступать,Да,"23-24",,"060717600810",,,,,,,"11",,,,,,,"17198",,,,,,"41473",,,КО,,Женский,,,,,,,,,,Грант 23-24,,,,,,,,Математика,Физика,,Легенда II (Legend II),,,,,,,,,,,,,,,,Дозвон,,,,,,,Нурбек Талгатулы,"15273",Основной,,,,,,,Казахский
23758,102,,"26331555",,,,,,"13",,,,,,,,,,,,,,,Вечер,"17:20",,,,,,,,,,,"2022-09-10T00:00:00","2023-06-01T00:00:00",,"10",,,,"в погран академ собирается, нужен просто хороший балл ент",,,,"05072950074929",,,,,,,"11",,,,,,,"10998",,,,,,"10997,5",,,КО,,Мужской,,,,,,,,,,Грант 22-23,,,,,,,,Математика,География,,Профессор (Professor),,,,,,,,,,,,,,,,"0",,,,,,,,,Основной,,,,,,,
23788,102,,"26335743",,,,,,"123",,,,,,,,,,,,,,,Вечер,"17:20",,,,,,,,,"2023-05-12T00:00:00",,"2022-09-10T00:00:00","2023-05-22T00:00:00",,"2",,,,"история 4 из 15, мат 5 из 15",,,,"060227600847",,,,,,,"11",,,,,,,"12050",,,,,,"14953",,,КО,,Женский,,,,,,,,,,Грант 22-23,,,,,,,,Математика,География,,Мегамозг (Megamind),,,,,,,,,,,,,,,,Дозвон,,,,,,,Нурбек Талгатулы,"2903",Основной,,,,,,,
23821,102,,"26569013",,,,,,"178",,,,,,,,,,,,,,,Обед,"14:00",,,,,,,,,"2023-05-12T00:00:00",,"2022-09-10T00:00:00","2023-05-30T00:00:00",,"6",,,,/,,,,"051118600796",,,,,,,"11",,,,,,,,,,,,,"9666",,,КО,,Женский,,,,,,,,,,Грант 22-23,,,,,,,,Химия,Биология,,Профессор (Professor),,,,,,,,,,,,,,,,"0",,,,,,,Жандос Усенулы,,Основной,,"9666",,,,,
23826,102,,"26624291",,,,,,"126",,,,,,,,,,,,,,,Обед,"14:00",,,,,,,,,"2023-05-17T00:00:00",,"2022-09-10T00:00:00","2023-05-10T00:00:00",,"10",,,,на ент в 10 классе набрал 65-70,,,,"060404500892",,,,,,,"11",,,,,,,"7802",,,,,,"7802",,,КО,,Мужской,,,,,,,,,,Грант 22-23,,,,,,,,Математика,География,,Грандмастер (Grandmaster),,,,,,,,,,,,,,,,"0",,,,,,,Жандос Усенулы,,Основной,,,,,,,
23832,102,,"26943549",,,,,,"39",,,,,,,,,,,,,,,Обед,"14:00",,,,,,,,,"2023-05-08T00:00:00",,"2023-04-10T00:00:00","2023-05-23T00:00:00",,"2",,,,-,,,,"060824600208",,,,,,,"11",,,,,,,"13530",,,,,,"25648",,,КО,,Женский,,,,,,,,,,Грант 22-23,,,,,,,,Математика,Физика,,Босс (AIBoss),,,,,,,,,,,,,,,,"0",,,,,,,Томирис Султанкызы,"12119",Основной,,,,,,,
23838,102,,"26342921",,,,,,Школа при КазНУ,,,,,,,,,,,,,,,Обед,"14:00",,,,,,,,,"2023-05-16T00:00:00",,"2022-09-10T00:00:00","2023-06-01T00:00:00",,"6",,,,учится на 4-5,,,,"060830601142",,,,,,,"11",,,,,,,"8526",,,,,,"8526",,,РО,,Женский,,,,,,,,,,Грант 22-23,,,,,,,,Математика,Информатика,,Профессор (Professor),,,,,,,,,,,,,,,,Дозвон,,,,,,,Нурбек Талгатулы,,Основной,,,,,,,
23839,102,,"26929587",,,,,,"146",,,,,,,,,,,,,,,Вечер,"17:20",,,,,,,,,"2023-06-12T00:00:00",,"2023-01-11T00:00:00","2023-06-21T00:00:00",,"1",,,,/,,,,"060915550906",,,,,,,"11",,,,,,,"13252",,,,,,"25704,5",,,КО,,Мужской,,,,,,,,,,Грант 22-23,,,,,,,,Математика,Физика,,Босс (AIBoss),,,,,,,,,,,,,,,,Дозвон,,,,,,,Жасулан Таубалдыулы,"12453",Основной,,,,,,,
23840,102,,"27030385",,,,,,"148",,,,,,,,,,,,,,,Вечер,"17:20",,,,,,,,,"2023-04-27T00:00:00",,"2023-03-31T00:00:00","2023-05-29T00:00:00",,"9",,,,-,,,,"051214501323",,,,,,,"11",,,,,,,"10576",,,,,,"14679",,,КО,,Мужской,,,,,,,,,,Грант 22-23,,,,,,,,Математика,Информатика,,Мегамозг (Megamind),,,,,,,,,,,,,,,,"0",,,,,,,Жасулан Таубалдыулы,"4103",Основной,,,,,,,
23847,102,,"26569065",,,,,,"65",,,,,,,,,,,,,,,Вечер,"17:20",,,,,,,,,"2023-05-24T00:00:00",,"2023-03-24T00:00:00","2023-06-05T00:00:00",,"6",Пн-Ср-Пт,,,-,,,,"060719602045",,,,,,,"11",,,,,,,"8751",,,,,,"8751",,,КО,,Женский,,,,,,,,,,Грант 22-23,,,,,,,,Математика,Информатика,,Профессор (Professor),,,,,,,,,,,,,,,,"0",,,,,,,Жасулан Таубалдыулы,,Основной,,,,,,,
23854,102,,"26348767",,,,,,"173",,,,,,,,,,,,,,,Вечер,"17:20",,,,,,,,,"2023-05-12T00:00:00",,"2022-09-10T00:00:00","2023-05-15T00:00:00",,"3",,,,пробелы по мат.гр и ист.каз,,,,"061125500948",,,,,,,"11",,,,,,,"11511",,,,,,"11511",,,КО,,Мужской,,,,,,,,,,Грант 22-23,,,,,,,,Математика,География,,Профессор (Professor),,,,,,,,,,,,,,,,Дозвон,,,,,,,Нурбек Талгатулы,,Основной,,,,,,,
23860,102,,"26569291",,,,,,"15",,,,,,,,,,,,,,,Обед,"14:00",,,,,,,,,"2023-05-03T00:00:00",,"2023-04-03T00:00:00","2023-05-26T00:00:00",,"8",,,,"Интроверт,  быстрообучаемая,  целеустремленная, ответственная",,,,"060421601552",,,,,,,"11",,,,,,,"11062",,,,,,"22267",,,КО,,Женский,,,,,,,,,,Грант 22-23,,,,,,,,Математика,Физика,,Босс (AIBoss),,,,,,,,,,,,,,,,"0",,,,,,,Дарын Жасуланович,"11205",Основной,,,,,,,
23862,102,,"26349463",,,,"364903865",,"94",,,"4187",,,,,,,,,,,,Обед,"14:00",,"1869",,,,,,,"2023-05-20T00:00:00",,"2022-09-14T00:00:00","2024-04-09T00:00:00",,"11",,,,"мат 3 из 10, физика 0 из  7",Да,"23-24",,"060528601485",,,,,,,"11",,,,,,,"7474",,,,,,"31715",,,РО,,Женский,,,,,,,,,,Грант 23-24,,,,,,,,Химия,Биология,,Легенда I (Legend I),,,,,,,,,,,,,,,,"0",,,,,,,Томирис Султанкызы,"6514",Основной,,"11671",,,,,
23868,102,,"26568945",,,,,,"86",,,,,,,,,,,,,,,Вечер,"17:20",,,,,,,,,"2023-05-12T00:00:00",,"2022-09-10T00:00:00","2023-04-24T00:00:00",,"7",,,,"отличница в шк, но тест ист каз 3/15, матем 7/15",,,,"050514600914",,,,,,,"11",,,,,,,,,,,,,"0",,,КО,,Женский,,,,,,,,,,Грант 22-23,,,,,,,,География,Биология,,Новобранец (Recruit),,,,,,,,,,,,,,,,"0",,,,,,,Жандос Усенулы,,Основной,,,,,,,
23876,102,,"26956113",,,,,,"136",,,,,,,,,,,,,,,Вечер,"17:20",,,,,,,,,"2023-04-14T00:00:00",,"2023-03-15T00:00:00","2023-06-13T00:00:00",,"5",,,,сам хочет,,,,"060606500810",,,,,,,"11",,,,,,,"9830",,,,,,"9830",,,КО,,Мужской,,,,,,,,,,Грант 22-23,,,,,,,,Математика,Информатика,,Профессор (Professor),,,,,,,,,,,,,,,,"0",,,,,,,Жасулан Таубалдыулы,,Основной,,,,,,,
23881,102,,"26353071",,,,,,"105",,,,,,,,,,,,,,,Вечер,"17:20",,,,,,,,,"2023-05-18T00:00:00",,"2022-09-10T00:00:00","2023-05-17T00:00:00",,"3",,,,забыл все ребенок за лето,,,,"050505500885",,,,,,,"11",,,,,,,"9773",,,,,,"9773",,,РО,,Мужской,,,,,,,,,,Грант 22-23,,,,,,,,Математика,Информатика,,Профессор (Professor),,,,,,,,,,,,,,,,Ватсап,,,,,,,Томирис Султанкызы,,Основной,,,,,,,
23882,102,,"26354187",,,,,,"110",,,,,,,,,,,,,,,Обед,"14:00",,,,,,,,,"2023-05-12T00:00:00",,"2022-09-10T00:00:00","2023-05-22T00:00:00",,"5",,,,ребенок все забыл на айти инф матем,,,,"050107501557",,,,,,,"11",,,,,,,"7957",,,,,,"7957",,,РО,,Мужской,,,,,,,,,,Грант 22-23,,,,,,,,Математика,Информатика,,Грандмастер (Grandmaster),,,,,,,,,,,,,,,,Недозвон,,,,,,,Нурбек Талгатулы,,Основной,,,,,,,
23885,102,,"26354615",,,,,,"174",,,,,,,,,,,,,,,Обед,"14:00",,,,,,,,,"2023-05-12T00:00:00",,"2022-09-10T00:00:00","2023-05-12T00:00:00",,"1",,,,-,,,,"051026601615",,,,,,,"11",,,,,,,"8693",,,,,,"8693",,,КО,,Женский,,,,,,,,,,Грант 22-23,,,,,,,,Математика,География,,Профессор (Professor),,,,,,,,,,,,,,,,"0",,,,,,,Нурбек Талгатулы,,Основной,,,,,,,
23891,102,,"26367473",,,,,,"86",,,,,,,,,,,,,,,Обед,"14:00",,,,,,,,,"2023-05-14T00:00:00",,"2022-09-10T00:00:00","2023-05-29T00:00:00",,"9",,,,геомат менеджмент,,,,"060807600720",,,,,,,"11",,,,,,,"7305",,,,,,"7304,5",,,КО,,Женский,,,,,,,,,,Грант 22-23,,,,,,,,Математика,География,,Грандмастер (Grandmaster),,,,,,,,,,,,,,,,"0",,,,,,,Томирис Султанкызы,,Основной,,,,,,,
23896,102,,"26355173",,,,,,"59",,,"8674",,,,,,,,,,,,Вечер,"17:20",,,,,,,,,"2023-05-27T00:00:00",,"2023-03-28T00:00:00","2023-05-30T00:00:00",,"9",,,,пробелы по истории,,,,"060323501602",,,,,,,"11",,,,,,,,,,,,,"8674",,,КО,,Мужской,,,,,,,,,,Грант 22-23,,,,,,,,Английский язык,Всемирная история,,Профессор (Professor),,,,,,,,,,,,,,,,Дозвон,,,,,,,Жандос Усенулы,,Основной,,,,,,,
23897,102,,"26355175",,,,,,"28",,,,,,,,,,,,,,,Обед,"14:00",,,,,,,,,,,"2022-09-10T00:00:00","2023-03-20T00:00:00",,"5",,,,инф мат,,,,"060315602287",,,,,,,"11",,,,,,,,,,,,,"0",,,КО,,Женский,,,,,,,,,,Грант 22-23,,,,,,,,География,Биология,,Новобранец (Recruit),,,,,,,,,,,,,,,,"0",,,,,,,,,Основной,,,,,,,
23898,102,,"26355223",,,,,,"142",,,,,,,,,,,,,,,Обед,"14:00",,,,,,,,,"2023-04-29T00:00:00",,"2022-09-10T00:00:00","2023-05-18T00:00:00",,"4",,,,на тесте ребенка не было. Лучше звонить вечером,,,,"051029500022",,,,,,,"11",,,,,,,,,,,,,"0",,,РО,,Мужской,,,,,,,,,,Грант 22-23,,,,,,,,География,Биология,,Новобранец (Recruit),,,,,,,,,,,,,,,,"0",,,,,,,Жасулан Таубалдыулы,,Основной,,,,,,,
23901,102,,"26720593",,,,,,"19",,,,,,,,,,,,,,,Обед,"14:00",,,,,,,,,,,"2022-09-10T00:00:00","2022-12-02T00:00:00",,"5",,,,,,,,"060106602032",,,,,,,"11",,,,,,,"4093",,,,,,"8232",,,КО,,Женский,,,,,,,,,,Грант 22-23,,,,,,,,,,,Профессор (Professor),,,,,,,,,,,,,,,,Дозвон,,,,,,,,,,,,,,,,Русский
23904,102,,"26357137",,,,,,"142",,,,,,,,,,,,,,,Обед,"14:00",,,,,,,,,"2023-05-16T00:00:00",,"2022-09-10T00:00:00","2023-05-11T00:00:00",,"7",,,,история КЗ слабая,,,,"051201601864",,,,,,,"11",,,,,,,,,,,,,"11197",,,КО,,Женский,,,,,,,,,,Грант 22-23,,,,,,,,Химия,Биология,,Профессор (Professor),,,,,,,,,,,,,,,,Дозвон,,,,,,,Нурбек Талгатулы,,Основной,,"11197",,,,,
23915,102,,"26551959",,,,,,"140",,,"894",,,,,,,,,,,,Обед,"14:00",,,,,,,,,"2023-04-26T00:00:00",,"2022-10-12T00:00:00","2023-04-28T00:00:00",,"10",,,,"мат гр 7 из 15, история 4 из 15",,,,"050813600781",,,,,,,"11",,,,,,,"7866",,,,,,"8760",,,КО,,Женский,,,,,,,,,,Грант 22-23,,,,,,,,Математика,География,,Профессор (Professor),,,,,,,,,,,,,,,,"0",,,,,,,Жандос Усенулы,,Основной,,,,,,,
23941,102,,"26362367",,,,,,"55",,,"2718",,,,,,,,,,,,Обед,"14:00",,"1495",,,,,,,"2023-06-08T00:00:00",,"2022-09-08T00:00:00","2023-09-08T00:00:00",,"1",Пн-Ср-Пт,,,-,,"23-24",,"060809500597",,,,,,,"11",,,,,,,"6755",,,,,,"14688",,,КО,,Мужской,,,,,,,,,,Грант 23-24,,,,,,,,Математика,Информатика,,Мегамозг (Megamind),,,,,,,,,,,,,,,,"0",,,,,,,Томирис Султанкызы,"3720",Основной,,,,,,,Русский
23976,102,,"26569031",,,,,,школа имени Габдулина,,,,,,,,,,,,,,,Вечер,"17:20",,,,,,,,,"2023-05-12T00:00:00",,"2022-09-17T00:00:00","2023-05-10T00:00:00",,"1",,,,-,,,,"050705501111",,,,,,,"11",,,,,,,,,,,,,"6061",,,РО,,Мужской,,,,,,,,,,Грант 22-23,,,,,,,,Химия,Биология,,Грандмастер (Grandmaster),,,,,,,,,,,,,,,,"0",,,,,,,Еламан Бауыржанулы,,Основной,,"6061",,,,,
24057,102,,"28245303",,,,"358146625",,"62",,,"2098",,,,,,,,,,,,Вечер,"17:20",,"1748",,,,,,"2024-06-13T00:00:00",,"2024-06-12T00:00:00","2022-09-22T00:00:00","2024-06-25T00:00:00",,"3",Пн-Вт-Ср-Чт-Пт,,,слабый уровень,Да,"23-24",,"070125600399",,,,,,,"11",,,,,,,"23492",,,,,,"43401",,"28",КО,,Женский,,,,,,,,,,Грант 23-24,,,,,,,,Математика,Физика,,Легенда II (Legend II),,,,,,,,,,,,,,,,"0",,,,,,,,"16063",Основной,,,,,,,
24083,102,,"26568995",,,,,,Жамбылский район ср. шк. Ынтымак,,,"9586",,,,,,,,,,,,Обед,"14:00",,,,,,,,,"2023-04-14T00:00:00",,"2023-03-16T00:00:00","2023-06-05T00:00:00",,"10",,,,все забыла,,,,"061213601079",,,,,,,"11",,,,,,,,,,,,,"9586",,,КО,,Женский,,,,,,,,,,Не поступил,,,,,,,,Английский язык,Всемирная история,,Профессор (Professor),,,,,,,,,,,,,,,,"0",,,,,,,Жасулан Таубалдыулы,,Основной,,,,,,,
24092,102,,"26690499",,,,,,"44",,,,,,,,,,,,,,,Обед,"14:00",,,,,,,,,"2023-05-19T00:00:00",,"2022-09-17T00:00:00","2023-05-26T00:00:00",,"1",,,,-,,,,"050510601386",,,,,,,"11",,,,,,,"8121",,,,,,"16139",,,РО,,Мужской,,,,,,,,,,Грант 22-23,,,,,,,,Математика,Физика,,Мегамозг (Megamind),,,,,,,,,,,,,,,,Дозвон,,,,,,,Жасулан Таубалдыулы,"8018",Основной,,,,,,,
24096,102,,"26394139",,,,,,с. Береке средняя школа Береке,,,,,,,,,,,,,,,Обед,"14:00",,,,,,,,,"2023-05-13T00:00:00",,"2023-04-13T00:00:00","2023-05-15T00:00:00",,"7",,,,химбио,,,,"051222500884",,,,,,,"11",,,,,,,"127",,,,,,"11008",,,КО,,Мужской,,,,,,,,,,Грант 22-23,,,,,,,,Химия,Биология,,Профессор (Professor),,,,,,,,,,,,,,,,"0",,,,,,,Жандос Усенулы,,Основной,,"10881",,,,,Казахский
24102,102,,"26568955",,,,,,"107",,,,,,,,,,,,,,,Вечер,"17:20",,,,,,,,,"2023-04-03T00:00:00",,"2022-10-01T00:00:00","2023-05-25T00:00:00",,"1",,,,-,,,,"051213600752",,,,,,,"11",,,,,,,"7692",,,,,,"7691,5",,,КО,,Женский,,,,,,,,,,Грант 22-23,,,,,,,,Математика,Информатика,,Грандмастер (Grandmaster),,,,,,,,,,,,,,,,Дозвон,,,,,,,Дарын Жасуланович,,Основной,,,,,,,
24105,102,,"26397169",,,,,,"201",,,"10540",,,,,,,,,,,,Вечер,"17:20",,,,,,,,,"2023-05-19T00:00:00",,"2022-09-17T00:00:00","2023-05-25T00:00:00",,"6",,,,Умеренно-стеснительный,,,,"051102501265",,,,,,,"11",,,,,,,,,,,,,"10540",,,КО,,Мужской,,,,,,,,,,Грант 22-23,,,,,,,,Английский язык,География,,Профессор (Professor),,,,,,,,,,,,,,,,"0",,,,,,,Алимов Адилет,,Основной,,,,,,,
24119,102,,"26399685",,,,,,"44",,,,,,,,,,,,,,,Вечер,"17:20",,,,,,,,,"2023-05-19T00:00:00",,"2022-09-17T00:00:00","2023-05-25T00:00:00",,"3",,,,-,,,,"060116501627",,,,,,,"11",,,,,,,"9617",,,,,,"9617",,,РО,,Мужской,,,,,,,,,,Грант 22-23,,,,,,,,Математика,Информатика,,Профессор (Professor),,,,,,,,,,,,,,,,Дозвон,,,,,,,Еламан Бауыржанулы,,Основной,,,,,,,
24120,102,,"26399773",,,,,,"72",,,,,,,,,,,,,,,Обед,"14:00",,,,,,,,,"2023-05-30T00:00:00",,"2022-09-17T00:00:00","2023-06-08T00:00:00",,"6",,,,/,,,,"060606501531",,,,,,,"11",,,,,,,"10075",,,,,,"18415",,,КО,,Мужской,,,,,,,,,,Грант 22-23,,,,,,,,Математика,Физика,,Мегамозг (Megamind),,,,,,,,,,,,,,,,"0",,,,,,,Жандос Усенулы,"8340",Основной,,,,,,,
24124,102,,"26400165",,,,,,"148",,,,,,,,,,,,,,,Вечер,"17:20",,,,,,,,,"2023-05-24T00:00:00",,"2023-03-24T00:00:00","2023-06-09T00:00:00",,"4",,,,"сложностис мат грамотностью, недавно переехали с Караганды",,,,"0603255500909",,,,,,,"11",,,,,,,"8686",,,,,,"8686",,,КО,,Мужской,,,,,,,,,,Грант 22-23,,,,,,,,Математика,Информатика,,Профессор (Professor),,,,,,,,,,,,,,,,"0",,,,,,,Жандос Усенулы,,Основной,,,,,,,
24128,102,,"26882645",,,,,,"5",,,,,,,,,,,,,,,Вечер,"17:20",,,,,,,,,"2023-04-28T00:00:00",,"2022-12-26T00:00:00","2023-05-23T00:00:00",,"9",,,,Не полная семья,,,,"050810550071",,,,,,,"11",,,,,,,"9870",,,,,,"17861",,,РО,,Мужской,,,,,,,,,,Грант 22-23,,,,,,,,Математика,Физика,,Мегамозг (Megamind),,,,,,,,,,,,,,,,"0",,,,,,,Жандос Усенулы,"7991",Основной,,,,,,,
24137,102,,"26401003",,,,,,"170",,,,,,,,,,,,,,,Обед,"14:00",,,,,,,,,"2023-05-22T00:00:00",,"2022-09-17T00:00:00","2023-05-26T00:00:00",,"4",,,,"Кадырбеков Султанбек - написал тест самостоятельно, по результатам: мат.гр - 14 из 15, история каз. - 6 из 15",,,,"050628550459",,,,,,,"11",,,,,,,"9404",,,,,,"17838",,,РО,,Мужской,,,,,,,,,,Грант 22-23,,,,,,,,Математика,Физика,,Мегамозг (Megamind),,,,,,,,,,,,,,,,"0",,,,,,,Томирис Султанкызы,"8434",Основной,,,,,,,
24138,102,,"26401041",,,,,,"170",,,,,,,,,,,,,,,Обед,"14:00",,,,,,,,,"2023-05-22T00:00:00",,"2022-09-17T00:00:00","2023-05-26T00:00:00",,"5",,,,"Доценко Илья - написал тест самостоятельно, по результатам: ист.каз - 1 из 15, мат гр 10 из 15",,,,"050730500010",,,,,,,"11",,,,,,,"8708",,,,,,"16494",,,РО,,Мужской,,,,,,,,,,Грант 22-23,,,,,,,,Математика,Физика,,Мегамозг (Megamind),,,,,,,,,,,,,,,,Дозвон,,,,,,,Томирис Султанкызы,"7786",Основной,,,,,,,
24140,102,,"26401479",,,,,,"22",,,,,,,,,,,,,,,Вечер,"17:20",,,,,,,,,"2023-05-19T00:00:00",,"2022-09-17T00:00:00","2023-05-22T00:00:00",,"9",,,,ответственный,,,,"050709500928",,,,,,,"11",,,,,,,"11339",,,,,,"11339",,,РО,,Мужской,,,,,,,,,,Грант 22-23,,,,,,,,Математика,Информатика,,Профессор (Professor),,,,,,,,,,,,,,,,Дозвон,,,,,,,Еламан Бауыржанулы,,Основной,,,,,,,
24163,102,,"26407389",,,,,,"90",,,,,,,,,,,,,,,Вечер,"17:20",,,,,,,,,"2023-05-26T00:00:00",,"2022-09-24T00:00:00","2023-05-25T00:00:00",,"6",,,,-,,,,"050526600385",,,,,,,"11",,,,,,,"14747",,,,,,"28552",,,РО,,Женский,,,,,,,,,,Грант 22-23,,,,,,,,Математика,Физика,,Легенда I (Legend I),,,,,,,,,,,,,,,,Дозвон,,,,,,,Еламан Бауыржанулы,"13805",Основной,,,,,,,
24168,102,,"26920869",,,,,,"56",,,,,,,,,,,,,,,Вечер,"17:20",,,,,,,,,"2023-05-08T00:00:00",,"2023-03-06T00:00:00","2023-05-22T00:00:00",,"5",,,,-,,,,"050912500793",,,,,,,"11",,,,,,,"8209",,,,,,"8209",,,РО,,Мужской,,,,,,,,,,Грант 22-23,,,,,,,,Математика,Информатика,,Профессор (Professor),,,,,,,,,,,,,,,,"0",,,,,,,Нурбек Талгатулы,,Основной,,,,,,,
24180,102,,"26414749",,,,,,"34",,,,,,,,,,,,,,,Вечер,"17:20",,,,,,,,,"2023-05-26T00:00:00",,"2022-09-24T00:00:00","2023-05-29T00:00:00",,"5",,,,ребенок заикается немного,,,,"051107500234",,,,,,,"11",,,,,,,"6400",,,,,,"6400",,,РО,,Мужской,,,,,,,,,,Грант 22-23,,,,,,,,Математика,Информатика,,Грандмастер (Grandmaster),,,,,,,,,,,,,,,,"0",,,,,,,Томирис Султанкызы,,Основной,,,,,,,
24211,102,,"26628485",,,,,,"103",,,,,,,,,,,,,,,Вечер,"17:20",,,,,,,,,"2023-05-26T00:00:00",,"2022-09-24T00:00:00","2023-05-29T00:00:00",,"3",,,,Наш действующий ученик,,,,"050110501533",,,,,,,"11",,,,,,,"10637",,,,,,"10637",,,РО,,Мужской,,,,,,,,,,Грант 22-23,,,,,,,,Математика,Информатика,,Профессор (Professor),,,,,,,,,,,,,,,,Дозвон,,,,,,,Томирис Султанкызы,,Основной,,,,,,,
24214,102,,"26951629",,,,,,"129",,,,,,,,,,,,,,,Вечер,"17:20",,,,,,,,,"2023-05-24T00:00:00",,"2023-01-12T00:00:00","2023-05-25T00:00:00",,"7",,,,СЛАБАЯ,,,,"041109601011",,,,,,,"11",,,,,,,,,,,,,"8892",,,РО,,Женский,,,,,,,,,,Грант 22-23,,,,,,,,Химия,Биология,,Профессор (Professor),,,,,,,,,,,,,,,,Дозвон,,,,,,,Еламан Бауыржанулы,,Основной,,"8892",,,,,
24219,102,,"26568863",,,,,,"15",,,,,,,,,,,,,,,Вечер,"17:20",,,,,,,,,"2023-05-26T00:00:00",,"2022-09-24T00:00:00","2023-05-30T00:00:00",,"9",,,,слабый,,,,"060520501069",,,,,,,"11",,,,,,,"6437",,,,,,"6437",,,КО,,Мужской,,,,,,,,,,Грант 22-23,,,,,,,,Математика,Информатика,,Грандмастер (Grandmaster),,,,,,,,,,,,,,,,"0",,,,,,,Алимов Адилет,,Основной,,,,,,,
24229,102,,"26707723",,,,,,"139",,,,,,,,,,,,,,,Вечер,"17:20",,,,,,,,,"2023-05-26T00:00:00",,"2022-09-24T00:00:00","2023-06-14T00:00:00",,"5",,,,?за? с?йлеседі,,,,"051111500028",,,,,,,"11",,,,,,,"11516",,,,,,"23243",,,КО,,Мужской,,,,,,,,,,Грант 22-23,,,,,,,,Математика,Физика,,Босс (AIBoss),,,,,,,,,,,,,,,,Дозвон,,,,,,,Жандос Усенулы,"11727",Основной,,,,,,,
24258,102,,"26442257",,,,,,"105",,,,,,,,,,,,,,,Обед,"14:00",,,,,,,,,"2023-05-25T00:00:00",,"2022-10-08T00:00:00","2023-05-19T00:00:00",,"2",,,,"старается, заказал доп книжки по математике.",,,,"051215500370",,,,,,,"11",,,,,,,"4151",,,,,,"4151",,,РО,,Мужской,,,,,,,,,,Грант 22-23,,,,,,,,Математика,Информатика,,Мастер (Master),,,,,,,,,,,,,,,,Недозвон,,,,,,,Никто,,Основной,,,,,,,Казахский
24261,102,,"26634779",,,,,,"140",,,"8708",,,,,,,,,,,,Обед,"14:00",,,,,,,,,"2023-05-10T00:00:00",,"2022-10-08T00:00:00","2023-05-29T00:00:00",,"1",,,,-,,,,"050827601191",,,,,,,"11",,,,,,,,,,,,,"8708",,,КО,,Женский,,,,,,,,,,Грант 22-23,,,,,,,,Английский язык,География,,Профессор (Professor),,,,,,,,,,,,,,,,Дозвон,,,,,,,Жандос Усенулы,,Основной,,,,,,,
24262,102,,"26443147",,,,,,,,,,,,,,,,,,,,,Вечер,"14:00",,,,,,,,,"2023-05-24T00:00:00",,"2022-09-24T00:00:00",,,,,,,,,,,"050803500750",,,,,,,"11",,,,,,,,,,,,,,,,РО,,Мужской,,,,,,,,,,Грант 22-23,,,,,,,,,,,,,,,,,,,,,,,,,,,,,,,,,,Еламан Бауыржанулы,,,,,,,,,
24296,102,,"26681755",,,,,,"145",,,,,,,,,,,,,,,Вечер,"17:20",,,,,,,,,"2023-05-24T00:00:00",,"2023-02-14T00:00:00","2023-05-30T00:00:00",,"4",,,,ребенок забыл историю,,,,"060122600310",,,,,,,"11",,,,,,,"9377",,,,,,"9377",,,КО,,Женский,,,,,,,,,,Грант 22-23,,,,,,,,Математика,География,,Профессор (Professor),,,,,,,,,,,,,,,,"0",,,,,,,Жасулан Таубалдыулы,,Основной,,,,,,,
24307,102,,"28591053",,,,"380889168",,"56",,,"3541",,,,,,,,,,,,Обед,"14:00",,"2064",,,,,,"2024-08-11T00:00:00","2023-05-02T00:00:00","2024-06-28T00:00:00","2022-10-28T00:00:00","2024-06-20T00:00:00",,"12",Пн-Вт-Ср-Чт-Пт,,,слабый ребенок ранее у нас в астане обучались,,"23-24",,"061102551634",,,,,,,"11",,,,,,,"15732",,,,,,"35728",,"1",РО,,Мужской,,,,,,,,,,Грант 23-24,,,,,,,,Математика,Физика,,Легенда I (Legend I),,,,,,,,,,,,,,,,"0",,,,,,,Жандос Усенулы,"14391",Основной,,,,,,,
24341,102,,"26467623",,,,,,"153",,,,,,,,,,,,,,,Вечер,"17:20",,,,,,,,,"2023-04-21T00:00:00",,"2022-10-08T00:00:00","2023-05-03T00:00:00",,"7",,,,после сдачи пробного в январе возможно нужно рассматривать по предметам с тренерами разговаривая,,,,"061014600019",,,,,,,"11",,,,,,,"7795",,,,,,"7795",,,РО,,Женский,,,,,,,,,,Грант 22-23,,,,,,,,Математика,Информатика,,Грандмастер (Grandmaster),,,,,,,,,,,,,,,,"0",,,,,,,Нурбек Талгатулы,,Основной,,,,,,,Русский
24347,102,,,,,,,,"158",,,,,,,,,,,,,,,Обед,"14:00",,,,,,,,,"2023-05-03T00:00:00",,"2022-10-01T00:00:00","2023-06-12T00:00:00",,"2",,,,,,,,"060727502012",,,,,,,"11",,,,,,,,,,,,,"1053",,,РО,,Мужской,,,,,,,,,,Грант 22-23,,,,,,,,Химия,Биология,,Новобранец (Recruit),,,,,,,,,,,,,,,,"0",,,,,,,Нурбек Талгатулы,,Основной,,"1053",,,,,Русский
24367,102,,"26474905",,,,,,"142",,,,,,,,,,,,,,,Обед,"14:00",,,,,,,,,"2023-05-19T00:00:00",,"2022-10-08T00:00:00","2023-05-26T00:00:00",,"7",,,,-,,,,"050615500612",,,,,,,"11",,,,,,,"8710",,,,,,"8710",,,РО,,Мужской,,,,,,,,,,Грант 22-23,,,,,,,,Математика,Информатика,,Профессор (Professor),,,,,,,,,,,,,,,,Ватсап,,,,,,,Нурбек Талгатулы,,Основной,,,,,,,
24384,102,,"26915523",,,,,,"163",,,,,,,,,,,,,,,Обед,"14:00",,,,,,,,,"2023-04-19T00:00:00",,"2023-03-20T00:00:00","2023-06-14T00:00:00",,"6",,,,"Ермек Акторе - выбирает физмат профильные, написал тест самостоятельнло, по результатам: история Казахстана - 2 из 15 правильно, мат.гр - 7 из 15",,,,"060722500485",,,,,,,"11",,,,,,,"5744",,,,,,"10017",,,КО,,Мужской,,,,,,,,,,Грант 22-23,,,,,,,,Математика,Физика,,Профессор (Professor),,,,,,,,,,,,,,,,"0",,,,,,,Жасулан Таубалдыулы,"4273",Основной,,,,,,,
24385,102,,"26481369",,,,,,,,,,,,,,,,,,,,,Обед,"14:00",,,,,,,,,,,"2022-10-08T00:00:00","2022-12-13T00:00:00",,"10",,,,,,,,"060202502375",,,,,,,"11",,,,,,,,,,,,,"8218",,,РО,,Мужской,,,,,,,,,,Грант 22-23,,,,,,,,,,,Профессор (Professor),,,,,,,,,,,,,,,,"0",,,,,,,,,,,"3490",,,,,
24387,102,,"26481833",,,,,,"34",,,,,,,,,,,,,,,Вечер,"17:20",,,,,,,,,"2023-05-07T00:00:00",,"2022-11-05T00:00:00","2023-04-11T00:00:00",,"10",,,,"девочка очень пассивная, слово не скажет, все вытаскивать с нее приходится, определяется еще по профильным предметам",,,,"050320600276",,,,,,,"11",,,,,,,"5578",,,,,,"5578",,,РО,,Женский,,,,,,,,,,Грант 22-23,,,,,,,,Математика,Информатика,,Грандмастер (Grandmaster),,,,,,,,,,,,,,,,"0",,,,,,,Нурбек Талгатулы,,Основной,,,,,,,
24408,102,,"26712651",,,,,,"138",,,,,,,,,,,,,,,Обед,"14:00",,,,,,,,,"2023-07-16T00:00:00",,"2022-12-14T00:00:00","2023-07-03T00:00:00",,"5",,,,слабый уровень,,,,"060515501517",,,,,,,"11",,,,,,,"7063",,,,,,"7062,5",,,КО,,Мужской,,,,,,,,,,Грант 22-23,,,,,,,,Математика,Информатика,,Грандмастер (Grandmaster),,,,,,,,,,,,,,,,"0",,,,,,,Жасулан Таубалдыулы,,Основной,,,,,,,
24429,102,,"26976857",,,,,,"22",,,,,,,,,,,,,,,Вечер,"17:20",,,,,,,,,"2023-04-28T00:00:00",,"2023-03-30T00:00:00","2023-05-18T00:00:00",,"9",,,,не был на тесте,,,,"050410501415",,,,,,,"11",,,,,,,"7863",,,,,,"8720",,,РО,,Мужской,,,,,,,,,,Грант 22-23,,,,,,,,Математика,Информатика,,Профессор (Professor),,,,,,,,,,,,,,,,"0",,,,,,,Жасулан Таубалдыулы,"857",Основной,,,,,,,
24437,102,,"27033839",,,,,,"105",,,,,,,,,,,,,,,Обед,"14:00",,,,,,,,,,,"2022-10-08T00:00:00","2023-03-15T00:00:00",,"4",,,,ребенок хорошо знает матем но историю забыла,,,,"050606601813",,,,,,,"11",,,,,,,"3089",,,,,,"3089",,,РО,,Женский,,,,,,,,,,Грант 22-23,,,,,,,,Математика,Информатика,,Мастер (Master),,,,,,,,,,,,,,,,"0",,,,,,,,,Основной,,,,,,,
24469,102,,"26498471",,,,,,"145",,,,,,,,,,,,,,,Обед,"14:00",,,,,,,,,"2023-05-22T00:00:00",,"2022-10-15T00:00:00","2023-05-30T00:00:00",,"1",,,,друзья сюда ходят,,,,"051106500128",,,,,,,"11",,,,,,,"6210",,,,,,"6209,5",,,КО,,Мужской,,,,,,,,,,Грант 22-23,,,,,,,,Математика,География,,Грандмастер (Grandmaster),,,,,,,,,,,,,,,,Дозвон,,,,,,,Нурбек Талгатулы,,Основной,,,,,,,
24510,102,,"26512241",,,,,,"66",,,,,,,,,,,,,,,Вечер,"17:20",,,,,,,,,"2023-05-09T00:00:00",,"2022-10-08T00:00:00","2023-05-15T00:00:00",,"6",,,,-,,,,"060408500110",,,,,,,"11",,,,,,,"9796",,,,,,"19746,5",,,РО,,Мужской,,,,,,,,,,Грант 22-23,,,,,,,,Математика,Физика,,Мегамозг (Megamind),,,,,,,,,,,,,,,,Дозвон,,,,,,,Жандос Усенулы,"9951",Основной,,,,,,,
24524,102,,"27020047",,,,,,"5",,,,,,,,,,,,,,,Обед,"14:00",,,,,,,,,"2023-05-02T00:00:00",,"2023-04-03T00:00:00","2023-05-02T00:00:00",,"8",,,,-,,,,"051119501535",,,,,,,"11",,,,,,,"9990",,,,,,"9990",,,КО,,Мужской,,,,,,,,,,Грант 22-23,,,,,,,,Математика,География,,Профессор (Professor),,,,,,,,,,,,,,,,"0",,,,,,,Еламан Бауыржанулы,,Основной,,,,,,,
24577,102,,"26529375",,,,,,КТЛ,,,,,,,,,,,,,,,Вечер,"17:20",,,,,,,,,"2023-05-17T00:00:00",,"2022-10-15T00:00:00","2023-05-18T00:00:00",,"9",,,,-,,,,"041107500817",,,,,,,"11",,,,,,,,,,,,,"0",,,РО,,Мужской,,,,,,,,,,Грант 22-23,,,,,,,,География,Биология,,Новобранец (Recruit),,,,,,,,,,,,,,,,"0",,,,,,,Жандос Усенулы,,Основной,,,,,,,
24592,102,,"26540605",,,,,,"15",,,,,,,,,,,,,,,Вечер,"17:20",,,,,,,,,"2023-04-28T00:00:00",,"2022-10-15T00:00:00","2023-04-26T00:00:00",,"5",,,,-,,,,"050916501337",,,,,,,"11",,,,,,,"5280",,,,,,"5279,5",,,РО,,Мужской,,,,,,,,,,Грант 22-23,,,,,,,,Математика,География,,Грандмастер (Grandmaster),,,,,,,,,,,,,,,,Дозвон,,,,,,,Жандос Усенулы,,Основной,,,,,,,
24594,102,,"26697883",,,,,,"123",,,"7057",,,,,,,,,,,,Вечер,"17:20",,,,,,,,,"2023-05-19T00:00:00",,"2022-10-17T00:00:00","2023-05-25T00:00:00",,"4",,,,-,,,,"060405600071",,,,,,,"11",,,,,,,,,,,,,"7057",,,КО,,Женский,,,,,,,,,,Грант 22-23,,,,,,,,Английский язык,География,,Грандмастер (Grandmaster),,,,,,,,,,,,,,,,"0",,,,,,,Жасулан Таубалдыулы,,Основной,,,,,,,
24598,102,,"26970653",,,,,,"62",,,,,,,,,,,,,,,Обед,"14:00",,,,,,,,,"2023-05-22T00:00:00",,"2023-04-21T00:00:00","2023-06-01T00:00:00",,"5",,,,"не учится, мамасы в курсе",,,,"050930500078",,,,,,,"11",,,,,,,"5300",,,,,,"10843",,,КО,,Мужской,,,,,,,,,,Грант 22-23,,,,,,,,Математика,Физика,,Профессор (Professor),,,,,,,,,,,,,,,,"0",,,,,,,Жандос Усенулы,"5543",Основной,,,,,,,
24603,102,,"26546685",,,,,,Нет школы,,,,,,,,,,,,,,,Обед,"14:00",,,,,,,,,"2023-05-26T00:00:00",,"2022-10-24T00:00:00","2023-05-11T00:00:00",,"9",,,,геобио,,,,"040508000159",,,,,,,"11",,,,,,,,,,,,,"0",,,КО,,Женский,,,,,,,,,,Грант 22-23,,,,,,,,География,Биология,,Новобранец (Recruit),,,,,,,,,,,,,,,,"0",,,,,,,Нурбек Талгатулы,,Основной,,,,,,,
24656,102,,"26567115",,,,,,"163",,,,,,,,,,,,,,,Вечер,"17:20",,,,,,,,,"2023-05-26T00:00:00",,"2022-10-24T00:00:00","2023-06-01T00:00:00",,"2",,,,инф мат,,,,"060108501366",,,,,,,"11",,,,,,,"8222",,,,,,"8221,5",,,КО,,Мужской,,,,,,,,,,Грант 22-23,,,,,,,,Математика,Информатика,,Профессор (Professor),,,,,,,,,,,,,,,,Дозвон,,,,,,,Нурбек Талгатулы,,Основной,,,,,,,Казахский
24673,102,,"26580203",,,,,,"28",,,,,,,,,,,,,,,Вечер,"17:20",,,,,,,,,"2023-05-26T00:00:00",,"2022-10-24T00:00:00","2023-05-29T00:00:00",,"10",,,,-,,,,"051202501070",,,,,,,"11",,,,,,,"7937",,,,,,"16142",,,РО,,Мужской,,,,,,,,,,Грант 22-23,,,,,,,,Математика,Физика,,Мегамозг (Megamind),,,,,,,,,,,,,,,,"0",,,,,,,Жасулан Таубалдыулы,"8205",Основной,,,,,,,
24674,102,,"26580233",,,,,,,,,,,,,,,,,,,,,Вечер,"14:00",,,,,,,,,,,"2022-10-24T00:00:00",,,"2",,,,,,,,"050805601270",,,,,,,"11",,,,,,,"315",,,,,,"1117",,,РО,,Женский,,,,,,,,,,Грант 22-23,,,,,,,,Математика,География,,Новобранец (Recruit),,,,,,,,,,,,,,,,Дозвон,,,,,,,,,,,,,,,,
24676,102,,"26585405",,,,,,"134",,,,,,,,,,,,,,,Вечер,"17:20",,,,,,,,,"2023-05-26T00:00:00",,"2022-10-24T00:00:00","2023-05-29T00:00:00",,"3",,,,слабые,,,,"061105501570",,,,,,,"11",,,,,,,"9639",,,,,,"9639",,,РО,,Мужской,,,,,,,,,,Грант 22-23,,,,,,,,Математика,Информатика,,Профессор (Professor),,,,,,,,,,,,,,,,"0",,,,,,,Алимов Адилет,,Основной,,,,,,,
24697,102,,"26594745",,,,,,,,,,,,,,,,,,,,,Вечер,"17:20",,,,,,,,,,,"2022-10-31T00:00:00",,,"4",,,,,,,,"050717500604",,,,,,,"11",,,,,,,,,,,,,,,,РО,,Мужской,,,,,,,,,,Грант 22-23,,,,,,,,Химия,Биология,,,,,,,,,,,,,,,,,,Дозвон,,,,,,,,,,,,,,,,
24749,102,,"26625159",,,,,,"184",,,,,,,,,,,,,,,Обед,"14:00",,,,,,,,,"2023-05-03T00:00:00",,"2022-10-31T00:00:00","2023-06-19T00:00:00",,"4",,,,пробелы по истории,,,,"060101501168",,,,,,,"11",,,,,,,"7846",,,,,,"7846",,,РО,,Мужской,,,,,,,,,,Грант 22-23,,,,,,,,Математика,Информатика,,Грандмастер (Grandmaster),,,,,,,,,,,,,,,,"0",,,,,,,Жандос Усенулы,,Основной,,,,,,,
24792,102,,"26634709",,,,,,"9",,,"7595",,,,,,,,,,,,Обед,"14:00",,,,,,,,,"2023-05-07T00:00:00",,"2022-11-07T00:00:00","2023-05-03T00:00:00",,"8",,,,"у девочки англ топ, посадить в сильную группу",,,,"060416600913",,,,,,,"11",,,,,,,,,,,,,"7594,5",,,КО,,Женский,,,,,,,,,,Грант 22-23,,,,,,,,Английский язык,Всемирная история,,Грандмастер (Grandmaster),,,,,,,,,,,,,,,,"0",,,,,,,Жандос Усенулы,,Основной,,,,,,,
24807,102,,"26638799",,,,,,"93",,,,,,,,,,,,,,,Вечер,"17:20",,,,,,,,,"2023-05-13T00:00:00",,"2022-11-07T00:00:00","2023-05-30T00:00:00",,"5",,,,-,,,,"060223551259",,,,,,,"11",,,,,,,"7233",,,,,,"14432",,,КО,,Мужской,,,,,,,,,,Грант 22-23,,,,,,,,Математика,Физика,,Мегамозг (Megamind),,,,,,,,,,,,,,,,"0",,,,,,,Жандос Усенулы,"7199",Основной,,,,,,,
24812,102,,"26970563",,,,,,"192",,,,,,,,,,,,,,,Обед,"14:00",,,,,,,,,"2023-04-25T00:00:00",,"2023-03-25T00:00:00","2023-06-01T00:00:00",,"6",,,,-,,,,"050701501407",,,,,,,"11",,,,,,,"8637",,,,,,"8637",,,КО,,Мужской,,,,,,,,,,Грант 22-23,,,,,,,,Математика,Информатика,,Профессор (Professor),,,,,,,,,,,,,,,,Дозвон,,,,,,,Жандос Усенулы,,Основной,,,,,,,
24813,102,,"28912429",,,,"357649657",,"157",,,,,,,,,,,,,,,Вечер,"17:20",,,,,,,,"2024-06-05T00:00:00",,"2024-06-04T00:00:00","2024-02-07T00:00:00","2024-06-07T00:00:00",,"13",Пн-Вт-Ср-Чт-Пт,,,вернулся с возврата,,"23-24",,"061018501072",,,,,,,"11",,,,,,,"5208",,,,,,"5208",,"43",РО,,Мужской,,,,,,,,,,Грант 23-24,,,,,,,,Математика,География,,Грандмастер (Grandmaster),,,,,,,,,,,,,,,,"0",,,,,,,Томирис Султанкызы,,Основной,Нурбек Талгатулы,,,ЕНТ,,,Русский
24824,102,,"26684621",,,,,,"4",,,,,,,,,,,,,,,Обед,"14:00",,,,,,,,,"2023-05-07T00:00:00",,"2022-11-07T00:00:00","2023-06-16T00:00:00",,"7",,,,пробелы,,,,"051226501557",,,,,,,"11",,,,,,,"10816",,,,,,"10816",,,КО,,Мужской,,,,,,,,,,Грант 22-23,,,,,,,,Математика,Информатика,,Профессор (Professor),,,,,,,,,,,,,,,,"0",,,,,,,Жандос Усенулы,,Основной,,,,,,,
24883,102,,"26670215",,,,"361562621",,"22",,,"3875",,,,,,,,,,,,Обед,"14:00",,"1304",,,,,,,"2023-05-18T00:00:00",,"2022-11-16T00:00:00","2024-05-21T00:00:00",,"2",Пн-Вт-Ср-Чт-Пт,,,не была на тесте,,"23-24",,"070301650024",,,,,,,"11",,,,,,,"14288",,,,,,"27960",,,РО,,Женский,,,,,,,,,,Грант 23-24,,,,,,,,Математика,География,,Босс (AIBoss),,,,,,,,,,,,,,,,"0",,,,,,,Томирис Султанкызы,"8493",Основной,,,,,,,
24890,102,,"29461581","28798033",,,"366819467",,"15",,,"5940",,,,,,,,,,,,Обед,"14:00",,,,,,,,"2024-06-20T00:00:00",,"2024-06-19T00:00:00","2024-01-11T00:00:00","2024-06-24T00:00:00",,"13",Пн-Вт-Ср-Чт-Пт,,,"слабая, подтянуть, улыбчивая",,"23-24",,"070113601669",,,,,,,"11",,,,,,,,,,,,,"5940",,"10",КО,,Женский,,,,,,,,,,Не поступил,,,,,,,,Английский язык,Всемирная история,,Грандмастер (Grandmaster),,,,,,,,,,,,,,,,"0",,,,,,,Никто,,Основной,Арита Ришадовна,,,ЕНТ,,,
24898,102,,"26676159",,,,,,"45",,,,,,,,,,,,,,,Обед,"14:00",,,,,,,,,,,"2022-11-14T00:00:00","2023-04-24T00:00:00",,"9",,,,"матем 11/15, история кз 7 из 15",,,,"060725000132",,,,,,,"11",,,,,,,"6668",,,,,,"6668",,,КО,,Женский,,,,,,,,,,Грант 22-23,,,,,,,,Математика,География,,Грандмастер (Grandmaster),,,,,,,,,,,,,,,,"0",,,,,,,,,Основной,,,,,,,
24959,102,,"26697213",,,,,,"184",,,,,,,,,,,,,,,Обед,"14:00",,,,,,,,,,,"2022-11-21T00:00:00","2022-12-06T00:00:00",,"3",,,,,,,,"060616501764",,,,,,,"11",,,,,,,"1150",,,,,,"2787",,,РО,,Мужской,,,,,,,,,,Грант 22-23,,,,,,,,Математика,Физика,,Мастер (Master),,,,,,,,,,,,,,,,Дозвон,,,,,,,,"1053",,,,,,,,
24969,102,,"26893527",,,,,,"134",,,,,,,,,,,,,,,Вечер,"17:20",,,,,,,,,"2023-05-10T00:00:00",,"2023-04-10T00:00:00","2023-05-12T00:00:00",,"5",,,,-,,,,"041213600671",,,,,,,"11",,,,,,,"4237",,,,,,"4237",,,РО,,Женский,,,,,,,,,,Грант 22-23,,,,,,,,Математика,География,,Мастер (Master),,,,,,,,,,,,,,,,Дозвон,,,,,,,Жандос Усенулы,,Основной,,,,,,,
24970,102,,"26698911",,,,,,"35",,,,,,,,,,,,,,,Обед,"14:00",,,,,,,,,"2023-05-23T00:00:00",,"2022-11-21T00:00:00","2023-05-16T00:00:00",,"3",,,,-,,,,"050512501162",,,,,,,"11",,,,,,,"3226",,,,,,"7383",,,РО,,Мужской,,,,,,,,,,Грант 22-23,,,,,,,,Математика,Физика,,Грандмастер (Grandmaster),,,,,,,,,,,,,,,,"0",,,,,,,Жасулан Таубалдыулы,"4157",Основной,,,,,,,Казахский
24989,102,,"26703287",,,,,,"134",,,,,,,,,,,,,,,Вечер,"17:20",,,,,,,,,,,"2022-11-21T00:00:00","2022-11-22T00:00:00",,"2",,,,,,,,"060427500045",,,,,,,"11",,,,,,,"90",,,,,,"380",,,РО,,Мужской,,,,,,,,,,Грант 22-23,,,,,,,,Математика,Информатика,,Новобранец (Recruit),,,,,,,,,,,,,,,,"0",,,,,,,,,,,,,,,,
24992,102,,"27025387",,,,,,"65",,,,,,,,,,,,,,,Обед,"14:00",,,,,,,,,,,"2022-11-28T00:00:00","2023-03-17T00:00:00",,"2",,,,мат гео,,,,"050105500419",,,,,,,"11",,,,,,,"2232",,,,,,"2232",,,РО,,Мужской,,,,,,,,,,Грант 22-23,,,,,,,,Математика,География,,Мастер (Master),,,,,,,,,,,,,,,,Ватсап,,,,,,,,,Основной,,,,,,,
24994,102,,"26704019",,,,,,"89",,,,,,,,,,,,,,,Вечер,"17:20",,,,,,,,,"2023-05-23T00:00:00",,"2022-11-21T00:00:00","2023-05-22T00:00:00",,"2",,,,"мама супер вежливая, ребенок сам осознанно подходит к учебе и мама не остается в стороне",,,,"060302501310",,,,,,,"11",,,,,,,"7229",,,,,,"7228,5",,,РО,,Мужской,,,,,,,,,,Грант 22-23,,,,,,,,Математика,География,,Грандмастер (Grandmaster),,,,,,,,,,,,,,,,"0",,,,,,,Жасулан Таубалдыулы,,Основной,,,,,,,
25002,102,,"26707833",,,,,,"54",,,,,,,,,,,,,,,Вечер,"17:20",,,,,,,,,"2023-05-23T00:00:00",,"2022-11-21T00:00:00","2023-05-15T00:00:00",,"9",,,,"мат инфо выбрал, хочет на грант, история казахстана слабая, мат грамотность хорошая",,,,"050614501543",,,,,,,"11",,,,,,,"7712",,,,,,"7712",,,РО,,Мужской,,,,,,,,,,Грант 22-23,,,,,,,,Математика,Информатика,,Грандмастер (Grandmaster),,,,,,,,,,,,,,,,"0",,,,,,,Жасулан Таубалдыулы,,Основной,,,,,,,
25019,102,,"26893505",,,,,,"5",,,,,,,,,,,,,,,Вечер,"17:20",,,,,,,,,"2023-06-07T00:00:00",,"2023-01-04T00:00:00","2023-06-08T00:00:00",,"3",,,,-,,,,"051101500122",,,,,,,"11",,,,,,,,,,,,,"5842",,,РО,,Мужской,,,,,,,,,,Грант 22-23,,,,,,,,Химия,Биология,,Грандмастер (Grandmaster),,,,,,,,,,,,,,,,Дозвон,,,,,,,Жандос Усенулы,,Основной,,"5842",,,,,
25027,102,,"26731177",,,,,,,,,,,,,,,,,,,,,Вечер,"17:20",,,,,,,,,,,"2022-11-28T00:00:00","2023-02-27T00:00:00",,"7",,,,"По тесту набрал 6 по истории и 8 по мат грам. Инфо- мат на грант хочет, пробный 55 набрал",,,,"061011500745",,,,,,,"11",,,,,,,"4101",,,,,,"4101",,,РО,,Мужской,,,,,,,,,,Грант 22-23,,,,,,,,Математика,Информатика,,Мастер (Master),,,,,,,,,,,,,,,,"0",,,,,,,,,,,,,,,,
25041,102,,"26774613",,,,,,"144",,,,,,,,,,,,,,,Обед,"14:00",,,,,,,,,,,"2022-11-28T00:00:00","2023-03-20T00:00:00",,"4",,,,учится друг Ислам Суфуров тут,,,,"051012501890",,,,,,,"11",,,,,,,,,,,,,"4089,5",,,РО,,Мужской,,,,,,,,,,Грант 22-23,,,,,,,,Химия,Биология,,Мастер (Master),,,,,,,,,,,,,,,,"0",,,,,,,,,Основной,,"4090",,,,,Русский
25058,102,,"27037735",,,,,,Zaman,,,,,,,,,,,,,,,Вечер,"17:20",,,,,,,,,"2023-05-04T00:00:00",,"2023-04-04T00:00:00","2023-06-12T00:00:00",,"6",,,,хочет на РО заниматься,,,,"050719500020",,,,,,,"11",,,,,,,"7867",,,,,,"7867",,,РО,,Мужской,,,,,,,,,,Грант 22-23,,,,,,,,Математика,География,,Грандмастер (Grandmaster),,,,,,,,,,,,,,,,Ватсап,,,,,,,Жандос Усенулы,,Основной,,,,,,,
25063,102,,"26985309",,,,,,"159",,,,,,,,,,,,,,,Вечер,"17:20",,,,,,,,,,,"2022-11-28T00:00:00","2023-05-31T00:00:00",,"5",,,,хим био,,,,"060601601838",,,,,,,"11",,,,,,,,,,,,,"5343",,,КО,,Женский,,,,,,,,,,Грант 22-23,,,,,,,,Химия,Биология,,Грандмастер (Grandmaster),,,,,,,,,,,,,,,,"0",,,,,,,,,Основной,,"5343",,,,,Казахский
25065,102,,"26752175",,,,,,"105",,,,,,,,,,,,,,,Обед,"14:00",,,,,,,,,"2023-05-30T00:00:00",,"2022-11-28T00:00:00","2023-05-26T00:00:00",,"8",,,,"Кибиткин Илья - написал тест самостоятельно, по результатам: математическая грамотность - 15 из 15 правильно, истороия Казахстана - 11 из 15 правильно. Так же дал тест по математике 8 класса - 10 из 10 правильно. Этим я хочу сказать, что ребенок очень сильный. Обучается в 105 школе,выбирает информатика + математика.",,,,"051028500364",,,,,,,"11",,,,,,,"3990",,,,,,"3990",,,РО,,Мужской,,,,,,,,,,Грант 22-23,,,,,,,,Математика,Информатика,,Мастер (Master),,,,,,,,,,,,,,,,"0",,,,,,,Томирис Султанкызы,,Основной,,,,,,,
25070,102,,"26753373",,,,,,,,,,,,,,,,,,,,,Вечер,"14:00",,,,,,,,,,,"2022-11-28T00:00:00",,,,,,,,,,,"050731501440",,,,,,,"11",,,,,,,,,,,,,,,,РО,,Мужской,,,,,,,,,,Грант 22-23,,,,,,,,Математика,Физика,,,,,,,,,,,,,,,,,,"0",,,,,,,,,,,,,,,,
25076,102,,"26755127",,,,,,"128",,,,,,,,,,,,,,,Обед,"14:00",,,,,,,,,"2023-04-28T00:00:00",,"2023-04-03T00:00:00","2023-07-03T00:00:00",,"7",,,,Санжар а?айдан ауыстырмауды мамасы ?атты ?тінді. Ауыстырса о?удан шы?арып аламын деді,,,,"050417601211",,,,,,,"11",,,,,,,"8360",,,,,,"16638,5",,,КО,,Женский,,,,,,,,,,Грант 22-23,,,,,,,,Математика,Физика,,Мегамозг (Megamind),,,,,,,,,,,,,,,,"0",,,,,,,Нурбек Талгатулы,"8279",Основной,,,,,,,
25077,102,,"26755555",,,,,,"80",,,,,,,,,,,,,,,Вечер,"17:20",,,,,,,,,"2023-05-27T00:00:00",,"2023-02-27T00:00:00","2023-06-06T00:00:00",,"6",,,,Физмат,,,,"050408500644",,,,,,,"11",,,,,,,"7020",,,,,,"13251",,,РО,,Мужской,,,,,,,,,,Грант 22-23,,,,,,,,Математика,Физика,,Мегамозг (Megamind),,,,,,,,,,,,,,,,"0",,,,,,,Нурбек Талгатулы,"6231",Основной,,,,,,,
25078,102,,"26955737",,,,,,"1",,,,,,,,,,,,,,,Обед,"14:00",,,,,,,,,"2023-05-02T00:00:00",,"2023-04-03T00:00:00","2023-05-02T00:00:00",,"10",,,,"Куанышбек Еркебулан - написал тест самостоятельно, по результатам теста по матем.гр - 7 из 15, история - 6 из 15",,,,"060120501183",,,,,,,"11",,,,,,,"3208",,,,,,"3207,5",,,РО,,Мужской,,,,,,,,,,Грант 22-23,,,,,,,,Математика,География,,Мастер (Master),,,,,,,,,,,,,,,,"0",,,,,,,Еламан Бауыржанулы,,Основной,,,,,,,
25083,102,,"26760925",,,,,,"15",,,"2521",,,,,,,,,,,,Вечер,"17:20",,,,,,,,,"2023-05-29T00:00:00",,"2023-05-01T00:00:00","2023-05-30T00:00:00",,"10",,,,пробелы по мат и ист,,,,"060417551085",,,,,,,"11",,,,,,,,,,,,,"2521",,,КО,,Мужской,,,,,,,,,,Грант 22-23,,,,,,,,Английский язык,Всемирная история,,Мастер (Master),,,,,,,,,,,,,,,,"0",,,,,,,Нурбек Талгатулы,,Основной,,,,,,,
25093,102,,"26766495",,,,,,"174",,,"2729",,,,,,,,,,,,Обед,"14:00",,,,,,,,,"2023-06-11T00:00:00",,"2022-12-05T00:00:00","2023-05-05T00:00:00",,"5",,,,"Ребенок еще не писал тест, но точно будет выбирать географию+математику",,,,"060612651001",,,,,,,"11",,,,,,,,,,,,,"2728,75",,,КО,,Женский,,,,,,,,,,Не поступил,,,,,,,,Английский язык,География,,Мастер (Master),,,,,,,,,,,,,,,,Дозвон,,,,,,,Дарын Жасуланович,,Основной,,,,,,,
25129,102,,"26993329",,,,,,"178",,,,,,,,,,,,,,,Вечер,"17:20",,,,,,,,,"2023-06-07T00:00:00",,"2022-12-05T00:00:00","2023-06-07T00:00:00",,"1",,,,"хим био, Ардак Каржаубайулы одноклассница посоветовала нас и учится тоже тут",,,,"050916601422",,,,,,,"11",,,,,,,,,,,,,"6073",,,КО,,Женский,,,,,,,,,,Грант 22-23,,,,,,,,Химия,Биология,,Грандмастер (Grandmaster),,,,,,,,,,,,,,,,Дозвон,,,,,,,Никто,,Основной,,"6073",,,,,Русский
25162,102,,,,,,,,"181",,,,,,,,,,,,,,,Вечер,"17:20",,,,,,,,,"2023-06-30T00:00:00",,"2023-04-03T00:00:00","2023-07-03T00:00:00",,"3",,,,,,,,"051117501475",,,,,,,"11",,,,,,,"3577",,,,,,"6064",,,КО,,Мужской,,,,,,,,,,Грант 22-23,,,,,,,,Математика,Физика,,Грандмастер (Grandmaster),,,,,,,,,,,,,,,,"0",,,,,,,Жасулан Таубалдыулы,"2487",Основной,,,,,,,Казахский
25212,102,,"26943897",,,,,,"56",,,,,,,,,,,,,,,Вечер,"17:20",,,,,,,,,"2023-06-14T00:00:00",,"2022-12-12T00:00:00","2023-06-19T00:00:00",,"9",,,,,,,,"050207500671",,,,,,,"11",,,,,,,"7472",,,,,,"7472",,,РО,,Мужской,,,,,,,,,,Грант 22-23,,,,,,,,Математика,Информатика,,Грандмастер (Grandmaster),,,,,,,,,,,,,,,,"0",,,,,,,Никто,,Основной,,,,,,,Русский
25215,102,,"26835685",,,,,,"28",,,,,,,,,,,,,,,Вечер,"17:20",,,,,,,,,"2023-05-18T00:00:00",,"2022-12-12T00:00:00","2023-05-29T00:00:00",,"4",,,,-,,,,"060415600531",,,,,,,"11",,,,,,,"5640",,,,,,"5640",,,РО,,Женский,,,,,,,,,,Грант 22-23,,,,,,,,Математика,География,,Грандмастер (Grandmaster),,,,,,,,,,,,,,,,"0",,,,,,,Томирис Султанкызы,,Основной,,,,,,,
25221,102,,"26838817",,,,,,РФМШ,,,,,,,,,,,,,,,Вечер,"17:20",,,,,,,,,"2023-05-14T00:00:00",,"2022-12-12T00:00:00","2023-06-07T00:00:00",,"9",,,,"Омирбек Алтынай - написала тест по математике за 8 и 10 классы - 10 из 10, история хромает",,,,"060414601435",,,,,,,"11",,,,,,,"4998",,,,,,"4997,5",,,КО,,Женский,,,,,,,,,,Грант 22-23,,,,,,,,Математика,Информатика,,Грандмастер (Grandmaster),,,,,,,,,,,,,,,,"0",,,,,,,Томирис Султанкызы,,Основной,,,,,,,
25228,102,,"26843219",,,,,,"126",,,,,,,,,,,,,,,Обед,"14:00",,,,,,,,,"2023-04-19T00:00:00",,"2022-12-12T00:00:00","2023-06-01T00:00:00",,"6",,,,"алтын белги; нужно заинтересовать, ходили на другие курсы, но резульатата не было; нужен сильный преподаватель по информатике!",,,,"060421600782",,,,,,,"11",,,,,,,"6262",,,,,,"6262",,,КО,,Женский,,,,,,,,,,Грант 22-23,,,,,,,,Математика,Информатика,,Грандмастер (Grandmaster),,,,,,,,,,,,,,,,"0",,,,,,,Томирис Султанкызы,,Основной,,,,,,,
25258,102,,"26868303",,,,,,"174",,,,,,,,,,,,,,,Обед,"14:00",,,,,,,,,"2023-05-21T00:00:00",,"2022-12-19T00:00:00","2023-05-10T00:00:00",,"8",,,,,,,,"050420600874",,,,,,,"11",,,,,,,,,,,,,"5699",,,КО,,Женский,,,,,,,,,,Грант 22-23,,,,,,,,Химия,Биология,,Грандмастер (Grandmaster),,,,,,,,,,,,,,,,Дозвон,,,,,,,Нурбек Талгатулы,,Основной,,"5699",,,,,Казахский
25265,102,,"26863607",,,,,,"109",,,"3339",,,,,,,,,,,,Вечер,"17:20",,,,,,,,,,,"2022-12-19T00:00:00","2023-03-30T00:00:00",,"10",,,,"нужно помочь в адаптации! переживает, что поздно пришла. возможно попросит материал дополнительный",,,,"051103600902",,,,,,,"11",,,,,,,,,,,,,"3339",,,КО,,Женский,,,,,,,,,,Грант 22-23,,,,,,,,Английский язык,География,,Мастер (Master),,,,,,,,,,,,,,,,"0",,,,,,,,,Основной,,,,,,,
25271,102,,"26866915",,,,,,,,,,,,,,,,,,,,,Обед,"14:00",,,,,,,,,,,"2022-12-19T00:00:00","2022-12-20T00:00:00",,"7",,,,,,,,"050523500997",,,,,,,"11",,,,,,,"571",,,,,,"1218",,,РО,,Мужской,,,,,,,,,,Грант 22-23,,,,,,,,Математика,Физика,,Новобранец (Recruit),,,,,,,,,,,,,,,,"0",,,,,,,,"370",,,,,,,,
25284,102,,"26916041",,,,,,Российская школа 1,,,,,,,,,,,,,,,Обед,"14:00",,,,,,,,,,,"2023-01-09T00:00:00","2023-03-13T00:00:00",,"4",,,,"учится в сельской школе, физмат выбрал, пробелов достаточно, хотим набрать 80, свободного времени достаточно, учиться будем",,,,"051104500634",,,,,,,"11",,,,,,,"2599",,,,,,"5247",,,РО,,Мужской,,,,,,,,,,Грант 22-23,,,,,,,,Математика,Физика,,Грандмастер (Grandmaster),,,,,,,,,,,,,,,,Ватсап,,,,,,,,"2648",Основной,,,,,,,Русский
25288,102,,"26889089",,,,,,"157",,,,,,,,,,,,,,,Обед,"14:00",,,,,,,,,"2023-05-21T00:00:00",,"2022-12-19T00:00:00","2023-05-30T00:00:00",,"9",,,,мат инфо,,,,"061021500467",,,,,,,"11",,,,,,,"4961",,,,,,"4961",,,КО,,Мужской,,,,,,,,,,Грант 22-23,,,,,,,,Математика,Информатика,,Грандмастер (Grandmaster),,,,,,,,,,,,,,,,"0",,,,,,,Жасулан Таубалдыулы,,Основной,,,,,,,Казахский
25306,102,,"26890025",,,,,,"156",,,,,,,,,,,,,,,Обед,"14:00",,,,,,,,,"2023-05-28T00:00:00",,"2022-12-26T00:00:00","2023-07-03T00:00:00",,"4",,,,слабенький,,,,"060826501318",,,,,,,"11",,,,,,,"5265",,,,,,"5265",,,КО,,Мужской,,,,,,,,,,Грант 22-23,,,,,,,,Математика,Информатика,,Грандмастер (Grandmaster),,,,,,,,,,,,,,,,"0",,,,,,,Алимов Адилет,,Основной,,,,,,,
25328,102,,"27034985",,,,,,"42",,,"1391",,,,,,,,,,,,Обед,"14:00",,"849",,,,,,,"2023-04-25T00:00:00",,"2023-03-28T00:00:00","2024-05-31T00:00:00",,"4",Пн-Вт-Ср-Чт-Пт,,,"мальчик очень воспитанный, есть большие пробелы, но хочет учиться",,"23-24",,"070305500261",,,,,,,"11",,,,,,,"9078",,,,,,"13201,5",,,КО,,Мужской,,,,,,,,,,Грант 23-24,,,,,,,,Математика,Информатика,,Мегамозг (Megamind),,,,,,,,,,,,,,,,"0",,,,,,,Томирис Султанкызы,"1884",Основной,,,,,,,Казахский
25341,102,,"26914151",,,,,,"92",,,,,,,,,,,,,,,Вечер,"17:20",,,,,,,,,"2023-06-13T00:00:00",,"2023-01-09T00:00:00","2023-06-16T00:00:00",,"3",,,,КБТУ,,,,"050829601043",,,,,,,"11",,,,,,,"5018",,,,,,"5018",,,КО,,Женский,,,,,,,,,,Грант 22-23,,,,,,,,Математика,Информатика,,Грандмастер (Grandmaster),,,,,,,,,,,,,,,,Дозвон,,,,,,,Никто,,Основной,,,,,,,
25343,102,,"26916231",,,,,,Колледж,,,,,,,,,,,,,,,Обед,"14:00",,,,,,,,,"2023-05-11T00:00:00",,"2023-04-14T00:00:00","2023-05-02T00:00:00",,"8",,,,"3 балла",,,,"040130501848",,,,,,,"11",,,,,,,,,,,,,"3780",,,КО,,Мужской,,,,,,,,,,Грант 22-23,,,,,,,,Химия,Биология,,Мастер (Master),,,,,,,,,,,,,,,,"0",,,,,,,Еламан Бауыржанулы,,Основной,,"3780",,,,,
25353,102,,"26919323",,,,,,"38",,,,,,,,,,,,,,,Обед,"14:00",,,,,,,,,"2023-06-11T00:00:00",,"2023-01-09T00:00:00","2023-06-08T00:00:00",,"3",,,,набирает примерно 70. инфомат,,,,"051210500745",,,,,,,"11",,,,,,,"5634",,,,,,"5634",,,РО,,Мужской,,,,,,,,,,Грант 22-23,,,,,,,,Математика,Информатика,,Грандмастер (Grandmaster),,,,,,,,,,,,,,,,Ватсап,,,,,,,Никто,,Основной,,,,,,,
25357,102,,"26920643",,,,"381279200",,"36",,,"1805",,,,,,,,,,,,Обед,"14:00",,"1186",,,,,,,"2023-07-21T00:00:00",,"2023-01-05T00:00:00","2024-04-04T00:00:00",,"1",Вт-Чт-Сб,,,"алгебра немного шарит, физика плохо, учатся здесь одноклассники, к ним в группы не добавлять желательно. учится будет, главное поддерживать ее, обязательно передайте тренеру чтоб не кричали на нее, у нее пропадет желание.",,"23-24",,"070609601744",,,,,,,"11",,,,,,,"7138",,,,,,"12925",,,КО,,Женский,,,,,,,,,,Грант 23-24,,,,,,,,Математика,Физика,,Мегамозг (Megamind),,,,,,,,,,,,,,,,"0",,,,,,,Никто,"2796",Основной,,,,,,,
25401,102,,"26984627",,,,,,"13",,,,,,,,,,,,,,,Вечер,"17:20",,,,,,,,,"2023-06-11T00:00:00",,"2023-01-09T00:00:00","2024-09-13T00:00:00",,"1",,,,учился в жасулане до этого,,,,"060215501863",,,,,,,"11",,,,,,,"4321",,,,,,"4321",,,КО,,Мужской,,,,,,,,,,Грант 22-23,,,,,,,,Математика,Информатика,,Мастер (Master),,,,,,,,,,,,,,,,Дозвон,,,,,,,Никто,,Основной,,,,,,,Казахский
25419,102,,"26937469",,,,,,"83",,,,,,,,,,,,,,,Вечер,"17:20",,,,,,,,,"2023-06-18T00:00:00",,"2023-01-16T00:00:00","2023-06-15T00:00:00",,"10",,,,слабая,,,,"060409601001",,,,,,,"11",,,,,,,,,,,,,"0",,,КО,,Женский,,,,,,,,,,Не поступил,,,,,,,,География,Биология,,Новобранец (Recruit),,,,,,,,,,,,,,,,"0",,,,,,,Алимов Адилет,,Основной,,,,,,,
25427,102,,"26937839",,,,,,"140",,,,,,,,,,,,,,,Обед,"14:00",,,,,,,,,,,"2023-01-16T00:00:00","2023-02-01T00:00:00",,"3",,,,"нужно отправить в сильную группу, ушли с другого центра из за слабых учеников",,,,"061109601608",,,,,,,"11",,,,,,,"1103",,,,,,"3099",,,КО,,Женский,,,,,,,,,,Грант 22-23,,,,,,,,Математика,Информатика,,Мастер (Master),,,,,,,,,,,,,,,,"0",,,,,,,Никто,,Основной,,,,,,,
25433,102,,"26938055",,,,,,"182",,,,,,,,,,,,,,,Вечер,"17:20",,,,,,,,,"2023-06-11T00:00:00",,"2023-01-09T00:00:00","2023-06-13T00:00:00",,"2",,,,матем инфо,,,,"051117501782",,,,,,,"11",,,,,,,"6810",,,,,,"6810",,,КО,,Мужской,,,,,,,,,,Грант 22-23,,,,,,,,Математика,Информатика,,Грандмастер (Grandmaster),,,,,,,,,,,,,,,,"0",,,,,,,Жандос Усенулы,,Основной,,,,,,,
25456,102,,"26943391",,,,,,"146",,,,,,,,,,,,,,,Вечер,"17:20",,,,,,,,,"2023-05-18T00:00:00",,"2023-04-20T00:00:00","2023-06-12T00:00:00",,"9",,,,Тартипти тиянактылыкты жаксы кореди,,,,"051008500276",,,,,,,"11",,,,,,,"5277",,,,,,"5277",,,КО,,Мужской,,,,,,,,,,Грант 22-23,,,,,,,,Математика,Информатика,,Грандмастер (Grandmaster),,,,,,,,,,,,,,,,Дозвон,,,,,,,Нурбек Талгатулы,,Основной,,,,,,,
25502,102,,"26951985",,,,,,"169",,,,,,,,,,,,,,,Вечер,"17:20",,,,,,,,,"2023-05-18T00:00:00",,"2023-03-16T00:00:00","2023-06-01T00:00:00",,"1",,,,Былмим,,,,"060729601260",,,,,,,"11",,,,,,,,,,,,,"5231",,,КО,,Женский,,,,,,,,,,Грант 22-23,,,,,,,,Химия,Биология,,Грандмастер (Grandmaster),,,,,,,,,,,,,,,,Дозвон,,,,,,,Жандос Усенулы,,Основной,,"5231",,,,,
25490,102,,"26950495",,,,,,"174",,,,,,,,,,,,,,,Вечер,"17:20",,,,,,,,,,,"2023-01-16T00:00:00","2023-04-20T00:00:00",,"2",,,,слабый,,,,"050711601170",,,,,,,"11",,,,,,,"3091",,,,,,"3091",,,КО,,Женский,,,,,,,,,,Грант 22-23,,,,,,,,Математика,География,,Мастер (Master),,,,,,,,,,,,,,,,Дозвон,,,,,,,Никто,,Основной,,,,,,,
25499,102,,"26950837",,,,,,"145",,,,,,,,,,,,,,,Обед,"14:00",,,,,,,,,,,"2023-01-16T00:00:00","2023-03-16T00:00:00",,"3",,,,-,,,,"060418601358",,,,,,,"11",,,,,,,,,,,,,"1949,25",,,КО,,Женский,,,,,,,,,,Грант 22-23,,,,,,,,Химия,Биология,,Мастер (Master),,,,,,,,,,,,,,,,Дозвон,,,,,,,Никто,,Основной,,"1949",,,,,
25503,102,,"26951999",,,,,,"173",,,"4163",,,,,,,,,,,,Вечер,"17:20",,,,,,,,,"2023-04-24T00:00:00",,"2023-03-20T00:00:00","2023-06-07T00:00:00",,"3",,,,"5/15 матем",,,,"060530601367",,,,,,,"11",,,,,,,,,,,,,"4163",,,КО,,Женский,,,,,,,,,,Грант 22-23,,,,,,,,Английский язык,География,,Мастер (Master),,,,,,,,,,,,,,,,"0",,,,,,,Никто,,Основной,,,,,,,Казахский
25507,102,,"26952203",,,,,,"32",,,,,,,,,,,,,,,Обед,"14:00",,,,,,,,,"2023-04-15T00:00:00",,"2023-03-16T00:00:00","2023-05-29T00:00:00",,"1",,,,История,,,,"060102550044",,,,,,,"11",,,,,,,"5649",,,,,,"5649",,,РО,,Мужской,,,,,,,,,,Грант 22-23,,,,,,,,Математика,Информатика,,Грандмастер (Grandmaster),,,,,,,,,,,,,,,,Дозвон,,,,,,,Никто,,Основной,,,,,,,
25510,102,,"26952447",,,,,,"55",,,,,,,,,,,,,,,Обед,"14:00",,,,,,,,,"2023-04-16T00:00:00",,"2023-03-17T00:00:00","2023-05-24T00:00:00",,"10",,,,"учились в другом центре, не было результатов",,,,"050209551528",,,,,,,"11",,,,,,,"5457",,,,,,"5457",,,РО,,Мужской,,,,,,,,,,Грант 22-23,,,,,,,,Математика,Информатика,,Грандмастер (Grandmaster),,,,,,,,,,,,,,,,"0",,,,,,,Жасулан Таубалдыулы,,Основной,,,,,,,
25513,102,,"28925495",,,,"358146583",,"207",,,"1607",,,,,,,,,,,,Обед,"14:00",,"1110",,,,,,,"2023-04-27T00:00:00",,"2023-03-27T00:00:00","2024-05-31T00:00:00",,"1",Пн-Вт-Ср-Чт-Пт,,,"8/10 матем и 1/7 физика",Да,"23-24",,"061105500740",,,,,,,"11",,,,,,,"16258",,,,,,"29023",,,КО,,Мужской,,,,,,,,,,Грант 23-24,,,,,,,,Математика,География,,Легенда I (Legend I),,,,,,,,,,,,,,,,"0",,,,,,,Жандос Усенулы,"10048",Основной,,,,,,,
25553,102,,,,,,,,КТЛ,,,,,,,,,,,,,,,Обед,"14:00",,,,,,,,,"2023-05-24T00:00:00",,"2023-01-23T00:00:00","2023-06-16T00:00:00",,"2",,,,"Подготовка к ЕНТ, физика киындык бар",,,,"050602501538",,,,,,,"11",,,,,,,"5620",,,,,,"11447",,,КО,,Мужской,,,,,,,,,,Грант 22-23,,,,,,,,Математика,Физика,,Профессор (Professor),,,,,,,,,,,,,,,,Дозвон,,,,,,,Томирис Султанкызы,"5827",Основной,,,,,,,
25555,102,,"26964739",,,,,,КТЛ,,,,,,,,,,,,,,,Обед,"14:00",,,,,,,,,"2023-05-27T00:00:00",,"2023-01-23T00:00:00","2023-06-01T00:00:00",,"7",,,,"по пробному набрал 125, нужно пушить каз историю и физику. Боится, что может интерес быстро пропасть",,,,"051020501408",,,,,,,"11",,,,,,,"6030",,,,,,"12249",,,РО,,Мужской,,,,,,,,,,Грант 22-23,,,,,,,,Математика,Физика,,Мегамозг (Megamind),,,,,,,,,,,,,,,,"0",,,,,,,Никто,"6219",Основной,,,,,,,
25600,102,,"26977101",,,,,,"163",,,,,,,,,,,,,,,Обед,"14:00",,,,,,,,,"2023-05-27T00:00:00",,"2023-01-23T00:00:00","2023-06-06T00:00:00",,"5",,,,тарих киналады,,,,"050618501337",,,,,,,"11",,,,,,,"6177",,,,,,"6176,5",,,КО,,Мужской,,,,,,,,,,Грант 22-23,,,,,,,,Математика,Информатика,,Грандмастер (Grandmaster),,,,,,,,,,,,,,,,"0",,,,,,,Жандос Усенулы,,Основной,,,,,,,
25602,102,,"26979799",,,,,,"192",,,,,,,,,,,,,,,Обед,"14:00",,,,,,,,,"2023-05-25T00:00:00",,"2023-01-23T00:00:00","2023-05-23T00:00:00",,"9",,,,топ,,,,"061206501639",,,,,,,"11",,,,,,,,,,,,,"4951",,,КО,,Мужской,,,,,,,,,,Грант 22-23,,,,,,,,Химия,Биология,,Грандмастер (Grandmaster),,,,,,,,,,,,,,,,"0",,,,,,,Алимов Адилет,,Основной,,"4951",,,,,
25619,102,,"26985259",,,,,,"145",,,,,,,,,,,,,,,Обед,"14:00",,,,,,,,,"2023-05-24T00:00:00",,"2023-01-23T00:00:00","2023-05-31T00:00:00",,"8",,,,"большие пробелы, матем тарих проблемам бар дид",,,,"060105501657",,,,,,,"11",,,,,,,"4474",,,,,,"4473,5",,,КО,,Мужской,,,,,,,,,,Грант 22-23,,,,,,,,Математика,Информатика,,Мастер (Master),,,,,,,,,,,,,,,,"0",,,,,,,Томирис Султанкызы,,Основной,,,,,,,
25651,102,,"27130571",,,,,,"38",,,,,,,,,,,,,,,Обед,"14:00",,,,,,,,,,,"2023-01-30T00:00:00","2023-04-10T00:00:00",,"3",,,,"физ мат, набирает 95+",,,,"050805601706",,,,,,,"11",,,,,,,"2308",,,,,,"4694",,,РО,,Женский,,,,,,,,,,Грант 22-23,,,,,,,,Математика,Физика,,Грандмастер (Grandmaster),,,,,,,,,,,,,,,,"0",,,,,,,,"2386",Основной,,,,,,,Русский
25668,102,,"27006389",,,,,,"184",,,,,,,,,,,,,,,Вечер,"17:20",,,,,,,,,"2023-06-01T00:00:00",,"2023-01-30T00:00:00","2023-04-28T00:00:00",,"3",,,,"трудности с обязательными предметами; занимались в другом центре, но результата не было; цель: набирать 100+; хотят, чтобы ментор был на связи",,,,"050702602090",,,,,,,"11",,,,,,,,,,,,,"0",,,КО,,Женский,,,,,,,,,,Грант 22-23,,,,,,,,География,Биология,,Новобранец (Recruit),,,,,,,,,,,,,,,,Дозвон,,,,,,,Томирис Султанкызы,,Основной,,,,,,,Казахский
25720,102,,"27022003",,,,,,"22",,,,,,,,,,,,,,,Вечер,"17:20",,,,,,,,,"2023-05-05T00:00:00",,"2023-04-07T00:00:00","2023-06-01T00:00:00",,"4",,,,"био гео, хочет на грант. Спец - экологическая среда",,,,"060524602035",,,,,,,"11",,,,,,,,,,,,,"0",,,РО,,Женский,,,,,,,,,,Грант 22-23,,,,,,,,География,Биология,,Новобранец (Recruit),,,,,,,,,,,,,,,,Дозвон,,,,,,,Томирис Султанкызы,,Основной,,,,,,,Русский
25727,102,,,,,,,,"22",,,,,,,,,,,,,,,Вечер,"17:20",,,,,,,,,"2023-06-08T00:00:00",,"2023-02-06T00:00:00","2023-06-01T00:00:00",,"7",,,,"гео био, хочет на грант. Связываться только по вопросам которые нужно обязательно знать родителю и если что то случилось. В остальном Анеля сама ответственна",,,,"050510601435",,,,,,,"11",,,,,,,,,,,,,"0",,,РО,,Мужской,,,,,,,,,,Грант 22-23,,,,,,,,География,Биология,,Новобранец (Recruit),,,,,,,,,,,,,,,,"0",,,,,,,Никто,,Основной,,,,,,,
25737,102,,"27030087",,,,,,"1",,,,,,,,,,,,,,,Вечер,"17:20",,,,,,,,,,,"2023-02-06T00:00:00","2023-06-19T00:00:00",,"4",,,,"год не учился, на пробном 50 набрал",,,,"050322500092",,,,,,,"11",,,,,,,"5109",,,,,,"5108,5",,,КО,,Мужской,,,,,,,,,,Грант 22-23,,,,,,,,Математика,География,,Грандмастер (Grandmaster),,,,,,,,,,,,,,,,"0",,,,,,,Никто,,Основной,,,,,,,
25784,102,,"27179539",,,,,,с. Коксай ср.шк. имени М.Маметова,,,,,,,,,,,,,,,Вечер,"17:20",,,,,,,,,"2023-04-06T00:00:00",,"2023-03-07T00:00:00","2023-06-14T00:00:00",,"5",,,,мат инфо,,,,"051224000070",,,,,,,"11",,,,,,,"5232",,,,,,"5231,5",,,РО,,Мужской,,,,,,,,,,Грант 22-23,,,,,,,,Математика,Информатика,,Грандмастер (Grandmaster),,,,,,,,,,,,,,,,"0",,,,,,,Жасулан Таубалдыулы,,Основной,,,,,,,Русский
25794,102,,"27046467",,,,"364950300",,"1",,,"1366",,,,,,,,,,,,Вечер,"17:20",,"452",,,,,,,"2023-06-17T00:00:00",,"2023-02-16T00:00:00","2024-05-10T00:00:00",,"10",Пн-Вт-Ср-Чт-Пт,,,"имеются пробелы, но мальчик очень хороший и воспитанный, сам хочет учиться",,"23-24",,"070419501903",,,,,,,"11",,,,,,,"8370",,,,,,"11735",,,КО,,Мужской,,,,,,,,,,Грант 23-24,,,,,,,,Математика,Информатика,,Профессор (Professor),,,,,,,,,,,,,,,,Дозвон,,,,,,,Томирис Султанкызы,"1547",Основной,,,,,,,
25798,102,,"27130537",,,,,,"205",,,"2477",,,,,,,,,,,,Вечер,"17:20",,"1044",,,,,,,"2023-06-10T00:00:00",,"2023-02-09T00:00:00","2024-06-17T00:00:00",,"12",Пн-Вт-Ср-Чт-Пт,,,"надо подтянуть по тестам, ранее учились у нас",,"23-24",,"070625501517",,,,,,,"11",,,,,,,"3890",,,,,,"10180",,,КО,,Мужской,,,,,,,,,,Грант 23-24,,,,,,,,Математика,Физика,,Профессор (Professor),,,,,,,,,,,,,,,,Дозвон,,,,,,,Томирис Султанкызы,"2769",Основной,,,,,,,
25855,102,,"27096409",,,,,,"131",,,,,,,,,,,,,,,Вечер,"17:20",,,,,,,,,,,"2023-02-20T00:00:00","2023-03-29T00:00:00",,"7",,,,,,,,"050713500028",,,,,,,"11",,,,,,,"450",,,,,,"955,5",,,РО,,Мужской,,,,,,,,,,Грант 22-23,,,,,,,,Математика,Физика,,Новобранец (Recruit),,,,,,,,,,,,,,,,"0",,,,,,,,"506",Основной,,,,,,,Русский
25856,102,,"27079535",,,,,,Нет школы,,,,,,,,,,,,,,,Обед,"14:00",,,,,,,,,"2023-05-25T00:00:00",,"2023-02-20T00:00:00","2023-06-01T00:00:00",,"9",Вт-Чт-Сб,,,,,,,"050505501164",,,,,,,"11",,,,,,,,,,,,,"0",,,КО,,Мужской,,,,,,,,,,Не поступил,,,,,,,,ЧОП,Всемирная история,,Новобранец (Recruit),,,,,,,,,,,,,,,,"0",,,,,,,Нурбек Талгатулы,,Основной,,,,,,,Казахский
25862,102,,"27085491",,,,,,Общеобразовательная школа 7,,,,,,,,,,,,,,,Обед,"14:00",,,,,,,,,"2023-05-22T00:00:00",,"2023-02-20T00:00:00","2023-05-24T00:00:00",,"7",,,,"набирает 90 примерно, хотят 115+, учится хотят",,,,"060330601825",,,,,,,"11",,,,,,,"4323",,,,,,"4323",,,РО,,Мужской,,,,,,,,,,Грант 22-23,,,,,,,,Математика,География,,Мастер (Master),,,,,,,,,,,,,,,,Дозвон,,,,,,,Жандос Усенулы,,Основной,,,,,,,
25863,102,,"27085563",,,,,,"8",,,,,,,,,,,,,,,Обед,"14:00",,,,,,,,,"2023-04-07T00:00:00",,"2023-02-20T00:00:00","2023-05-30T00:00:00",,"6",,,,"хочет поступить в АГА, на пилота, набирает 40, цель 85",,,,"050610500701",,,,,,,"11",,,,,,,"1930",,,,,,"3670",,,РО,,Мужской,,,,,,,,,,Грант 22-23,,,,,,,,Математика,Физика,,Мастер (Master),,,,,,,,,,,,,,,,"0",,,,,,,Томирис Султанкызы,"1740",Основной,,,,,,,
25878,102,,"27095969",,,,,,"22",,,,,,,,,,,,,,,Вечер,"17:20",,,,,,,,,"2023-04-21T00:00:00",,"2023-03-24T00:00:00","2023-05-26T00:00:00",,"5",,,,трудности с историей,,,,"050719501643",,,,,,,"11",,,,,,,"4072",,,,,,"4072",,,РО,,Мужской,,,,,,,,,,Грант 22-23,,,,,,,,Математика,Информатика,,Мастер (Master),,,,,,,,,,,,,,,,Дозвон,,,,,,,Томирис Султанкызы,,Основной,,,,,,,Русский
25893,102,,"28129823",,,,,,"111",,,"2321",,,,,,,,,,,,Вечер,"17:20",,"345",,,,,,"2024-04-12T00:00:00","2023-05-26T00:00:00",,"2023-02-22T00:00:00","2024-06-17T00:00:00",,"13",,,,"хотят подтянуть физику с математикой, физика оч слабо. математика 5 из 10.",,"23-24",,"070607501529",,,,,,,"11",,,,,,,"14886",,,,,,"31142",,"13",РО,,Мужской,,,,,,,,,,Грант 23-24,,,,,,,,Математика,Физика,,Легенда I (Legend I),,,,,,,,,,,,,,,,Дозвон,,,,,,,Томирис Султанкызы,"13590",Основной,,,,,,,
25967,102,,"27949953",,,,,,РФМШ,,,,,,,,,,,,,,,Вечер,"17:20",,,,,,,,,"2023-06-08T00:00:00",,"2023-03-06T00:00:00","2023-06-14T00:00:00",,"6",Вт-Чт-Сб,,,,,,,"060514601062",,,,,,,"11",,,,,,,"3803",,,,,,"3802,5",,,КО,,Женский,,,,,,,,,,Грант 22-23,,,,,,,,Математика,Информатика,,Мастер (Master),,,,,,,,,,,,,,,,Дозвон,,,,,,,Жандос Усенулы,,Основной,,,,,,,Казахский
26029,102,,"27181759",,,,,,"159",,,,,,,,,,,,,,,Вечер,"17:20",,,,,,,,,"2023-05-20T00:00:00",,"2023-03-20T00:00:00","2023-05-22T00:00:00",,"3",Вт-Чт-Сб,,,"операция была, поэтому до этого не могла подойти, занималась в юстади с октября по февраль, подтянулась по всему кроме биологии",,,,"060626601577",,,,,,,"11",,,,,,,,,,,,,"0",,,КО,,Женский,,,,,,,,,,Грант 22-23,,,,,,,,География,Биология,,Новобранец (Recruit),,,,,,,,,,,,,,,,"0",,,,,,,Никто,,Основной,,,,,,,Казахский
26077,102,,"27210435",,,,,,"135",,,,,,,,,,,,,,,Обед,"14:00",,,,,,,,,"2023-05-04T00:00:00",,"2023-03-27T00:00:00","2023-05-16T00:00:00",,"3",,,,есть пробелы по истории и мат.грам,,,,"050717601649",,,,,,,"11",,,,,,,"904",,,,,,"903,5",,,РО,,Мужской,,,,,,,,,,Грант 22-23,,,,,,,,Математика,География,,Новобранец (Recruit),,,,,,,,,,,,,,,,"0",,,,,,,Никто,,Основной,,,,,,,
26111,102,,"29013489",,,,"362455614",,"6",,,"3099",,,,,,,,,,,,Вечер,"17:20",,"678",,,,,,,"2023-05-01T00:00:00",,"2023-03-29T00:00:00","2024-06-06T00:00:00",,"10",Пн-Вт-Ср-Чт-Пт,,,,,"23-24",,"060917501473",,,,,,,"11",,,,,,,"14660",,,,,,"20346",,,РО,,Мужской,,,,,,,,,,Грант 23-24,,,,,,,,Математика,Информатика,,Босс (AIBoss),,,,,,,,,,,,,,,,"0",,,,,,,Томирис Султанкызы,"1909",Основной,,,,,,,
26121,102,,"27612309",,,,,,"149",,,,,,,,,,,,,,,Обед,"14:00",,,,,,,,,"2023-06-03T00:00:00",,"2023-04-03T00:00:00","2023-07-03T00:00:00",,"3",,,,"занимался в онлайне 1 мес до этого, сдали ент 26 марта набрали 64 по мат инф, сказал что максимум поможем поднять балл, ист 2/15, матем 6/15, сказал что группы не подходят, но хотят именно у нас учиться, сказал что это на ваш страх и риск",,,,"0608831500051",,,,,,,"11",,,,,,,"2231",,,,,,"2231",,,КО,,Мужской,,,,,,,,,,Грант 22-23,,,,,,,,Математика,Информатика,,Мастер (Master),,,,,,,,,,,,,,,,"0",,,,,,,Жандос Усенулы,,Основной,,,,,,,
26136,102,,"27618901",,,,,,с.Отар 41 школа имени Кенена Азербаева,,,,,,,,,,,,,,,Вечер,"17:20",,,,,,,,,"2023-05-03T00:00:00",,"2023-04-03T00:00:00","2023-04-28T00:00:00",,"5",,,,"учится в 41 школе в Таразе, учатся ее друзья тут, Койшубай Анеля, и Нурдаулет 11КО фамилию не помню",,,,"051007601631",,,,,,,"11",,,,,,,"998",,,,,,"2336,5",,,РО,,Женский,,,,,,,,,,Грант 22-23,,,,,,,,Математика,Физика,,Мастер (Master),,,,,,,,,,,,,,,,Дозвон,,,,,,,Никто,"1339",Основной,,,,,,,
26191,102,,"27636569",,,,,,"125",,,,,,,,,,,,,,,Вечер,"17:20",,,,,,,,,"2023-06-10T00:00:00",,"2023-04-10T00:00:00","2023-06-12T00:00:00",,"10",,,,по информатике,,,,"061001501466",,,,,,,"11",,,,,,,"2251",,,,,,"2250,5",,,РО,,Мужской,,,,,,,,,,Грант 22-23,,,,,,,,Математика,Информатика,,Мастер (Master),,,,,,,,,,,,,,,,"0",,,,,,,Никто,,Основной,,,,,,,
26195,102,,"27637469",,,,"358146578",,"106",,,,,,,,,,,,,,,Вечер,"17:20",,,,,,,,,"2024-05-01T00:00:00",,"2023-08-01T00:00:00","2024-05-23T00:00:00",,"3",,,,норм,Да,"23-24",,"061011601477",,,,,,,"11",,,,,,,,,,,,,"13843,5",,"38",КО,,Женский,,,,,,,,,,Грант 23-24,,,,,,,,Химия,Биология,,Мегамозг (Megamind),,,,,,,,,,,,,,,,"0",,,,,,,Никто,,Основной,,"13844",,,,,
26217,102,,,,,,,,"41",,,,,,,,,,,,,,,Обед,"14:00",,,,,,,,,"2023-05-10T00:00:00",,"2023-04-10T00:00:00","2023-05-10T00:00:00",,"9",Пн-Ср-Пт,,,матграм 8 из 15/ история 2 из 15/ ребенок с Отара/ одноклассницы здесь обучаются/ со школы на 1 месяц только отпустили/ ОС давать сестре Мадине,,,,"051222500705",,,,,,,"11",,,,,,,"1590",,,,,,"1590",,,РО,,Мужской,,,,,,,,,,Грант 22-23,,,,,,,,Математика,Информатика,,Мастер (Master),,,,,,,,,,,,,,,,"0",,,,,,,Никто,,Основной,,,,,,,Русский
26233,102,,"28298605",,,,"358146589",,"149",,,"517",,,,,,,,,,,,Вечер,"17:20",,"261",,,,,,"2024-04-12T00:00:00","2023-05-11T00:00:00",,"2023-04-13T00:00:00","2024-06-04T00:00:00",,"12",Вт-Чт-Сб,,,,Да,"23-24",,"070223501303",,,,,,,"11",,,,,,,"170",,,,,,"3756",,"0",КО,,Мужской,,,,,,,,,,Грант 23-24,,,,,,,,Химия,Биология,,Мастер (Master),,,,,,,,,,,,,,,,"0",,,,,,,Нурбек Талгатулы,"284",Основной,,"2524",,,,,Казахский
26292,102,,"27705495",,,,,,"130",,,,,,,,,,,,,,,Обед,"14:00",,,,,,,,,"2023-05-24T00:00:00",,"2023-04-24T00:00:00","2023-07-03T00:00:00",,"6",,,,Чёрный пояс по каратэ,,,,"060322550338",,,,,,,"11",,,,,,,"2132",,,,,,"2132",,,КО,,Мужской,,,,,,,,,,Грант 22-23,,,,,,,,Математика,География,,Мастер (Master),,,,,,,,,,,,,,,,"0",,,,,,,Никто,,Основной,,,,,,,
26294,102,,"27787063",,,,"362205954",,"98",,,"2570",,,,,,,,,,,,Вечер,"17:20",,"712",,,,,,"2024-05-01T00:00:00",,,"2023-04-27T00:00:00","2024-04-30T00:00:00",,"1",Вт-Чт-Сб,,,"Таңдау пәндері Физика, Математика, Тарих",,"23-24",,"061011501381",,,,,,,"11",,,,,,,"12561",,,,,,"27113",,"0",КО,,Мужской,,,,,,,,,,Грант 23-24,,,,,,,,Математика,Физика,,Босс (AIBoss),,,,,,,,,,,,,,,,"0",,,,,,,Жандос Усенулы,"11270",Основной,,,,,,,Казахский
26320,102,,"27726067",,,,,,"1",,,,,,,,,,,,,,,Обед,"14:00",,,,,,,,,"2023-06-02T00:00:00",,"2023-05-02T00:00:00","2023-05-26T00:00:00",,"10",,,,чуть ниже топчика/ полгода готовилась в 140 центре/ на прошлом ент набрала 98,,,,"050720601645",,,,,,,"11",,,,,,,,,,,,,"0",,,КО,,Женский,,,,,,,,,,Грант 22-23,,,,,,,,География,Биология,,Новобранец (Recruit),,,,,,,,,,,,,,,,Дозвон,,,,,,,Никто,,Основной,,,,,,,
26335,102,,"27732151",,,,"358146650",,"178",,,,,,,,,,,,,,,Вечер,"17:20",,,,,,,,"2024-03-30T00:00:00",,,"2023-08-01T00:00:00","2024-05-27T00:00:00",,"1",,,,топчик/ хочет в СДУ/ сам осознанно туда идет,Да,"23-24",,"070701501034",,,,,,,"11",,,,,,,"13547",,,,,,"13546,5",,"43",КО,,Мужской,,,,,,,,,,Грант 23-24,,,,,,,,Математика,Информатика,,Мегамозг (Megamind),,,,,,,,,,,,,,,,Дозвон,,,,,,,Никто,,Основной,,,,,,,
26342,102,,"27736737",,,,,,"45",,,,,,,,,,,,,,,Обед,"14:00",,,,,,,,,,,"2023-05-02T00:00:00","2023-05-29T00:00:00",,"10",,,,хим био,,,,"060718501134",,,,,,,"11",,,,,,,,,,,,,"415",,,КО,,Мужской,,,,,,,,,,Грант 22-23,,,,,,,,Химия,Биология,,Новобранец (Recruit),,,,,,,,,,,,,,,,"0",,,,,,,Никто,,Основной,,"415",,,,,
26358,102,,"27750317",,,,,,"1",,,,,,,,,,,,,,,Вечер,"17:20",,,,,,,,,,,"2023-05-02T00:00:00","2023-06-05T00:00:00",,"6",,,,"Ребенок обучается в колледже на 4 курсе. Сдает в этом году ЕНТ по 5 предметам и выбирает физ+мат комбинацию. По результатам теста уровень знаний по истории Кзахастана - низкий, по мат.граммотности - 7 из 15 баллов. Очень прилежный ученик. Начнут 2-го мая - согласовал это с Толкын, ментор - не забудьте связаться и познакомиться, отправить расписание.",,,,"040515501751",,,,,,,"11",,,,,,,"1689",,,,,,"2974",,,КО,,Мужской,,,,,,,,,,Грант 22-23,,,,,,,,Математика,Физика,,Мастер (Master),,,,,,,,,,,,,,,,"0",,,,,,,Жандос Усенулы,"1285",Основной,,,,,,,
26368,102,,"28466151",,,,"365574668",,"15",,,,,,,,,,,,,,,Обед,"14:00",,,,,,,,"2024-05-16T00:00:00",,,"2023-08-01T00:00:00","2024-06-10T00:00:00",,"6",,,,"Есть проблемы со зрением, играет на гитаре",,"23-24",,"070116502459",,,,,,,"11",,,,,,,"13570",,,,,,"26351",,"43",РО,,Мужской,,,,,,,,,,Грант 23-24,,,,,,,,Математика,Физика,,Босс (AIBoss),,,,,,,,,,,,,,,,Дозвон,,,,,,,,"12781",Основной,,,,,,,
26383,102,,"27721787",,,,"366591548",,Нет школы,,,,,,,,,,,,,,,Обед,"14:00",,,,,,,,"2024-04-30T00:00:00",,,"2023-08-01T00:00:00","2024-06-17T00:00:00",,"4",Вт-Чт-Сб,,,"пока точно не знает мат инфо ли, мб поменяет, ист каз 1/15, матем 0/15, поэтому и приходят заниматься сейчас уже",,"23-24",,"060408601412",,,,,,,"11",,,,,,,"9338",,,,,,"9847",,"44",КО,,Женский,,,,,,,,,,Грант 23-24,,,,,,,,Математика,Информатика,,Профессор (Professor),,,,,,,,,,,,,,,,Дозвон,,,,,,,,"509",Основной,,,,,,,Казахский
26385,102,,"27757715",,,,"362299696",,"35",,,"1368",,,,,,,,,,,,Обед,"14:00",,"340",,,,,,,,,"2023-05-03T00:00:00","2024-06-18T00:00:00",,"11",Пн-Ср-Пт,,,"сам пацан смышленный, тест по ист каз 3/15, мат грам 3/15",,"23-24",,"060107501921",,,,,,,"11",,,,,,,"9984",,,,,,"12432",,,РО,,Мужской,,,,,,,,,,Грант 23-24,,,,,,,,Математика,Информатика,,Мегамозг (Megamind),,,,,,,,,,,,,,,,"0",,,,,,,Жандос Усенулы,"740",Основной,,,,,,,Русский
26406,102,,"27767045",,,,"362955506",,"99",,,,,,,,,,,,,,,Обед,"14:00",,,,,,,,"2024-05-29T00:00:00",,"2024-05-28T00:00:00","2023-08-01T00:00:00","2024-06-26T00:00:00",,"11",,,,"по математике слабая, на Айти на грант хочет поступить, маме давать обратную связь, контроливать",,"23-24",,"070226651510",,,,,,,"11",,,,,,,"12991",,,,,,"12991",,"57",КО,,Женский,,,,,,,,,,Грант 23-24,,,,,,,,Математика,Информатика,,Мегамозг (Megamind),,,,,,,,,,,,,,,,"0",,,,,,,Жасулан Таубалдыулы,,Основной,,,,,,,
26463,102,,"27811931",,,,"369722974",,"141",,,,,,,,,,,,,,,Вечер,"17:20",,,,,,,,,,,"2023-08-01T00:00:00","2024-06-24T00:00:00",,"12",Вт-Чт-Сб,,,по истории слабо. мат грамотность 6/15,,"23-24",,"070327501597",,,,,,,"11",,,,,,,"5136",,,,,,"5136",,,КО,,Мужской,,,,,,,,,,Грант 23-24,,,,,,,,Математика,Информатика,,Грандмастер (Grandmaster),,,,,,,,,,,,,,,,"0",,,,,,,Жасулан Таубалдыулы,,Основной,,,,,,,Казахский
26510,102,,"27839911",,,,"363193111",,"173",,,,,,,,,,,,,,,Вечер,"17:20",,,,,,,,"2024-05-25T00:00:00",,"2024-05-24T00:00:00","2023-08-01T00:00:00","2024-05-31T00:00:00",,"13",Пн-Вт-Ср-Чт-Пт,,,способный/ открытый/ воспитанный/ общительный,Да,"23-24",,"060727501535",,,,,,,"11",,,,,,,,,,,,,"12422",,"29",КО,,Мужской,,,,,,,,,,Грант 23-24,,,,,,,,Химия,Биология,,Мегамозг (Megamind),,,,,,,,,,,,,,,,"0",,,,,,,,,Основной,,"12422",,,,,Казахский
26520,102,,"27827407",,,,"363161955",,"26",,,,,,,,,,,,,,,Вечер,"17:20",,,,,,,,,,,"2023-09-01T00:00:00","2024-05-15T00:00:00",,"15",,,,хотят поступить на фармацевта,,"23-24",,"060804601772",,,,,,,"11",,,,,,,,,,,,,"11996",,,РО,,Женский,,,,,,,,,,Грант 23-24,,,,,,,,Химия,Биология,,Профессор (Professor),,,,,,,,,,,,,,,,"0",,,,,,,Жандос Усенулы,,Основной,,"11996",,,,,Русский
26534,102,,"27859597",,,,"362297425",,"1",,,,,,,,,,,,,,,Вечер,"17:20",,,,,,,,,,,"2023-08-01T00:00:00","2024-06-14T00:00:00",,"3",,,,ТОП ТОП ТОП,,"23-24",,"061003500726",,,,,,,"11",,,,,,,"11576",,,,,,"11576",,,РО,,Мужской,,,,,,,,,,Грант 23-24,,,,,,,,Математика,Информатика,,Профессор (Professor),,,,,,,,,,,,,,,,"0",,,,,,,Томирис Султанкызы,,Основной,,,,,,,Русский
26545,102,,"27872469",,,,"362655466",,"69",,,,,,,,,,,,,,,Обед,"14:00",,,,,,,,,,,"2023-07-31T00:00:00","2024-05-23T00:00:00",,"6",,,,норм,,"23-24",,"070811553134",,,,,,,"11",,,,,,,"14106",,,,,,"14106",,,РО,,Мужской,,,,,,,,,,Грант 23-24,,,,,,,,Математика,Информатика,,Мегамозг (Megamind),,,,,,,,,,,,,,,,Дозвон,,,,,,,Нурбек Талгатулы,,Основной,,,,,,,
26579,102,,"29325205","27871057",,,"358146594",,"141",,,,,,,,,,,,,,,Обед,"14:00",,,,,,,,"2024-05-15T00:00:00",,,"2023-08-31T00:00:00","2024-05-23T00:00:00",,"14",Пн-Вт-Ср-Чт-Пт,,,Спортпен шұғылданады,Да,"23-24",,"070703500919",,,,,,,"11",,,,,,,"6930",,,,,,"6930",,"26",КО,,Мужской,,,,,,,,,,Платно 23-24,,,,,,,,Математика,География,,Грандмастер (Grandmaster),,,,,,,,,,,,,,,,"0",,,,,,,,,Основной,,,,,,,Казахский
26602,102,,"27715349",,,,"364111498",,"157",,,,,,,,,,,,,,,Обед,"14:00",,,,,,,,,,,"2023-08-01T00:00:00","2024-07-02T00:00:00",,"14",,,,"ребенок учится в Узынагаше, про нас по рекомендации узнали, учился здесь родственник, поступил на грант, будут числиться в шкоел в Узынагаше а ходить в Алмате на наши занятия",,"23-24",,"060920600379",,,,,,,"11",,,,,,,"15106",,,,,,"28656",,,РО,,Женский,,,,,,,,,,Грант 23-24,,,,,,,,Математика,Физика,,Легенда I (Legend I),,,,,,,,,,,,,,,,"0",,,,,,,,"13550",Основной,,,,,,,Русский
26688,102,,"28076337",,,,"361278691",,JOS,,,,,,,,,,,,,,,Вечер,"17:20",,,,,,,,"2024-06-04T00:00:00",,"2024-06-03T00:00:00","2023-08-01T00:00:00","2024-05-30T00:00:00",,"2",,,,"мальчик с особенностями, но все делает отлично, учится в JOS мат грам 7/15 грам чт 16/20 ист каз 7/15 матем проф 4/6",,"23-24",,"060905501983",,,,,,,"11",,,,,,,"14083",,,,,,"14083",,"57",РО,,Мужской,,,,,,,,,,Грант 23-24,,,,,,,,Математика,Информатика,,Мегамозг (Megamind),,,,,,,,,,,,,,,,"0",,,,,,,Никто,,Основной,,,,,,,Русский
26705,102,,"28076835",,,,"357806605",,"109",,,,,,,,,,,,,,,Обед,"14:00",,,,,,,,,,,"2023-08-01T00:00:00","2024-05-10T00:00:00",,"14",Вт-Чт-Сб,,,"Общительная, идет на контакт, история казахстана 10/2 правильно, грамотность чтения 20/12 правильно, мат грам 15/3 правильно, математика 5/0 правильно, физика 5/1 правильно",Да,"23-24",,"070115651804",,,,,,,"11",,,,,,,"14012",,,,,,"26766",,,КО,,Женский,,,,,,,,,,Грант 23-24,,,,,,,,Математика,Физика,,Босс (AIBoss),,,,,,,,,,,,,,,,"0",,,,,,,Никто,"12754",Основной,,,,,,,Казахский
26708,102,,"27937555",,,,,,"108",,,,,,,,,,,,,,,Обед,"14:00",,,,,,,,,,,"2023-08-01T00:00:00","2023-08-15T00:00:00",,"2",,,,"Салмақты, тұйық, найти подход и внимании, Ист каз 15/3 правильно, грам чтения 20/19 правильно, мат грам 15/10 правильно, биология и химия очень хромает слабо",,"23-24",,"060528601643",,,,,,,"11",,,,,,,,,,,,,"905",,,КО,,Мужской,,,,,,,,,,Грант 23-24,,,,,,,,Химия,Биология,,Новобранец (Recruit),,,,,,,,,,,,,,,,"0",,,,,,,Жасулан Таубалдыулы,,Основной,,"905",,,,,
26710,102,,"27938103",,,,"364128733",,"4",,,,,,,,,,,,,,,Обед,"14:00",,,,,,,,,,,"2023-08-01T00:00:00","2024-05-31T00:00:00",,"7",,,,"хим био, девочка по темпераменту спокойная хочет на стоматолога поступить, мама врач идет по ее стопам, живут в Ащыбулаке",,"23-24",,"070713601889",,,,,,,"11",,,,,,,,,,,,,"15458",,,РО,,Женский,,,,,,,,,,Грант 23-24,,,,,,,,Химия,Биология,,Мегамозг (Megamind),,,,,,,,,,,,,,,,"0",,,,,,,Томирис Султанкызы,,Основной,,"15458",,,,,
26719,102,,"27940489",,,,,,"39",,,,,,,,,,,,,,,Обед,"14:00",,,,,,,,,,,"2023-08-01T00:00:00","2023-09-20T00:00:00",,"6",,,,топчик,,"23-24",,"070615600977",,,,,,,"11",,,,,,,"2434",,,,,,"2434",,,КО,,Женский,,,,,,,,,,Грант 23-24,,,,,,,,Математика,Информатика,,Мастер (Master),,,,,,,,,,,,,,,,"0",,,,,,,Жасулан Таубалдыулы,,Основной,,,,,,,
26736,102,,"27945457",,,,"362660109",,"134",,,,,,,,,,,,,,,Вечер,"17:20",,,,,,,,,,,"2023-08-01T00:00:00","2024-05-02T00:00:00",,"10",,,,"найти подход и дать мотивацию, история казахстана 15/7 правильно, грамот чтения 20/14 правильно, мат грам 15/7 правильно,матем 5/1 правильно, физика 5/1 правильно",,"23-24",,"061018502164",,,,,,,"11",,,,,,,"8187",,,,,,"8187",,,РО,,Мужской,,,,,,,,,,Грант 23-24,,,,,,,,Математика,Информатика,,Профессор (Professor),,,,,,,,,,,,,,,,"0",,,,,,,Нурбек Талгатулы,,Основной,,,,,,,Русский
26749,102,,,,,,,,"86",,,,,,,,,,,,,,,Обед,"14:00",,,,,,,,,,,"2023-08-01T00:00:00",,,"3",,,,"девочка училась 10 кл в КО, учится в 86 школе, будет сдавать на русском и у нас учится на РО, идет на психотерапевта асфен, до этого ент сдавали по гео био думали психолог пойдут, но передумали, набирали 60-75 баллов",,"23-24",,"070125651640",,,,,,,"11",,,,,,,,,,,,,,,,РО,,Женский,,,,,,,,,,Грант 23-24,,,,,,,,Химия,Биология,,,,,,,,,,,,,,,,,,"0",,,,,,,,,Основной,,,,,,,Русский
26779,102,,"28076309",,,,"364925300",,"198",,,,,,,,,,,,,,,Обед,"14:00",,,,,,,,,,,"2023-08-01T00:00:00","2024-04-30T00:00:00",,"10",Вт-Чт-Сб,,,средний,,"23-24",,"061023601744",,,,,,,"11",,,,,,,"12699",,,,,,"13217",,,КО,,Женский,,,,,,,,,,Грант 23-24,,,,,,,,Математика,Физика,,Мегамозг (Megamind),,,,,,,,,,,,,,,,"0",,,,,,,Никто,"518",Основной,,,,,,,Казахский
26800,102,,"27966209",,,,"358146521",,"1",,,,,,,,,,,,,,,Обед,"14:00",,,,,,,,,,,"2023-09-01T00:00:00","2024-05-23T00:00:00",,"11",Пн-Вт-Ср-Чт-Пт,,,"средний уровень, профильные не точно",Да,"23-24",,"070711651557",,,,,,,"11",,,,,,,"11101",,,,,,"21185",,,КО,,Женский,,,,,,,,,,Грант 23-24,,,,,,,,Математика,Физика,,Босс (AIBoss),,,,,,,,,,,,,,,,"0",,,,,,,Томирис Султанкызы,"10084",Основной,,,,,,,
26809,102,,"27968901",,,,"358585800",,"17",,,,,,,,,,,,,,,Обед,"14:00",,,,,,,,"2024-05-30T00:00:00",,"2024-05-27T00:00:00","2023-08-01T00:00:00","2024-06-21T00:00:00",,"15",,,,,,"23-24",,"060802602036",,,,,,,"11",,,,,,,"16748",,,,,,"16748",,"57",РО,,Женский,,,,,,,,,,Грант 23-24,,,,,,,,Математика,География,,Мегамозг (Megamind),,,,,,,,,,,,,,,,Дозвон,,,,,,,Жандос Усенулы,,Основной,,,,,,,Русский
27843,102,,,,,,,,"24",,,,,,,,,,,,,,,Вечер,"17:20",,,,,,,,,,,"2023-09-01T00:00:00","2023-12-11T00:00:00",,"3",Вт-Чт-Сб,,,"По истории 0, математика и физика отличный уровень",,"23-24",,"060610500298",,,,,,,"11",,,,,,,"4990",,,,,,"9389",,,КО,,Мужской,,,,,,,,,,Грант 23-24,,,,,,,,Математика,Физика,,Профессор (Professor),,,,,,,,,,,,,,,,Дозвон,,,,,,,Никто,"4399",Основной,,,,,,,Казахский
27894,102,,"28797563",,,,"358146645",,"40",,,,,,,,,,,,,,,Обед,"14:00",,,,,,,,"2024-04-06T00:00:00",,,"2023-08-01T00:00:00","2024-05-23T00:00:00",,"1",,,,Проживает далеко и просит справку 1 августа для школы. Выбирает гео+мат. Уровень знаний средний. Мама хочет хорошую обратную связь,Да,"23-24",,"060609602592",,,,,,,"11",,,,,,,"11863",,,,,,"11863",,"1",КО,,Женский,,,,,,,,,,Грант 23-24,,,,,,,,Математика,География,,Профессор (Professor),,,,,,,,,,,,,,,,"0",,,,,,,Никто,,Основной,,,,,,,
27921,102,,"28036673",,,,"358585799",,"41",,,,,,,,,,,,,,,Обед,"14:00",,,,,,,,"2024-05-25T00:00:00",,,"2023-08-01T00:00:00","2024-05-15T00:00:00",,"14",,,,"стеснительная, хочет на специальность веб программист, дать мотивацию",Да,"23-24",,"070329601504",,,,,,,"11",,,,,,,"7181",,,,,,"7181",,"13",КО,,Женский,,,,,,,,,,Грант 23-24,,,,,,,,Математика,Информатика,,Грандмастер (Grandmaster),,,,,,,,,,,,,,,,"0",,,,,,,Томирис Султанкызы,,Основной,,,,,,,
27926,102,,"28075719",,,,"362657233",,"60",,,,,,,,,,,,,,,Вечер,"17:20",,,,,,,,,,,"2023-08-01T00:00:00","2024-06-04T00:00:00",,"12",,,,"в тесле год ходят, не нравится что часто менялись там учителя",,"23-24",,"070820653090",,,,,,,"11",,,,,,,"12225",,,,,,"12225",,,РО,,Женский,,,,,,,,,,Грант 23-24,,,,,,,,Математика,География,,Мегамозг (Megamind),,,,,,,,,,,,,,,,Дозвон,,,,,,,Жасулан Таубалдыулы,,Основной,,,,,,,Русский
27947,102,,"28045413",,,,"358146556",,"93",,,,,,,,,,,,,,,Обед,"14:00",,,,,,,,,,,"2023-08-01T00:00:00","2024-05-17T00:00:00",,"9",,,,"Хочет на веб дизайн. Если будет вопросы, к маме.",Да,"23-24",,"060302650543",,,,,,,"11",,,,,,,"13810",,,,,,"13810",,,КО,,Женский,,,,,,,,,,Грант 23-24,,,,,,,,Математика,Информатика,,Мегамозг (Megamind),,,,,,,,,,,,,,,,Дозвон,,,,,,,Жасулан Таубалдыулы,,Основной,,,,,,,
28001,102,,"28081837",,,,"362462105",,"156",,,,,,,,,,,,,,,Обед,"14:00",,,,,,,,,,,"2023-08-01T00:00:00","2024-04-30T00:00:00",,"5",,,,по математике уровень знаний слабый и по истории казахстана,,"23-24",,"061209500429",,,,,,,"11",,,,,,,"9975",,,,,,"9974,5",,,КО,,Мужской,,,,,,,,,,Грант 23-24,,,,,,,,Математика,Информатика,,Профессор (Professor),,,,,,,,,,,,,,,,"0",,,,,,,Жандос Усенулы,,Основной,,,,,,,
28004,102,,"29330253",,,,,,"39",,,,,,,,,,,,,,,Обед,"14:00",,,,,,,,,,,"2023-08-01T00:00:00","2024-06-04T00:00:00",,"11",Пн-Вт-Ср-Чт-Пт,,,пацан топ по матем но ик слабая,,"23-24",,"060808550815",,,,,,,"11",,,,,,,"13480",,,,,,"13480",,,КО,,Мужской,,,,,,,,,,Грант 23-24,,,,,,,,Математика,Информатика,,Мегамозг (Megamind),,,,,,,,,,,,,,,,"0",,,,,,,Томирис Султанкызы,,Основной,,,,,,,
28025,102,,"28089529",,,,"364923480",,"86",,,,,,,,,,,,,,,Обед,"14:00",,,,,,,,,,,"2023-08-01T00:00:00","2024-05-23T00:00:00",,"10",,,,,,"23-24",,"060713502046",,,,,,,"11",,,,,,,"8721",,,,,,"8721",,,КО,,Мужской,,,,,,,,,,Грант 23-24,,,,,,,,Математика,География,,Профессор (Professor),,,,,,,,,,,,,,,,Дозвон,,,,,,,Жасулан Таубалдыулы,,Основной,,,,,,,
28032,102,,"29407833",,,,"358146518",,"65",,,,,,,,,,,,,,,Обед,"14:00",,,,,,,,"2024-02-25T00:00:00",,,"2023-08-01T00:00:00","2024-06-28T00:00:00",,"9",,,,слабая математика,Да,"23-24",,"070709650381",,,,,,,"11",,,,,,,"13072",,,,,,"13072",,"1",КО,,Женский,,,,,,,,,,Грант 23-24,,,,,,,,Математика,Информатика,,Мегамозг (Megamind),,,,,,,,,,,,,,,,"0",,,,,,,Нурбек Талгатулы,,Основной,,,,,,,
28045,102,,"28082175",,,,"354988363",,Бобек,,,,,,,,,,,,,,,Обед,"14:00",,,,,,,,,,,"2023-08-01T00:00:00","2024-04-30T00:00:00",,"15",Пн-Ср-Пт,,,,Да,"23-24",,"061218500656",,,,,,,"11",,,,,,,"12715",,,,,,"12715",,,КО,,Мужской,,,,,,,,,,Грант 23-24,,,,,,,,Математика,Информатика,,Мегамозг (Megamind),,,,,,,,,,,,,,,,"0",,,,,,,,,Основной,,,,,,,
28047,102,,"28094755",,,,"358146512",,"67",,,,,,,,,,,,,,,Обед,"14:00",,,,,,,,,,,"2023-08-01T00:00:00","2024-05-24T00:00:00",,"14",,,,"стеснительная, но пока точно не уверена в своих профильных предметах",Да,"23-24",,"070130650045",,,,,,,"11",,,,,,,"215",,,,,,"215",,,КО,,Женский,,,,,,,,,,Грант 23-24,,,,,,,,Математика,География,,Новобранец (Recruit),,,,,,,,,,,,,,,,"0",,,,,,,Жасулан Таубалдыулы,,Основной,,,,,,,
28067,102,,"28096987",,,,"362468167",,"55",,,,,,,,,,,,,,,Вечер,"17:20",,,,,,,,,,,"2023-08-07T00:00:00","2024-06-17T00:00:00",,"1",,,,"закрытый, раскрыть его и дать мотивацию6 думали гео мат либо мат инфо",,"23-24",,"060106552082",,,,,,,"11",,,,,,,"13467",,,,,,"13467",,,РО,,Мужской,,,,,,,,,,Грант 23-24,,,,,,,,Математика,Информатика,,Мегамозг (Megamind),,,,,,,,,,,,,,,,Недозвон,,,,,,,Нурбек Талгатулы,,Основной,,,,,,,
28091,102,,"28101547",,,,"361581362",,"192",,,"285",,,,,,,,,,,,Обед,"14:00",,,,,,,,,,,"2023-08-01T00:00:00","2024-05-02T00:00:00",,"6",,,,медицина или педагог. все вопросы к маме по учебе.,,"23-24",,"061101601921",,,,,,,"11",,,,,,,,,,,,,"11073",,,РО,,Женский,,,,,,,,,,Грант 23-24,,,,,,,,Химия,Биология,,Профессор (Professor),,,,,,,,,,,,,,,,"0",,,,,,,Жасулан Таубалдыулы,,Основной,,"10788",,,,,
28105,102,,"28110945",,,,"362776658",,"134",,,,,,,,,,,,,,,Обед,"14:00",,,,,,,,"2024-02-02T00:00:00",,,"2023-08-01T00:00:00","2024-06-17T00:00:00",,"15",,,,,,"23-24",,"070430601682",,,,,,,"11",,,,,,,,,,,,,"12708",,"42",РО,,Женский,,,,,,,,,,Грант 23-24,,,,,,,,Химия,Биология,,Мегамозг (Megamind),,,,,,,,,,,,,,,,"0",,,,,,,,,Основной,,"12708",,,,,
28136,102,,"29338197",,,,"362298520",,"118",,,,,,,,,,,,,,,Обед,"14:00",,,,,,,,,,,"2023-08-01T00:00:00","2024-06-26T00:00:00",,"12",,,,"10 класс окончила, предметы: информатика математика",,"23-24",,"061103601189",,,,,,,"11",,,,,,,"13020",,,,,,"13020",,,РО,,Женский,,,,,,,,,,Грант 23-24,,,,,,,,Математика,Информатика,,Мегамозг (Megamind),,,,,,,,,,,,,,,,"0",,,,,,,Томирис Султанкызы,,Основной,,,,,,,
28145,102,,"28131937",,,,"360704619",,"75",,,,,,,,,,,,,,,Обед,"14:00",,,,,,,,"2024-05-31T00:00:00",,"2024-05-22T00:00:00","2023-08-01T00:00:00","2024-06-17T00:00:00",,"7",,,,,Да,"23-24",,"070209601600",,,,,,,"11",,,,,,,"10082",,,,,,"10082",,"36",КО,,Женский,,,,,,,,,,Не поступил,,,,,,,,Математика,География,,Профессор (Professor),,,,,,,,,,,,,,,,Дозвон,,,,,,,Никто,,Основной,,,,,,,
28149,102,,"28135165",,,,"358146519",,Престиж,,,,,,,,,,,,,,,Обед,"14:00",,,,,,,,"2024-06-18T00:00:00",,"2024-05-23T00:00:00","2023-08-01T00:00:00","2024-06-28T00:00:00",,"2",Пн-Ср-Пт,,,,Да,"23-24",,"070207600205",,,,,,,"11",,,,,,,,,,,,,"15328",,"9",КО,,Женский,,,,,,,,,,Грант 23-24,,,,,,,,Химия,Биология,,Мегамозг (Megamind),,,,,,,,,,,,,,,,"0",,,,,,,Нурбек Талгатулы,,Основной,,"15328",,,,,
28192,102,,"28147551",,,,"354988374",,"80",,,,,,,,,,,,,,,Обед,"14:00",,,,,,,,,,,"2023-08-01T00:00:00","2024-05-24T00:00:00",,"7",Пн-Ср-Пт,,,"закрытый, тихий, спокойный, очень хромает предметы",Да,"23-24",,"060321500782",,,,,,,"11",,,,,,,"13178",,,,,,"13178",,,КО,,Мужской,,,,,,,,,,Грант 23-24,,,,,,,,Математика,Информатика,,Мегамозг (Megamind),,,,,,,,,,,,,,,,Дозвон,,,,,,,Никто,,Основной,,,,,,,
28193,102,,"28147539",,,,"389080639",,"96",,,,,,,,,,,,,,,Обед,"14:00",,,,,,,,,,,"2023-08-01T00:00:00","2024-06-17T00:00:00",,"9",,,,"Скромная,социофоб",,"23-24",,"070512601985",,,,,,,"11",,,,,,,,,,,,,"11487",,,РО,,Женский,,,,,,,,,,Грант 23-24,,,,,,,,Химия,Биология,,Профессор (Professor),,,,,,,,,,,,,,,,Дозвон,,,,,,,Никто,,Основной,,"11487",,,,,
28194,102,,"28148089",,,,"349302092",,"53",,,,,,,,,,,,,,,Обед,"14:00",,,,,,,,"2024-03-11T00:00:00",,,"2023-08-01T00:00:00","2024-03-19T00:00:00",,"4",,,,"хромает по истории, и химии",Да,"23-24",,"080922651388",,,,,,,"11",,,,,,,,,,,,,"9431",,"30",РО,,Женский,,,,,,,,,,Грант 23-24,,,,,,,,Химия,Биология,,Профессор (Professor),,,,,,,,,,,,,,,,"0",,,,,,,Никто,,Основной,,"9431",,,,,
28196,102,,"28148213",,,,"362682357",,"35",,,,,,,,,,,,,,,Обед,"14:00",,,,,,,,"2024-01-24T00:00:00",,,"2023-08-01T00:00:00","2024-05-13T00:00:00",,"8",,,,"Иемберген Асемай - учиться в 12 школе, база хорошая, уровень знаний средний",Да,"23-24",,"070422600254",,,,,,,"11",,,,,,,,,,,,,"11988",,"45",КО,,Женский,,,,,,,,,,Грант 23-24,,,,,,,,Химия,Биология,,Профессор (Professor),,,,,,,,,,,,,,,,"0",,,,,,,Никто,,Основной,,"11988",,,,,
28199,102,,"28149601",,,,"358146591",,"11",,,,,,,,,,,,,,,Обед,"14:00",,,,,,,,,,,"2023-08-01T00:00:00","2024-05-03T00:00:00",,"10",,,,,Да,"23-24",,"060814601271",,,,,,,"11",,,,,,,,,,,,,"5761",,,КО,,Женский,,,,,,,,,,Грант 23-24,,,,,,,,Математика,География,,Грандмастер (Grandmaster),,,,,,,,,,,,,,,,Дозвон,,,,,,,Никто,,Основной,,"5761",,,,,
28203,102,,"28149827",,,,"362984526",,"70",,,,,,,,,,,,,,,Обед,"14:00",,,,,,,,"2024-05-30T00:00:00",,"2024-05-28T00:00:00","2023-08-01T00:00:00","2024-06-24T00:00:00",,"14",,,,"открытая, активная",,"23-24",,"060111601478",,,,,,,"11",,,,,,,"12136",,,,,,"12136",,"37",РО,,Женский,,,,,,,,,,Грант 23-24,,,,,,,,Математика,География,,Мегамозг (Megamind),,,,,,,,,,,,,,,,"0",,,,,,,Никто,,Основной,,,,,,,
28212,102,,"28151901",,,,"361562629",,"29",,,"2559",,,,,,,,,,,,Обед,"14:00",,,,,,,,,,,"2023-08-01T00:00:00","2024-05-03T00:00:00",,"7",,,,"отличник, на грант",,"23-24",,"070624500947",,,,,,,"11",,,,,,,"9879",,,,,,"23120",,,РО,,Мужской,,,,,,,,,,Грант 23-24,,,,,,,,Математика,Физика,,Босс (AIBoss),,,,,,,,,,,,,,,,"0",,,,,,,Никто,"10682",Основной,,,,,,,
28213,102,,"28151911",,,,"362658173",,"29",,,,,,,,,,,,,,,Вечер,"17:20",,,,,,,,"2024-04-25T00:00:00",,,"2023-08-01T00:00:00","2024-05-29T00:00:00",,"10",,,,Поменять время на 17.20 c cентября 12/15 матем 8/15 история физика 0,,"23-24",,"060326501430",,,,,,,"11",,,,,,,"15104",,,,,,"29367",,"42",РО,,Мужской,,,,,,,,,,Грант 23-24,,,,,,,,Математика,Физика,,Легенда I (Legend I),,,,,,,,,,,,,,,,"0",,,,,,,Никто,"14263",Основной,,,,,,,
28239,102,,"28757075",,,,"364123976",,"6",,,"12534",,,,,,,,,,,,Обед,"14:00",,,,,,,,,,,"2023-08-01T00:00:00","2024-04-29T00:00:00",,"6",Пн-Вт-Ср-Чт-Пт,,,,,"23-24",,"060319601796",,,,,,,"11",,,,,,,,,,,,,"12534",,,РО,,Женский,,,,,,,,,,Грант 23-24,,,,,,,,Английский язык,География,,Мегамозг (Megamind),,,,,,,,,,,,,,,,Дозвон,,,,,,,,,Основной,,,,,,,
28240,102,,"28167483",,,,"354988371",,п. Коксай шк. имени М. Маметова,,,,,,,,,,,,,,,Вечер,"17:20",,,,,,,,"2024-03-18T00:00:00",,,"2023-08-07T00:00:00","2024-05-27T00:00:00",,"11",Пн-Ср-Пт,,,,Да,"23-24",,"061105601247",,,,,,,"11",,,,,,,"16065",,,,,,"16065",,"43",КО,,Женский,,,,,,,,,,Грант 23-24,,,,,,,,Математика,География,,Мегамозг (Megamind),,,,,,,,,,,,,,,,Дозвон,,,,,,,,,Основной,,,,,,,
28241,102,,"28152625",,,,"366187095",,"28",,,"6629",,,,,,,,,,,,Вечер,"17:20",,,,,,,,"2024-05-01T00:00:00",,,"2023-08-07T00:00:00","2024-04-18T00:00:00",,"11",,,,,,"23-24",,"070324601379",,,,,,,"11",,,,,,,,,,,,,"6629",,"42",РО,,Женский,,,,,,,,,,Грант 23-24,,,,,,,,Английский язык,География,,Грандмастер (Grandmaster),,,,,,,,,,,,,,,,Дозвон,,,,,,,,,Основной,,,,,,,
28264,102,,"28157663",,,,"358146535",,"85",,,,,,,,,,,,,,,Обед,"14:00",,,,,,,,"2024-06-15T00:00:00",,"2024-06-13T00:00:00","2023-08-07T00:00:00","2024-06-28T00:00:00",,"12",Пн-Ср-Пт,,,хромает сильно по истории и химии,Да,"23-24",,"070608550205",,,,,,,"11",,,,,,,,,,,,,"9451",,"40",КО,,Мужской,,,,,,,,,,Платно 22-23,,,,,,,,Химия,Биология,,Профессор (Professor),,,,,,,,,,,,,,,,"0",,,,,,,Никто,,Основной,,"9451",,,,,
28268,102,,"28160243",,,,"358146696",,"62",,,,,,,,,,,,,,,Обед,"14:00",,,,,,,,"2024-05-24T00:00:00",,"2024-05-23T00:00:00","2023-08-07T00:00:00","2024-05-30T00:00:00",,"8",Пн-Ср-Пт,,,"хромает история, тихоня, дать мотивацию и раскрыть, ранее учились, если его день не было, то сразу уточнять почему, ибо ранее 10 дней ребенок не ходил и ментор говорит об этом потом. Рассказать про ент с профессиями и универами",Да,"23-24",,"061210500385",,,,,,,"11",,,,,,,"12352",,,,,,"20987",,"42",КО,,Мужской,,,,,,,,,,Грант 23-24,,,,,,,,Математика,Физика,,Босс (AIBoss),,,,,,,,,,,,,,,,Дозвон,,,,,,,Никто,"8635",Основной,,,,,,,
28276,102,,"28160749",,,,"362297435",,Нет школы,,,,,,,,,,,,,,,Обед,"14:00",,,,,,,,"2024-04-19T00:00:00",,,"2023-08-07T00:00:00","2024-05-31T00:00:00",,"6",,,,По математике уровень хороший.  Нужна справка.,,"23-24",,"060328600569",,,,,,,"11",,,,,,,"11123",,,,,,"11123",,"40",РО,,Женский,,,,,,,,,,Грант 23-24,,,,,,,,Математика,Информатика,,Профессор (Professor),,,,,,,,,,,,,,,,"0",,,,,,,Никто,,Основной,,,,,,,
28285,102,,"28162637",,,,,,"61",,,,,,,,,,,,,,,Вечер,"17:20",,,,,,,,"2024-03-02T00:00:00",,,"2023-08-07T00:00:00","2024-05-17T00:00:00",,"12",,,,"закрытая, слабая, раскрыть ребенка и дать мотивацию",,"23-24",,"061029600932",,,,,,,"11",,,,,,,"10489",,,,,,"19835",,"41",РО,,Женский,,,,,,,,,,Грант 23-24,,,,,,,,Математика,Физика,,Мегамозг (Megamind),,,,,,,,,,,,,,,,"0",,,,,,,Никто,"9346",Основной,,,,,,,
28288,102,,"28162847",,,,"358146565",,"174",,,"7347",,,,,,,,,,,,Вечер,"17:20",,,,,,,,"2024-06-07T00:00:00",,"2024-06-06T00:00:00","2023-09-04T00:00:00","2024-06-06T00:00:00",,"14",,,,у нас старшая сестра училась и поступила на грант набрала 120+,Да,"23-24",,"070630600582",,,,,,,"11",,,,,,,,,,,,,"7347",,"42",КО,,Женский,,,,,,,,,,Грант 23-24,,,,,,,,Английский язык,География,,Грандмастер (Grandmaster),,,,,,,,,,,,,,,,"0",,,,,,,Никто,,Основной,,,,,,,
28293,102,,"28164865",,,,"358146541",,"106",,,,,,,,,,,,,,,Обед,"14:00",,,,,,,,,,,"2023-08-07T00:00:00","2024-05-23T00:00:00",,"5",,,,,Да,"23-24",,"061214500802",,,,,,,"11",,,,,,,"15927",,,,,,"15927",,,КО,,Мужской,,,,,,,,,,Грант 23-24,,,,,,,,Математика,Информатика,,Мегамозг (Megamind),,,,,,,,,,,,,,,,"0",,,,,,,Никто,,Основной,,,,,,,
28300,102,,"28168141",,,,"361073085",,"109",,,,,,,,,,,,,,,Обед,"14:00",,,,,,,,"2024-04-24T00:00:00",,,"2023-08-07T00:00:00","2024-06-05T00:00:00",,"11",,,,нужен контроль. ребенок немного замкнутый.,,"23-24",,"070203550421",,,,,,,"11",,,,,,,"6214",,,,,,"6214",,"44",КО,,Мужской,,,,,,,,,,Грант 23-24,,,,,,,,Математика,География,,Грандмастер (Grandmaster),,,,,,,,,,,,,,,,"0",,,,,,,Никто,,Основной,,,,,,,
28312,102,,"29340957",,,,"357806606",,"40",,,,,,,,,,,,,,,Обед,"14:00",,,,,,,,"2024-06-19T00:00:00",,"2024-06-18T00:00:00","2023-08-07T00:00:00","2024-06-21T00:00:00",,"12",,,,Хромает история каз,Да,"23-24",,"070309501639",,,,,,,"11",,,,,,,"15199",,,,,,"29150,5",,"42",КО,,Мужской,,,,,,,,,,Грант 23-24,,,,,,,,Математика,Физика,,Легенда I (Legend I),,,,,,,,,,,,,,,,"0",,,,,,,Никто,"13952",Основной,,,,,,,
28322,102,,"28172289",,,,"358146544",,"180",,,,,,,,,,,,,,,Обед,"14:00",,,,,,,,"2024-06-06T00:00:00",,"2024-06-05T00:00:00","2023-08-21T00:00:00","2024-06-07T00:00:00",,"4",,,,математику и физику с нуля.,Да,"23-24",,"060410501586",,,,,,,"11",,,,,,,"12597",,,,,,"24379",,"39",КО,,Мужской,,,,,,,,,,Грант 23-24,,,,,,,,Математика,Физика,,Босс (AIBoss),,,,,,,,,,,,,,,,"0",,,,,,,Никто,"11782",Основной,,,,,,,
28326,102,,,,,,,,"45",,,,,,,,,,,,,,,Обед,"14:00",,,,,,,,,,,,"2024-06-25T00:00:00",,,Пн-Вт-Ср-Вс-Чт-Пт-Сб,,,геомат,,"23-24",,"061030601341",,,,,,,"11",,,,,,,"62,5",,,,,,"62,5",,"45",КО,,,,,,,,,,,,Грант 23-24,,,,,,,,Математика,География,,Новобранец (Recruit),,,,,,,,,,,,,,,,,,,,,,,Нурбек Талгатулы,,Основной,Жандос Усенулы,,,ЕНТ,,,Казахский
28346,102,,"28180667",,,,"358146633",,"4",,,,,,,,,,,,,,,Обед,"14:00",,,,,,,,"2024-02-17T00:00:00",,,"2023-08-21T00:00:00","2024-04-30T00:00:00",,"5",,,,инфомат/ хочет в муит,Да,"23-24",,"080316553829",,,,,,,"11",,,,,,,"13262",,,,,,"13262",,"44",КО,,Мужской,,,,,,,,,,Грант 23-24,,,,,,,,Математика,Информатика,,Мегамозг (Megamind),,,,,,,,,,,,,,,,"0",,,,,,,Никто,,Основной,,,,,,,
28355,102,,"28182735",,,,"364923486",,"13",,,,,,,,,,,,,,,Обед,"14:00",,,,,,,,,,,"2023-08-14T00:00:00","2024-06-25T00:00:00",,"8",,,,"дать мотивацию и дополнительно информации про информатику и матем, много отвлекается",Да,"23-24",,"070613600936",,,,,,,"11",,,,,,,"13612",,,,,,"13612",,,КО,,Женский,,,,,,,,,,Грант 23-24,,,,,,,,Математика,Информатика,,Мегамозг (Megamind),,,,,,,,,,,,,,,,Дозвон,,,,,,,Никто,,Основной,,,,,,,
28361,102,,"28184891",,,,"358146644",,"13",,,,,,,,,,,,,,,Обед,"14:00",,,,,,,,"2024-03-30T00:00:00",,,"2023-08-14T00:00:00","2024-04-09T00:00:00",,"14",,,,"цель грант, дать мотивацию и подтянуть по предметам, очень слабый уровень",Да,"23-24",,"060914502376",,,,,,,"11",,,,,,,"12745",,,,,,"12745",,"43",КО,,Мужской,,,,,,,,,,Грант 23-24,,,,,,,,Математика,Информатика,,Мегамозг (Megamind),,,,,,,,,,,,,,,,"0",,,,,,,Никто,,Основной,,,,,,,
28366,102,,"29244871",,,,"354988369",,"33",,,,,,,,,,,,,,,Обед,"14:00",,,,,,,,,,,"2023-08-14T00:00:00","2024-06-17T00:00:00",,"4",Пн-Вт-Ср-Чт-Пт,,,"У ребенка уровень хороший, кроме историй, так как набирает 4 из 15. Родители и ребенок хочет на грант поступить и мама желает хорошую обратную связь со стороны ментора",Да,"23-24",,"070404502197",,,,,,,"11",,,,,,,"14609",,,,,,"14609",,,КО,,Мужской,,,,,,,,,,Грант 23-24,,,,,,,,Математика,Информатика,,Мегамозг (Megamind),,,,,,,,,,,,,,,,"0",,,,,,,,,Основной,,,,,,,
28367,102,,"28188265",,,,"358146525",,"41",,,,,,,,,,,,,,,Обед,"14:00",,,,,,,,,,,"2023-08-14T00:00:00","2024-05-22T00:00:00",,"9",,,,,Да,"23-24",,"061217600914",,,,,,,"11",,,,,,,"12028",,,,,,"12028",,,КО,,Женский,,,,,,,,,,Грант 23-24,,,,,,,,Математика,Информатика,,Мегамозг (Megamind),,,,,,,,,,,,,,,,Дозвон,,,,,,,Никто,,Основной,,,,,,,
28372,102,,"28194953",,,,,,"52",,,,,,,,,,,,,,,Обед,"14:00",,,,,,,,,,,"2023-08-14T00:00:00","2024-06-17T00:00:00",,"9",,,,"История Казахстана, физика",,"23-24",,"070312600385",,,,,,,"11",,,,,,,"11083",,,,,,"23837",,,РО,,Женский,,,,,,,,,,Грант 23-24,,,,,,,,Математика,Физика,,Босс (AIBoss),,,,,,,,,,,,,,,,Дозвон,,,,,,,Никто,"12754",Основной,,,,,,,
28373,102,,"28194959",,,,"362470079",,"93",,,,,,,,,,,,,,,Обед,"14:00",,,,,,,,"2024-05-07T00:00:00",,,"2023-08-14T00:00:00","2024-06-14T00:00:00",,"6",,,,хромает по истории казахстана,,"23-24",,"070209501961",,,,,,,"11",,,,,,,"8310",,,,,,"8310",,"38",РО,,Мужской,,,,,,,,,,Грант 23-24,,,,,,,,Математика,География,,Профессор (Professor),,,,,,,,,,,,,,,,Дозвон,,,,,,,Никто,,Основной,,,,,,,
28375,102,,"28196223","28640237",,,"358146517",,"16",,,,,,,,,,,,,,,Обед,"14:00",,,,,,,,"2024-04-13T00:00:00",,,"2023-08-14T00:00:00","2024-05-16T00:00:00",,"15",Пн-Вт-Ср-Чт-Пт,,,,Да,"23-24",,"070206500035",,,,,,,"11",,,,,,,,,,,,,"0",,"43",КО,,Мужской,,,,,,,,,,Неизвестно,,,,,,,,ЧОП,Всемирная история,,Новобранец (Recruit),,,,,,,,,,,,,,,,"0",,,,,,,Томирис Султанкызы,,Основной,,,,,,,
28385,102,,"28199219",,,,"358146609",,"175",,,,,,,,,,,,,,,Вечер,"17:20",,,,,,,,,,,"2023-09-04T00:00:00","2024-04-25T00:00:00",,"3",,,,"Ученик хочет на грант поступить, уровень средний, мама хочет хорошую обратную связь",Да,"23-24",,"070704550217",,,,,,,"11",,,,,,,"6772",,,,,,"6857",,,КО,,Мужской,,,,,,,,,,Грант 23-24,,,,,,,,Математика,Физика,,Грандмастер (Grandmaster),,,,,,,,,,,,,,,,"0",,,,,,,Никто,"85",Основной,,,,,,,
28392,102,,"28202475",,,,,,"45",,,,,,,,,,,,,,,Обед,"14:00",,,,,,,,,,,"2023-08-14T00:00:00","2023-11-14T00:00:00",,"3",,,,У ребенка пробелов много и хотят от нас хорошую подготовку. Мама ждет от ментора хорошую обратную связь,,"23-24",,"070103601014",,,,,,,"11",,,,,,,,,,,,,"4677,75",,,КО,,Женский,,,,,,,,,,Грант 23-24,,,,,,,,Химия,Биология,,Грандмастер (Grandmaster),,,,,,,,,,,,,,,,Дозвон,,,,,,,Никто,,Основной,,"4678",,,,,
28393,102,,"28781871","28781871",,,"358146520",,"51",,,,,,,,,,,,,,,Обед,"14:00",,,,,,,,,,,"2023-08-14T00:00:00","2024-06-20T00:00:00",,"1",Пн-Вт-Ср-Чт-Пт,,,,Да,"23-24",,"070503601103",,,,,,,"11",,,,,,,"11996",,,,,,"23734,5",,,КО,,Женский,,,,,,,,,,Грант 23-24,,,,,,,,Математика,Физика,,Босс (AIBoss),,,,,,,,,,,,,,,,"0",,,,,,,Никто,"11739",Основной,,,,,,,
28399,102,,"28205023",,,,,,"13",,,,,,,,,,,,,,,Обед,"14:00",,,,,,,,,,,"2023-08-14T00:00:00","2023-10-13T00:00:00",,"10",,,,,,"23-24",,"061201600997",,,,,,,"11",,,,,,,,,,,,,"2967",,,КО,,Женский,,,,,,,,,,Грант 23-24,,,,,,,,Химия,Биология,,Мастер (Master),,,,,,,,,,,,,,,,"0",,,,,,,Никто,,Основной,,"2967",,,,,
28405,102,,"28207789",,,,"358146545",,"63",,,,,,,,,,,,,,,Обед,"14:00",,,,,,,,"2024-06-19T00:00:00",,"2024-06-18T00:00:00","2023-08-14T00:00:00","2024-06-20T00:00:00",,"9",,,,,Да,"23-24",,"070518501327",,,,,,,"11",,,,,,,"11280",,,,,,"21428,5",,"23",КО,,Мужской,,,,,,,,,,Грант 23-24,,,,,,,,Математика,Физика,,Босс (AIBoss),,,,,,,,,,,,,,,,Дозвон,,,,,,,Никто,"10149",Основной,,,,,,,
28406,102,,"28208677",,,,"371630852",,"178",,,,,,,,,,,,,,,Вечер,"17:20",,,,,,,,,,,"2023-08-14T00:00:00","2024-06-04T00:00:00",,"4",,,,,,"23-24",,"070811651223",,,,,,,"11",,,,,,,"13789",,,,,,"13789",,,КО,,Женский,,,,,,,,,,Грант 23-24,,,,,,,,Математика,Информатика,,Мегамозг (Megamind),,,,,,,,,,,,,,,,"0",,,,,,,Никто,,Основной,,,,,,,
28409,102,,"28209411",,,,"336542492",,"121",,,"2230",,,,,,,,,,,,Вечер,"17:20",,,,,,,,,,,"2023-08-14T00:00:00","2024-04-26T00:00:00",,"4",Пн-Вт-Ср-Вс-Чт-Пт-Сб,,,хочет КБТУ или СДУ на маркетинг.,Да,"23-24",,"060803501126",,,,,,,"11",,,,,,,"3895",,,,,,"6125",,,РО,,Мужской,,,,,,,,,,Грант 23-24,,,,,,,,Английский язык,Всемирная история,,Грандмастер (Grandmaster),,,,,,,,,,,,,,,,"0",,,,,,,Никто,,Основной,,,,,,,
28418,102,,"29135183",,,,,,"56",,,,,,,,,,,,,,,Обед,"14:00",,,,,,,,,,,"2023-09-04T00:00:00","2024-06-17T00:00:00",,"11",Пн-Вт-Ср-Чт-Пт,,,"У ребенка средний уровень, хочет поступить на грант на стамотолога, папа очень хочет хорошую обратную связь",,"23-24",,"061115501466",,,,,,,"11",,,,,,,,,,,,,"11388",,,РО,,Мужской,,,,,,,,,,Грант 23-24,,,,,,,,Химия,Биология,,Профессор (Professor),,,,,,,,,,,,,,,,"0",,,,,,,Нурбек Талгатулы,,Основной,,"11388",,,,,
28422,102,,"28782017",,,,"362450736",,"117",,,,,,,,,,,,,,,Обед,"14:00",,,,,,,,"2024-04-19T00:00:00",,,"2023-08-14T00:00:00","2024-06-21T00:00:00",,"15",Пн-Вт-Ср-Чт-Пт,,,,,"23-24",,"061118501551",,,,,,,"11",,,,,,,"12993",,,,,,"12993",,"17",РО,,Мужской,,,,,,,,,,Грант 23-24,,,,,,,,Математика,Информатика,,Мегамозг (Megamind),,,,,,,,,,,,,,,,"0",,,,,,,,,Основной,,,,,,,
28428,102,,"28215831",,,,"358146598",,"126",,,,,,,,,,,,,,,Обед,"14:00",,,,,,,,"2024-05-12T00:00:00",,,"2023-08-21T00:00:00","2024-06-04T00:00:00",,"13",Пн-Вт-Ср-Вс-Чт-Пт-Сб,,,топчик,Да,"23-24",,"060708500042",,,,,,,"11",,,,,,,"13949",,,,,,"25917",,"39",КО,,Мужской,,,,,,,,,,Грант 23-24,,,,,,,,Математика,Физика,,Босс (AIBoss),,,,,,,,,,,,,,,,"0",,,,,,,Никто,"11968",Основной,,,,,,,
28445,102,,"28220907",,,,"358146630",,"48",,,,,,,,,,,,,,,Обед,"14:00",,,,,,,,"2024-02-03T00:00:00",,,"2023-08-21T00:00:00","2024-06-17T00:00:00",,"3",Пн-Вт-Ср-Вс-Чт-Пт-Сб,,,"Ағылшын, жапон тілдерін біледі. Менеджмент",Да,"23-24",,"061002601418",,,,,,,"11",,,,,,,"8264",,,,,,"17191",,"44",КО,,Женский,,,,,,,,,,Грант 23-24,,,,,,,,Математика,География,,Мегамозг (Megamind),,,,,,,,,,,,,,,,Дозвон,,,,,,,Никто,"8927",Основной,,,,,,,
28446,102,,"28731257",,,,"363160194",,"60",,,,,,,,,,,,,,,Вечер,"17:20",,,,,,,,"2024-04-24T00:00:00",,,"2023-09-04T00:00:00","2024-06-17T00:00:00",,"4",Пн-Вт-Ср-Чт-Пт,,,,,"23-24",,"060704601729",,,,,,,"11",,,,,,,,,,,,,"6780",,"7",РО,,Женский,,,,,,,,,,Грант 23-24,,,,,,,,Химия,Биология,,Грандмастер (Grandmaster),,,,,,,,,,,,,,,,Недозвон,,,,,,,,,Основной,,"6780",,,,,
28448,102,,"28619715",,,,"358146628",,"40",,,,,,,,,,,,,,,Обед,"14:00",,,,,,,,"2024-05-29T00:00:00",,"2024-05-28T00:00:00","2023-08-21T00:00:00","2024-06-17T00:00:00",,"1",Пн-Вт-Ср-Чт-Пт,,,"По уровню знаний - средний. Хотят поступить на грант. Папа хочет хорошую обратную связь. Подруга Маратовой Эльнары, хотят ходить вместе и дать им справку (ментору)",Да,"23-24",,"060716651661",,,,,,,"11",,,,,,,"11820",,,,,,"11820",,"37",КО,,Женский,,,,,,,,,,Грант 23-24,,,,,,,,Математика,География,,Профессор (Professor),,,,,,,,,,,,,,,,"0",,,,,,,Никто,,Основной,,,,,,,
28458,102,,"28223019",,,,"358146675",,"1",,,,,,,,,,,,,,,Обед,"14:00",,,,,,,,"2024-02-13T00:00:00",,,"2023-08-21T00:00:00","2024-05-16T00:00:00",,"10",Пн-Вт-Ср-Вс-Чт-Пт-Сб,,,,Да,"23-24",,"061127501729",,,,,,,"11",,,,,,,,,,,,,"10956",,"45",КО,,Мужской,,,,,,,,,,Грант 23-24,,,,,,,,Химия,Биология,,Профессор (Professor),,,,,,,,,,,,,,,,"0",,,,,,,Никто,,Основной,,"10956",,,,,
28461,102,,"28223215",,,,"358146531",,"192",,,,,,,,,,,,,,,Обед,"14:00",,,,,,,,"2024-04-30T00:00:00",,,"2023-08-21T00:00:00","2024-05-24T00:00:00",,"13",Пн-Вт-Ср-Вс-Чт-Пт-Сб,,,матем слабый,Да,"23-24",,"061203602141",,,,,,,"11",,,,,,,"12363",,,,,,"12363",,"44",КО,,Женский,,,,,,,,,,Грант 23-24,,,,,,,,Математика,Информатика,,Мегамозг (Megamind),,,,,,,,,,,,,,,,"0",,,,,,,Никто,,Основной,,,,,,,
28463,102,,"28223375",,,,"362465181",,"16",,,,,,,,,,,,,,,Обед,"14:00",,,,,,,,,,,"2023-08-21T00:00:00","2024-06-17T00:00:00",,"8",Пн-Вт-Ср-Чт-Пт,,,,Да,"23-24",,"070205601609",,,,,,,"11",,,,,,,"6433",,,,,,"13332",,,КО,,Женский,,,,,,,,,,Грант 23-24,,,,,,,,Математика,Физика,,Мегамозг (Megamind),,,,,,,,,,,,,,,,Дозвон,,,,,,,Никто,"6899",Основной,,,,,,,
28469,102,,"28224835",,,,"354988373",,"43",,,,,,,,,,,,,,,Обед,"14:00",,,,,,,,,,,"2023-08-21T00:00:00","2024-05-31T00:00:00",,"7",Пн-Вт-Ср-Чт-Пт,,,,Да,"23-24",,"691117400770",,,,,,,"11",,,,,,,"16104",,,,,,"16104",,,КО,,Мужской,,,,,,,,,,Грант 23-24,,,,,,,,Математика,Информатика,,Мегамозг (Megamind),,,,,,,,,,,,,,,,"0",,,,,,,,,Основной,,,,,,,
28474,102,,"28226501",,,,"358146547",,"141",,,,,,,,,,,,,,,Обед,"14:00",,,,,,,,"2024-04-20T00:00:00",,,"2023-08-21T00:00:00","2024-05-31T00:00:00",,"2",Пн-Вт-Ср-Чт-Пт,,,,Да,"23-24",,"070103501271",,,,,,,"11",,,,,,,"14368",,,,,,"27533",,"43",КО,,Мужской,,,,,,,,,,Грант 23-24,,,,,,,,Математика,Физика,,Босс (AIBoss),,,,,,,,,,,,,,,,Дозвон,,,,,,,Никто,"13165",Основной,,,,,,,
28475,102,,"28227001",,,,,,"144",,,,,,,,,,,,,,,Обед,"14:00",,,,,,,,"2024-07-07T00:00:00",,"2024-05-01T00:00:00","2023-08-21T00:00:00","2024-04-29T00:00:00",,"3",Пн-Вт-Ср-Вс-Чт-Пт-Сб,,,хочет стать военным/ его старший брат у нас учился,,"23-24",,"070213601951",,,,,,,"11",,,,,,,"4654",,,,,,"8179",,"27",КО,,Мужской,,,,,,,,,,Грант 23-24,,,,,,,,Математика,Физика,,Профессор (Professor),,,,,,,,,,,,,,,,"0",,,,,,,Никто,"3525",Основной,,,,,,,
28483,102,,"29404533",,,,"357806575",,"76",,,"13578",,,,,,,,,,,,Обед,"14:00",,,,,,,,"2024-05-25T00:00:00",,"2024-05-23T00:00:00","2023-08-21T00:00:00","2024-06-24T00:00:00",,"1",Пн-Вт-Ср-Чт-Пт,,,"максимально подтянуть, открытая, работает 3 года",Да,"23-24",,"061127601785",,,,,,,"11",,,,,,,,,,,,,"13578",,"37",КО,,Мужской,,,,,,,,,,Грант 23-24,,,,,,,,Английский язык,Всемирная история,,Мегамозг (Megamind),,,,,,,,,,,,,,,,"0",,,,,,,Никто,,Основной,,,,,,,
28486,102,,"28228385",,,,"392612077",,"6",,,"8258",,,,,,,,,,,,Вечер,"17:20",,,,,,,,"2024-05-19T00:00:00",,,"2023-08-21T00:00:00","2024-05-30T00:00:00",,"7",Пн-Вт-Ср-Вс-Чт-Пт-Сб,,,уровень средний.,,"23-24",,"071116654123",,,,,,,"11",,,,,,,"3308",,,,,,"11566",,"42",РО,,Женский,,,,,,,,,,Грант 23-24,,,,,,,,Английский язык,География,,Профессор (Professor),,,,,,,,,,,,,,,,Дозвон,,,,,,,Никто,,Основной,,,,,,,
28489,102,,"28228463",,,,"362961231",,"13",,,,,,,,,,,,,,,Обед,"14:00",,,,,,,,"2024-01-26T00:00:00",,,"2023-08-21T00:00:00","2024-06-07T00:00:00",,"15",Пн-Вт-Ср-Чт-Пт,,,"11сынып оқушысы",Да,"23-24",,"070318601554",,,,,,,"11",,,,,,,,,,,,,"0",,"45",КО,,Женский,,,,,,,,,,Грант 23-24,,,,,,,,География,Биология,,Новобранец (Recruit),,,,,,,,,,,,,,,,"0",,,,,,,Никто,,Основной,,,,,,,
28493,102,,"28229933",,,,,,"81",,,,,,,,,,,,,,,Вечер,"17:20",,,,,,,,"2024-04-06T00:00:00",,,"2023-09-04T00:00:00","2024-02-26T00:00:00",,"15",Пн-Вт-Ср-Чт-Пт,,,Претендент на алтын белгы,,"23-24",,"061204601476",,,,,,,"11",,,,,,,,,,,,,"4740",,"8",РО,,Женский,,,,,,,,,,Грант 23-24,,,,,,,,Химия,Биология,,Грандмастер (Grandmaster),,,,,,,,,,,,,,,,"0",,,,,,,Никто,,Основной,,"4740",,,,,
28498,102,,"28835235","28834703",,,"362442120",,"208",,,,,,,,,,,,,,,Обед,"14:00",,,,,,,,"2024-06-12T00:00:00",,"2024-06-11T00:00:00","2023-08-21T00:00:00","2024-06-11T00:00:00",,"9",Пн-Вт-Ср-Чт-Пт,,,,,"23-24",,"060318501823",,,,,,,"11",,,,,,,"8561",,,,,,"16394,5",,"9",КО,,Мужской,,,,,,,,,,Грант 23-24,,,,,,,,Математика,Физика,,Мегамозг (Megamind),,,,,,,,,,,,,,,,"0",,,,,,,Никто,"7834",Основной,,,,,,,
28501,102,,"28233097",,,,"358146550",,"36",,,,,,,,,,,,,,,Обед,"14:00",,,,,,,,,,,"2023-08-21T00:00:00","2024-05-16T00:00:00",,"2",Пн-Вт-Ср-Чт-Пт,,,,Да,"23-24",,"070614602076",,,,,,,"11",,,,,,,,,,,,,"10395",,,КО,,Женский,,,,,,,,,,Грант 23-24,,,,,,,,Химия,Биология,,Профессор (Professor),,,,,,,,,,,,,,,,Дозвон,,,,,,,Никто,,Основной,,"10395",,,,,
28515,102,,"28252715",,,,"358146530",,"32",,,,,,,,"5",,,,,,,Обед,"14:00",,,,,,,,,,,"2023-08-28T00:00:00","2024-05-23T00:00:00",,"6",Пн-Вт-Ср-Вс-Чт-Пт-Сб,,,"девочка закрытая, матем грамотность база есть, проф предметы надо подтянуть, в будущем в МУИТ планируют",Да,"23-24",,"070121600951",,,,,,,"11",,,,,,,"12652",,,,,,"12880",,,КО,,Женский,,,,,,,,,,Грант 23-24,,,,,,,,Математика,Информатика,,Мегамозг (Megamind),,,,,,,,,,,,,,,,Дозвон,,,,,,,Никто,"228",Основной,,,,,,,
28517,102,,"29461797",,,,"354988372",,"28",,,,,,,,,,,,,,,Обед,"14:00",,,,,,,,"2024-06-17T00:00:00",,"2024-06-12T00:00:00","2023-08-21T00:00:00","2024-06-19T00:00:00",,"9",Пн-Вт-Ср-Вс-Чт-Пт-Сб,,,мат гео бизнес менеджмент,Да,"23-24",,"061024601247",,,,,,,"11",,,,,,,"14563",,,,,,"14563",,"40",КО,,Женский,,,,,,,,,,Грант 23-24,,,,,,,,Математика,География,,Мегамозг (Megamind),,,,,,,,,,,,,,,,Дозвон,,,,,,,,,Основной,,,,,,,
28523,102,,"28238531",,,,"354988365",,"16",,,,,,,,,,,,,,,Обед,"14:00",,,,,,,,,,,"2023-08-28T00:00:00","2024-05-24T00:00:00",,"9",Пн-Вт-Ср-Чт-Пт,,,,Да,"23-24",,"070831653137",,,,,,,"11",,,,,,,"11959",,,,,,"11959",,,КО,,Женский,,,,,,,,,,Грант 23-24,,,,,,,,Математика,Информатика,,Профессор (Professor),,,,,,,,,,,,,,,,"0",,,,,,,,,Основной,,,,,,,
28542,102,,"28244815",,,,"362455606",,"85",,,,,,,,,,,,,,,Вечер,"17:20",,,,,,,,,,,"2023-08-28T00:00:00","2024-06-17T00:00:00",,"7",Пн-Вт-Ср-Вс-Чт-Пт-Сб,,,матинфо айтига тускысы келеды,,"23-24",,"070305501408",,,,,,,"11",,,,,,,"13141",,,,,,"13141",,,РО,,Мужской,,,,,,,,,,Грант 23-24,,,,,,,,Математика,Информатика,,Мегамозг (Megamind),,,,,,,,,,,,,,,,Дозвон,,,,,,,Никто,,Основной,,,,,,,
28554,102,,"28249797",,,,"375208621",,"180",,,,,,,,,,,,,,,Обед,"14:00",,,,,,,,,,,"2023-08-28T00:00:00","2024-06-24T00:00:00",,"13",Пн-Вт-Ср-Вс-Чт-Пт-Сб,,,хочет физмат. уровень норм. Грант нужен. немного замкнутый.,Да,"23-24",,"070317501255",,,,,,,"11",,,,,,,"11910",,,,,,"23383",,,КО,,Мужской,,,,,,,,,,Грант 23-24,,,,,,,,Математика,Физика,,Босс (AIBoss),,,,,,,,,,,,,,,,Дозвон,,,,,,,Никто,"11473",Основной,,,,,,,
28555,102,,"28250041",,,,,,"200",,,,,,,,,,,,,,,Вечер,"17:20",,,,,,,,,,,"2023-08-28T00:00:00","2023-12-29T00:00:00",,"2",Пн-Вт-Ср-Вс-Чт-Пт-Сб,,,-,,"23-24",,"070626602279",,,,,,,"11",,,,,,,,,,,,,"0",,,КО,,Женский,,,,,,,,,,Грант 23-24,,,,,,,,География,Биология,,Новобранец (Recruit),,,,,,,,,,,,,,,,"0",,,,,,,Никто,,Основной,,,,,,,
28572,102,,"28251333",,,,"362918025",,"24",,,,,,,,,,,,,,,Обед,"14:00",,,,,,,,,,,"2023-08-28T00:00:00","2024-05-15T00:00:00",,"2",Пн-Вт-Ср-Чт-Пт,,,"по всем предметам слабо, курсы посещал онлайн, ходили в 140 и Арыстан не успели, химбио твердо выбрали",,"23-24",,"060820500686",,,,,,,"11",,,,,,,,,,,,,"10883",,,КО,,Мужской,,,,,,,,,,Грант 23-24,,,,,,,,Химия,Биология,,Профессор (Professor),,,,,,,,,,,,,,,,"0",,,,,,,Никто,,Основной,,"10883",,,,,
28577,102,,"29032301",,,,"361525231",,"103",,,,,,,,,,,,,,,Вечер,"17:20",,,,,,,,"2024-05-11T00:00:00",,,"2023-08-28T00:00:00","2024-05-31T00:00:00",,"10",Пн-Вт-Ср-Чт-Пт,,,,,"23-24",,"060918550813",,,,,,,"11",,,,,,,"12108",,,,,,"22467",,"10",КО,,Мужской,,,,,,,,,,Грант 23-24,,,,,,,,Математика,Физика,,Босс (AIBoss),,,,,,,,,,,,,,,,Дозвон,,,,,,,Нурбек Талгатулы,"10359",Основной,,,,,,,
28581,102,,"28253119",,,,"358146568",,"52",,,,,,,,,,,,,,,Вечер,"17:20",,,,,,,,,,,"2023-08-28T00:00:00","2024-06-28T00:00:00",,"8",Пн-Вт-Ср-Чт-Пт,,,"закрытая, слабая по всем предметам, дать мотивацию и интерес к обучению",Да,"23-24",,"061114600528",,,,,,,"11",,,,,,,,,,,,,"0",,,КО,,Женский,,,,,,,,,,Грант 23-24,,,,,,,,География,Биология,,Новобранец (Recruit),,,,,,,,,,,,,,,,"0",,,,,,,Никто,,Основной,,,,,,,
28585,102,,"28254281",,,,,,"1",,,,,,,,,,,,,,,Вечер,"17:20",,,,,,,,,,,"2023-08-28T00:00:00","2024-04-25T00:00:00",,"4",Пн-Вт-Ср-Чт-Пт,,,-,,"23-24",,"060418500511",,,,,,,"11",,,,,,,"9915",,,,,,"9915",,,РО,,Мужской,,,,,,,,,,Грант 23-24,,,,,,,,Математика,Информатика,,Профессор (Professor),,,,,,,,,,,,,,,,Дозвон,,,,,,,Никто,,Основной,,,,,,,
28597,102,,"28257429",,,,"362294070",,"38",,,,,,,,,,,,,,,Обед,"14:00",,,,,,,,"2024-05-29T00:00:00",,"2024-05-28T00:00:00","2023-08-28T00:00:00","2024-06-17T00:00:00",,"11",Пн-Вт-Ср-Чт-Пт,,,напишу,,"23-24",,"070328501671",,,,,,,"11",,,,,,,"11923",,,,,,"11923",,"41",РО,,Мужской,,,,,,,,,,Грант 23-24,,,,,,,,Математика,Информатика,,Профессор (Professor),,,,,,,,,,,,,,,,"0",,,,,,,Никто,,Основной,,,,,,,
28598,102,,"28696433","28696433",,,"354988362",,"110",,,,,,,,,,,,,,,Обед,"14:00",,,,,,,,"2024-06-07T00:00:00",,"2024-06-05T00:00:00","2023-08-28T00:00:00","2024-05-31T00:00:00",,"11",Пн-Вт-Ср-Вс-Чт-Пт-Сб,,,хочет на финансы и аудит/ хотят грант/ девочка отличница в школе,Да,"23-24",,"061208601547",,,,,,,"11",,,,,,,"12356",,,,,,"12356",,"13",КО,,Мужской,,,,,,,,,,Грант 23-24,,,,,,,,Математика,География,,Мегамозг (Megamind),,,,,,,,,,,,,,,,"0",,,,,,,Никто,,Основной,,,,,,,
28610,102,,"28262435",,,,"362296281",,"69",,,,,,,,,,,,,,,Обед,"14:00",,,,,,,,"2024-06-01T00:00:00",,,"2023-08-28T00:00:00","2024-06-17T00:00:00",,"8",Пн-Вт-Ср-Чт-Пт,,,норм,,"23-24",,"070420600779",,,,,,,"11",,,,,,,"9663",,,,,,"9663",,"23",РО,,Женский,,,,,,,,,,Грант 23-24,,,,,,,,Математика,Информатика,,Профессор (Professor),,,,,,,,,,,,,,,,"0",,,,,,,Никто,,Основной,,,,,,,
28616,102,,"28263621",,,,"358146522",,"128",,,,,,,,,,,,,,,Вечер,"17:20",,,,,,,,,,,"2023-08-28T00:00:00","2024-05-23T00:00:00",,"7",Пн-Вт-Ср-Чт-Пт,,,"переехали с западного казахстана, школу выбрали 128ую, физмат успев среднее, если вдруг школа его не примет, сделают возврат",Да,"23-24",,"060911500066",,,,,,,"11",,,,,,,"10341",,,,,,"20687",,,КО,,Мужской,,,,,,,,,,Грант 23-24,,,,,,,,Математика,Физика,,Босс (AIBoss),,,,,,,,,,,,,,,,"0",,,,,,,Никто,"10346",Основной,,,,,,,
28618,102,,"28263811",,,,,,"139",,,,,,,,,,,,,,,Обед,"14:00",,,,,,,,,,,"2023-08-28T00:00:00","2023-08-31T00:00:00",,"10",Пн-Вт-Ср-Вс-Чт-Пт-Сб,,,кытайдан келген. казакша сойлей алады. оку кезынде кышкене киындыктар бар. Тек казакша.,,"23-24",,"051118050159",,,,,,,"11",,,,,,,,,,,,,"155",,,КО,,Мужской,,,,,,,,,,Грант 23-24,,,,,,,,Химия,Биология,,Новобранец (Recruit),,,,,,,,,,,,,,,,"0",,,,,,,Никто,,Основной,,"155",,,,,
28627,102,,"28292051",,,,"362292685",,"117",,,,,,,,,,,,,,,Обед,"14:00",,,,,,,,"2024-03-30T00:00:00",,,"2023-08-28T00:00:00","2024-06-17T00:00:00",,"12",Пн-Вт-Ср-Чт-Пт,,,,,"23-24",,"070515601802",,,,,,,"11",,,,,,,"11861",,,,,,"11861",,"36",РО,,Женский,,,,,,,,,,Грант 23-24,,,,,,,,Математика,Информатика,,Профессор (Professor),,,,,,,,,,,,,,,,"0",,,,,,,,,Основной,,,,,,,
28632,102,,"28267489",,,,"362919135",,"24",,,,,,,,,,,,,,,Обед,"14:00",,,,,,,,,,,"2023-08-28T00:00:00","2024-05-03T00:00:00",,"7",Пн-Вт-Ср-Вс-Чт-Пт-Сб,,,хочет ОМ. Асфен или Семей.,,"23-24",,"070517501311",,,,,,,"11",,,,,,,,,,,,,"8281",,,КО,,Мужской,,,,,,,,,,Грант 23-24,,,,,,,,Химия,Биология,,Профессор (Professor),,,,,,,,,,,,,,,,Дозвон,,,,,,,Никто,,Основной,,"8281",,,,,
28634,102,,"28267817",,,,"380882856",,"62",,,,,,,,,,,,,,,Обед,"14:00",,,,,,,,,,,"2023-08-28T00:00:00","2024-06-19T00:00:00",,"11",Пн-Вт-Ср-Чт-Пт,,,"хромает мат.грам, и история казахстана",Да,"23-24",,"070524601603",,,,,,,"11",,,,,,,"12734",,,,,,"12733,5",,,КО,,Женский,,,,,,,,,,Грант 23-24,,,,,,,,Математика,География,,Мегамозг (Megamind),,,,,,,,,,,,,,,,Дозвон,,,,,,,Никто,,Основной,,,,,,,
28636,102,,"28267885",,,,"361297597",,"59",,,,,,,,,,,,,,,Обед,"14:00",,,,,,,,,,,"2023-08-28T00:00:00","2024-06-14T00:00:00",,"7",Пн-Вт-Ср-Чт-Пт,,,хочет в АГА. программа с нуля нужно.,Да,"23-24",,"061231501090",,,,,,,"11",,,,,,,"13429",,,,,,"24948",,,КО,,Мужской,,,,,,,,,,Грант 23-24,,,,,,,,Математика,Физика,,Босс (AIBoss),,,,,,,,,,,,,,,,"0",,,,,,,Никто,"11519",Основной,,,,,,,
28639,102,,"28272711",,,,"354988364",,"128",,,,,,,,,,,,,,,Обед,"14:00",,,,,,,,"2024-05-26T00:00:00",,"2024-05-24T00:00:00","2023-08-28T00:00:00","2024-05-30T00:00:00",,"9",Пн-Вт-Ср-Чт-Пт,,,,Да,"23-24",,"061218501505",,,,,,,"11",,,,,,,"14356",,,,,,"14356",,"43",КО,,Мужской,,,,,,,,Нет,,Грант 23-24,,,,,,,,Математика,Информатика,,Мегамозг (Megamind),,,,,,,,,,,,,,,,"0",,,,,,,,,Основной,,,,,,,Русский
28647,102,,"28783237",,,,"362231238",,"30",,,,,,,,,,,,,,,Обед,"14:00",,,,,,,,"2024-02-15T00:00:00",,,"2023-08-28T00:00:00","2024-06-18T00:00:00",,"8",Пн-Вт-Ср-Чт-Пт,,,"хромает мат грам, история нормальная",,"23-24",,"060809502335",,,,,,,"11",,,,,,,"6739",,,,,,"8320",,"14",РО,,Мужской,,,,,,,,,,Грант 23-24,,,,,,,,Математика,Информатика,,Профессор (Professor),,,,,,,,,,,,,,,,Дозвон,,,,,,,Никто,"1581",Основной,,,,,,,
28648,102,,"28269195",,,,"358146542",,"70",,,,,,,,,,,,,,,Обед,"14:00",,,,,,,,,,,"2023-08-28T00:00:00","2024-06-06T00:00:00",,"6",Пн-Вт-Ср-Чт-Пт,,,"девочка поступает в мат инфо, учится на 4-5",Да,"23-24",,"061202601336",,,,,,,"11",,,,,,,"10940",,,,,,"10940",,,КО,,Женский,,,,,,,,,,Грант 23-24,,,,,,,,Математика,Информатика,,Профессор (Professor),,,,,,,,,,,,,,,,"0",,,,,,,Никто,,Основной,,,,,,,
28655,102,,"28269619",,,,"383558713",,"5",,,,,,,,,,,,,,,Вечер,"17:20",,,,,,,,,,,"2023-08-28T00:00:00","2024-05-21T00:00:00",,"7",Пн-Вт-Ср-Вс-Чт-Пт-Сб,,,мат инфо,,"23-24",,"070506501897",,,,,,,"11",,,,,,,"7470",,,,,,"7470",,,РО,,Мужской,,,,,,,,,,Грант 23-24,,,,,,,,Математика,Информатика,,Грандмастер (Grandmaster),,,,,,,,,,,,,,,,Дозвон,,,,,,,Никто,,Основной,,,,,,,
28656,102,,"28270045",,,,"361300237",,"159",,,,,,,,,,,,,,,Обед,"14:00",,,,,,,,,,,"2023-08-28T00:00:00","2024-05-16T00:00:00",,"14",Пн-Вт-Ср-Чт-Пт,,,"по истории 4/15 по мат грам 5/15, матем 1/5 физика 1/5",Да,"23-24",,"070226501548",,,,,,,"11",,,,,,,"12357",,,,,,"22980,5",,,КО,,Мужской,,,,,,,,,,Грант 23-24,,,,,,,,Математика,Физика,,Босс (AIBoss),,,,,,,,,,,,,,,,"0",,,,,,,Никто,"10624",Основной,,,,,,,
28666,102,,"28274775",,,,"361555099",,"206",,,,,,,,,,,,,,,Обед,"14:00",,,,,,,,,,,"2023-09-04T00:00:00","2024-06-17T00:00:00",,"14",Пн-Вт-Ср-Чт-Пт,,,"слабая по химии и биологии, девушка открытая, цель психология",Да,"23-24",,"060516601806",,,,,,,"11",,,,,,,,,,,,,"2546",,,КО,,Женский,,,,,,,,,,Грант 23-24,,,,,,,,География,Биология,,Мастер (Master),,,,,,,,,,,,,,,,"0",,,,,,,Никто,,Основной,,"2546",,,,,
28668,102,,"28275575",,,,"354988378",,"12",,,,,,,,,,,,,,,Обед,"14:00",,,,,,,,,,,"2023-09-04T00:00:00","2024-06-19T00:00:00",,"2",Пн-Вт-Ср-Чт-Пт,,,,,"23-24",,"070506501768",,,,,,,"11",,,,,,,"12450",,,,,,"12450",,,КО,,Мужской,,,,,,,,,,Грант 23-24,,,,,,,,Математика,География,,Мегамозг (Megamind),,,,,,,,,,,,,,,,"0",,,,,,,,,Основной,,,,,,,
28670,102,,"28276153",,,,"362299703",,"37",,,,,,,,,,,,,,,Обед,"14:00",,,,,,,,"2024-05-17T00:00:00",,,"2023-09-04T00:00:00","2024-06-20T00:00:00",,"2",Пн-Вт-Ср-Чт-Пт,,,"хромает история казахстана, матем и физика",,"23-24",,"060725500927",,,,,,,"11",,,,,,,"9895",,,,,,"9895",,"42",РО,,Мужской,,,,,,,,,,Грант 23-24,,,,,,,,Математика,Информатика,,Профессор (Professor),,,,,,,,,,,,,,,,"0",,,,,,,Никто,,Основной,,,,,,,
28671,102,,"28276249",,,,"363161969",,"110",,,,,,,,,,,,,,,Вечер,"17:20",,,,,,,,,,,"2023-09-04T00:00:00","2024-05-27T00:00:00",,"3",Пн-Вт-Ср-Вс-Чт-Пт-Сб,,,хочет на ОМ. есть трудности по информатике.,,"23-24",,"070625600456",,,,,,,"11",,,,,,,"13230",,,,,,"13230",,,РО,,Женский,,,,,,,,,,Грант 23-24,,,,,,,,Математика,Информатика,,Мегамозг (Megamind),,,,,,,,,,,,,,,,"0",,,,,,,Никто,,Основной,,,,,,,
28709,102,,"28284819",,,,"354988356",,"58",,,,,,,,,,,,,,,Вечер,"17:20",,,,,,,,"2024-06-14T00:00:00",,"2024-06-11T00:00:00","2023-09-04T00:00:00","2024-06-17T00:00:00",,"13",Пн-Вт-Ср-Чт-Пт,,,,Да,"23-24",,"070412600041",,,,,,,"11",,,,,,,"11760",,,,,,"11760",,"34",КО,,Женский,,,,,,,,,,Грант 23-24,,,,,,,,Математика,Информатика,,Профессор (Professor),,,,,,,,,,,,,,,,Дозвон,,,,,,,,,Основной,,,,ЕНТ,,,
28721,102,,"28287837",,,,"362294055",,Колледж,,,,,,,,,,,,,,,Обед,"14:00",,,,,,,,"2024-05-01T00:00:00",,,"2023-09-04T00:00:00","2024-06-18T00:00:00",,"6",Пн-Вт-Ср-Вс-Чт-Пт-Сб,,,"Учащийся колледжа, 4курс",,"23-24",,"041030501004",,,,,,,"11",,,,,,,"12753",,,,,,"12753",,"43",РО,,Мужской,,,,,,,,,,Грант 23-24,,,,,,,,Математика,Информатика,,Мегамозг (Megamind),,,,,,,,,,,,,,,,Дозвон,,,,,,,Никто,,Основной,,,,,,,
28747,102,,"29272099","28745663",,,"354988351",,"92",,,,,,,,,,,,,,,Обед,"14:00",,,,,,,,,,,"2023-09-04T00:00:00","2024-06-17T00:00:00",,"12",Пн-Вт-Ср-Чт-Пт,,,"сестра работает в Астане тренером началки, скидка -80%,",Да,"23-24",,"060930500901",,,,,,,"11",,,,,,,"11080",,,,,,"20899",,,КО,,Мужской,,,,,,,,,,Грант 23-24,,,,,,,,Математика,Физика,,Босс (AIBoss),,,,,,,,,,,,,,,,"0",,,,,,,Томирис Султанкызы,"9819",Основной,,,,,,,
28751,102,,"28292993",,,,"358146661",,"206",,,"3008",,,,,,,,,,,,Обед,"14:00",,,,,,,,,,,"2023-09-04T00:00:00","2024-06-26T00:00:00",,"13",Пн-Вт-Ср-Чт-Пт,,,топчик,Да,"23-24",,"060423501646",,,,,,,"11",,,,,,,"7674",,,,,,"10682",,,КО,,Мужской,,,,,,,,,,Грант 23-24,,,,,,,,Математика,Информатика,,Профессор (Professor),,,,,,,,,,,,,,,,Дозвон,,,,,,,Никто,,Основной,,,,,,,
28759,102,,"28294007",,,,"362298523",,"65",,,,,,,,,,,,,,,Обед,"14:00",,,,,,,,"2024-05-31T00:00:00",,"2024-05-30T00:00:00","2023-09-04T00:00:00","2024-06-17T00:00:00",,"3",Пн-Вт-Ср-Чт-Пт,,,Спортты жақсы көреді,,"23-24",,"060707050011",,,,,,,"11",,,,,,,"12357",,,,,,"12357",,"43",РО,,Мужской,,,,,,,,,,Грант 23-24,,,,,,,,Математика,Информатика,,Мегамозг (Megamind),,,,,,,,,,,,,,,,"0",,,,,,,Никто,,Основной,,,,,,,
28764,102,,"28294111",,,,"362454567",,"61",,,,,,,,,,,,,,,Вечер,"17:20",,,,,,,,,,,"2023-09-04T00:00:00","2024-06-17T00:00:00",,"8",Пн-Вт-Ср-Чт-Пт,,,"хромает математика, и история казахстана",,"23-24",,"060929550596",,,,,,,"11",,,,,,,,,,,,,"0",,,РО,,Мужской,,,,,,,,,,Грант 23-24,,,,,,,,География,Всемирная история,,Новобранец (Recruit),,,,,,,,,,,,,,,,Дозвон,,,,,,,Никто,,Основной,,,,,,,
28765,102,,"28294183","28656289",,,"358146659",,"198",,,,,,,,,,,,,,,Обед,"14:00",,,,,,,,"2024-03-28T00:00:00",,,"2023-09-04T00:00:00","2024-03-29T00:00:00",,"11",Пн-Вт-Ср-Чт-Пт,,,"тихоня, дать мотивацию, слабо хим био",Да,"23-24",,"061003602580",,,,,,,"11",,,,,,,,,,,,,"8980",,"14",КО,,Мужской,,,,,,,,,,Грант 23-24,,,,,,,,Химия,Биология,,Профессор (Professor),,,,,,,,,,,,,,,,"0",,,,,,,Никто,,Основной,,"8980",,,,,
28769,102,,"28295059",,,,"358146523",,"83",,,,,,,,,,,,,,,Обед,"14:00",,,,,,,,"2024-05-23T00:00:00",,"2024-05-22T00:00:00","2023-09-04T00:00:00","2024-06-17T00:00:00",,"11",Пн-Вт-Ср-Чт-Пт,,,"хромает по истории, и математике, матграм топ",Да,"23-24",,"060404501761",,,,,,,"11",,,,,,,"13458",,,,,,"13458",,"42",КО,,Мужской,,,,,,,,,,Грант 23-24,,,,,,,,Математика,Информатика,,Мегамозг (Megamind),,,,,,,,,,,,,,,,Дозвон,,,,,,,Никто,,Основной,,,,,,,
28774,102,,"28295447",,,,"362292669",,"130",,,,,,,,,,,,,,,Обед,"14:00",,,,,,,,,,,"2023-09-11T00:00:00","2024-06-14T00:00:00",,"8",Пн-Вт-Ср-Чт-Пт,,,Инф мат,,"23-24",,"061012500051",,,,,,,"11",,,,,,,"10049",,,,,,"10049",,,РО,,Мужской,,,,,,,,,,Грант 23-24,,,,,,,,Математика,Информатика,,Профессор (Professor),,,,,,,,,,,,,,,,Дозвон,,,,,,,Никто,,Основной,,,,,,,
28800,102,,"28298493",,,,"362470072",,РФМШ,,,,,,,,,,,,,,,Обед,"14:00",,,,,,,,"2024-03-27T00:00:00",,,"2023-09-04T00:00:00","2024-05-03T00:00:00",,"9",Пн-Вт-Ср-Вс-Чт-Пт-Сб,,,гео мат,,"23-24",,"060615501560",,,,,,,"11",,,,,,,"10344",,,,,,"10344",,"37",РО,,Мужской,,,,,,,,,,Грант 23-24,,,,,,,,Математика,География,,Профессор (Professor),,,,,,,,,,,,,,,,Дозвон,,,,,,,Никто,,Основной,,,,ЕНТ,,,
28803,102,,"28298591",,,,"358146607",,"12",,,,,,,,,,,,,,,Вечер,"17:20",,,,,,,,"2024-05-16T00:00:00",,,"2023-09-04T00:00:00","2024-06-25T00:00:00",,"8",Пн-Вт-Ср-Чт-Пт,,,уровень средний; хромает по истории казахстана,Да,"23-24",,"060601502542",,,,,,,"11",,,,,,,"10911",,,,,,"10911",,"42",КО,,Мужской,,,,,,,,,,Грант 23-24,,,,,,,,Математика,Информатика,,Профессор (Professor),,,,,,,,,,,,,,,,"0",,,,,,,Никто,,Основной,,,,ЕНТ,,,
28807,102,,"28298969",,,,,,"1",,,,,,,,,,,,,,,Вечер,"17:20",,,,,,,,,,,"2023-09-04T00:00:00","2023-11-27T00:00:00",,"7",Пн-Вт-Ср-Вс-Чт-Пт-Сб,,,"инфо-мат, посадить сильному препод по информатике, связываться с братом, брат требовательный сам айтишник",,"23-24",,"060810601399",,,,,,,"11",,,,,,,"4359",,,,,,"4359",,,КО,,Женский,,,,,,,,,,Платно 23-24,,,,,,,,Математика,Информатика,,Мастер (Master),,,,,,,,,,,,,,,,"0",,,,,,,Никто,,Основной,,,,ЕНТ,,,
28816,102,,"28299951",,,,"358146554",,"6",,,,,,,,,,,,,,,Обед,"14:00",,,,,,,,,,,"2023-09-04T00:00:00","2024-02-05T00:00:00",,"7",Пн-Вт-Ср-Вс-Чт-Пт-Сб,,,МВД,Да,"23-24",,"070725550707",,,,,,,"11",,,,,,,,,,,,,"0",,,КО,,Мужской,,,,,,,,,,Грант 23-24,,,,,,,,ЧОП,Всемирная история,,Новобранец (Recruit),,,,,,,,,,,,,,,,"0",,,,,,,Никто,,Основной,,,,ЕНТ,,,
28824,102,,"28300313",,,,"358146572",,"175",,,,,,,,,,,,,,,Вечер,"17:20",,,,,,,,,,,"2023-09-04T00:00:00","2024-06-17T00:00:00",,"3",Пн-Вт-Ср-Чт-Пт,,,"Рамазан скромный, неразговорчивый, отвечает по делу, по успеваемости слабо, так как вообще не сдавал пробные тесты, матграм половину не сделал, ист каз 3 правильных, по матем забыл, по физике 2 правильных из 5, думает между геомат или физмат, пока физмат, потом если что скажет",Да,"23-24",,"060926501551",,,,,,,"11",,,,,,,"10533",,,,,,"10618",,,КО,,Мужской,,,,,,,,,,Грант 23-24,,,,,,,,Математика,Физика,,Профессор (Professor),,,,,,,,,,,,,,,,"0",,,,,,,Никто,"85",Основной,,,,ЕНТ,,,
28827,102,,"28300505",,,,"364396270",,"140",,,,,,,,,,,,,,,Обед,"14:00",,,,,,,,,,,"2023-09-04T00:00:00","2024-06-26T00:00:00",,"1",Пн-Вт-Ср-Чт-Пт,,,напишу,,"23-24",,"070121551583",,,,,,,"11",,,,,,,"8698",,,,,,"8698",,,КО,,Мужской,,,,,,,,,,Грант 23-24,,,,,,,,Математика,Информатика,,Профессор (Professor),,,,,,,,,,,,,,,,Дозвон,,,,,,,Никто,,Основной,,,,ЕНТ,,,
28828,102,,"28948651",,,,"361358951",,"208",,,,,,,,,,,,,,,Вечер,"17:20",,,,,,,,"2024-08-01T00:00:00",,"2024-07-07T00:00:00","2023-09-04T00:00:00","2024-06-24T00:00:00",,"3",Пн-Вт-Ср-Чт-Пт,,,Ранее учился у нас,,"23-24",,"070702501397",,,,,,,"11",,,,,,,"11750",,,,,,"11750",,"0",КО,,Мужской,,,,,,,,,,Грант 23-24,,,,,,,,Математика,Информатика,,Профессор (Professor),,,,,,,,,,,,,,,,"0",,,,,,,Никто,,Основной,,,,ЕНТ,,,
28835,102,,"28300645",,,,"358146524",,"13",,,,,,,,,,,,,,,Обед,"14:00",,,,,,,,"2024-05-29T00:00:00",,"2024-05-28T00:00:00","2023-09-04T00:00:00","2024-06-06T00:00:00",,"1",Пн-Вт-Ср-Чт-Пт,,,-,Да,"23-24",,"070508601389",,,,,,,"11",,,,,,,"15592",,,,,,"15592",,"23",КО,,Женский,,,,,,,,,,Грант 23-24,,,,,,,,Математика,Информатика,,Мегамозг (Megamind),,,,,,,,,,,,,,,,"0",,,,,,,Никто,,Основной,,,,ЕНТ,,,
28836,102,,"28300721",,,,"358146631",,"36",,,,,,,,,,,,,,,Обед,"14:00",,,,,,,,,,,"2023-09-04T00:00:00","2024-01-09T00:00:00",,"5",Пн-Вт-Ср-Вс-Чт-Пт-Сб,,,"мамандык тандамады, орташа денгей. окуга ынтасы бар.",Да,"23-24",,"061019501127",,,,,,,"11",,,,,,,"6982",,,,,,"6982",,,КО,,Мужской,,,,,,,,,,Грант 23-24,,,,,,,,Математика,Физика,,Грандмастер (Grandmaster),,,,,,,,,,,,,,,,"0",,,,,,,Никто,,Основной,,,,ЕНТ,,,
28837,102,,"28300923",,,,"358146540",,"62",,,,,,,,,,,,,,,Обед,"14:00",,,,,,,,"2024-06-04T00:00:00",,"2024-06-03T00:00:00","2023-09-04T00:00:00","2024-06-28T00:00:00",,"3",Пн-Вт-Ср-Вс-Чт-Пт-Сб,,,Сабаққа ынтасы жақсы,Да,"23-24",,"060714501707",,,,,,,"11",,,,,,,"7630",,,,,,"7630",,"44",КО,,Мужской,,,,,,,,,,Грант 23-24,,,,,,,,Математика,Информатика,,Грандмастер (Grandmaster),,,,,,,,,,,,,,,,"0",,,,,,,Никто,,Основной,,,,ЕНТ,,,
28848,102,,"28304595",,,,,,"6",,,,,,,,,,,,,,,Вечер,"17:20",,,,,,,,"2024-02-17T00:00:00",,,"2023-09-11T00:00:00","2024-05-22T00:00:00",,"13",Пн-Вт-Ср-Вс-Чт-Пт-Сб,,,"хочет на wed design. матем и мат. грам.  норм уровень, Ист. Каз и информатика с нуля нужно начинать. Быстро схватывает программу.",,"23-24",,"070125601496",,,,,,,"11",,,,,,,"11345",,,,,,"11345",,"45",РО,,Женский,,,,,,,,,,Грант 23-24,,,,,,,,Математика,Информатика,,Профессор (Professor),,,,,,,,,,,,,,,,"0",,,,,,,Никто,,Основной,,,,ЕНТ,,,
28856,102,,"28307015",,,,"358146539",,"6",,,,,,,,,,,,,,,Обед,"14:00",,,,,,,,,,,"2023-09-11T00:00:00","2024-06-17T00:00:00",,"11",Пн-Вт-Ср-Чт-Пт,,,-,Да,"23-24",,"070728500717",,,,,,,"11",,,,,,,"11053",,,,,,"11053",,,КО,,Мужской,,,,,,,,,,Грант 23-24,,,,,,,,Математика,Информатика,,Профессор (Professor),,,,,,,,,,,,,,,,Дозвон,,,,,,,Никто,,Основной,,,,ЕНТ,,,
28867,102,,"28308843",,,,"358146691",,"115",,,,,,,,,,,,,,,Обед,"14:00",,,,,,,,,,,"2023-09-11T00:00:00","2024-06-17T00:00:00",,"13",Пн-Вт-Ср-Чт-Пт,,,"в АГА идет, на пилота, про баллы сколько надо знает,  матем и физ хромают, так как школа жайская, но пацан очень ответсвенный и хочет сам заниматься",Да,"23-24",,"060809502444",,,,,,,"11",,,,,,,"9242",,,,,,"17656",,,КО,,Мужской,,,,,,,,,,Грант 23-24,,,,,,,,Математика,Физика,,Мегамозг (Megamind),,,,,,,,,,,,,,,,Дозвон,,,,,,,Никто,"8414",Основной,,,,ЕНТ,,,
28870,102,,"28308719",,,,"375644815",,"12",,,"1732",,,,,,,,,,,,Обед,"14:00",,,,,,,,"2024-05-30T00:00:00",,"2024-05-29T00:00:00","2023-09-11T00:00:00","2024-06-17T00:00:00",,"4",Пн-Вт-Ср-Чт-Пт,,,"Есть мотивация, самостоятельная, но стеснительная, нужно помочь с адаптацией",,"23-24",,"070329650750",,,,,,,"11",,,,,,,,,,,,,"1732",,"36",КО,,Женский,,,,,,,,,,Не поступил,,,,,,,,Английский язык,География,,Мастер (Master),,,,,,,,,,,,,,,,"0",,,,,,,Никто,,Основной,,,,ЕНТ,,,
28883,102,,"28312651",,,,"354988353",,"70",,,,,,,,,,,,,,,Вечер,"17:20",,,,,,,,"2024-05-07T00:00:00",,,"2023-09-11T00:00:00","2024-06-14T00:00:00",,"9",Пн-Вт-Ср-Чт-Пт,,,,Да,"23-24",,"070220601968",,,,,,,"11",,,,,,,"11359",,,,,,"22472",,"44",КО,,Женский,,,,,,,,,,Грант 23-24,,,,,,,,Математика,Физика,,Босс (AIBoss),,,,,,,,,,,,,,,,Дозвон,,,,,,,,"11113",Основной,,,,,,,
28895,102,,"28313541",,,,"366881974",,"1",,,,,,,,,,,,,,,Обед,"14:00",,,,,,,,,,,"2023-09-11T00:00:00","2024-06-24T00:00:00",,"11",Пн-Вт-Ср-Чт-Пт,,,"Мінезі ашық, сабырлы, жауапты",Да,"23-24",,"060916501923",,,,,,,"11",,,,,,,"13183",,,,,,"25418",,,КО,,Мужской,,,,,,,,,,Грант 23-24,,,,,,,,Математика,Физика,,Босс (AIBoss),,,,,,,,,,,,,,,,"0",,,,,,,Никто,"12235",Основной,,,,ЕНТ,,,
28922,102,,"28319945",,,,"358146697",,"122",,,,,,,,,,,,,,,Обед,"14:00",,,,,,,,,,,"2023-09-25T00:00:00","2023-12-22T00:00:00",,"5",Пн-Вт-Ср-Чт-Пт,,,хорошая открытая девочка/ хочет биотехнологию/ уровень средний но сразу понимает,Да,"23-24",,"060422600074",,,,,,,"11",,,,,,,,,,,,,"4926",,,КО,,Мужской,,,,,,,,,,Грант 23-24,,,,,,,,Химия,Биология,,Грандмастер (Grandmaster),,,,,,,,,,,,,,,,"0",,,,,,,Никто,,Основной,,"4926",,ЕНТ,,,
28942,102,,"28327827",,,,,,"47",,,,,,,,,,,,,,,Обед,"14:00",,,,,,,,"2024-05-01T00:00:00",,,"2023-09-13T00:00:00","2024-04-09T00:00:00",,"13",Пн-Вт-Ср-Чт-Пт,,,"ИНФ МАТ, сам выбрал, уровень слабый по истории и инф, по матем все гуд",,"23-24",,"061118501829",,,,,,,"11",,,,,,,"6575",,,,,,"6575",,"29",РО,,Мужской,,,,,,,,,,Грант 23-24,,,,,,,,Математика,Информатика,,Грандмастер (Grandmaster),,,,,,,,,,,,,,,,"0",,,,,,,Никто,,Основной,,,,ЕНТ,,,
28943,102,,"28327929",,,,"358146567",,"172",,,,,,,,,,,,,,,Вечер,"17:20",,,,,,,,"2024-05-29T00:00:00",,"2024-05-28T00:00:00","2023-09-11T00:00:00","2024-06-25T00:00:00",,"4",Пн-Вт-Ср-Чт-Пт,,,"гео био, девочка по матем слабая по этому выбирает гум предметы",Да,"23-24",,"070311602217",,,,,,,"11",,,,,,,,,,,,,"0",,"42",КО,,Женский,,,,,,,,,,Грант 23-24,,,,,,,,География,Биология,,Новобранец (Recruit),,,,,,,,,,,,,,,,"0",,,,,,,Никто,,Основной,,,,ЕНТ,,,
28948,102,,"28329703",,,,"362454561",,"170",,,,,,,,,,,,,,,Обед,"14:00",,,,,,,,"2024-06-15T00:00:00",,"2024-06-14T00:00:00","2023-09-13T00:00:00","2024-06-20T00:00:00",,"3",Пн-Вт-Ср-Вс-Чт-Пт-Сб,,,"информатику с нуля, мат норм. хочет на веб дизайн.",,"23-24",,"061019601936",,,,,,,"11",,,,,,,"13057",,,,,,"13056,5",,"35",РО,,Женский,,,,,,,,,,Грант 23-24,,,,,,,,Математика,Информатика,,Мегамозг (Megamind),,,,,,,,,,,,,,,,Дозвон,,,,,,,Никто,,Основной,,,,ЕНТ,,,
28960,102,,"28939919",,,,"358146622",,"27",,,,,,,,,,,,,,,Обед,"14:00",,,,,,,,,,,"2023-09-11T00:00:00","2024-06-20T00:00:00",,"9",Пн-Вт-Ср-Чт-Пт,,,слабый,Да,"23-24",,"070312502028",,,,,,,"11",,,,,,,"11718",,,,,,"17945",,,КО,,Мужской,,,,,,,,,,Грант 23-24,,,,,,,,Математика,Физика,,Мегамозг (Megamind),,,,,,,,,,,,,,,,Дозвон,,,,,,,Никто,"6227",Основной,,,,ЕНТ,,,
28965,102,,"28332987",,,,"361582948",,"105",,,,,,,,,,,,,,,Обед,"14:00",,,,,,,,"2024-06-25T00:00:00",,"2024-06-24T00:00:00","2023-09-13T00:00:00","2024-06-28T00:00:00",,"5",Пн-Вт-Ср-Чт-Пт,,,"хочет пойти на логопеда, по успеваемости слабо по всем, надо в С группу, девочка боится и тревожно, но настрой есть, скромная",,"23-24",,"070207602549",,,,,,,"11",,,,,,,,,,,,,"0",,"27",РО,,Женский,,,,,,,,,,Грант 23-24,,,,,,,,География,Биология,,Новобранец (Recruit),,,,,,,,,,,,,,,,"0",,,,,,,Никто,,Основной,,,,ЕНТ,,,
28967,102,,"28333345",,,,"358146557",,"172",,,,,,,,,,,,,,,Вечер,"17:20",,,,,,,,,,,"2023-09-14T00:00:00","2024-05-31T00:00:00",,"7",Пн-Вт-Ср-Вс-Чт-Пт-Сб,,,"девочка выбирает гео мат, поступить на финансы нархоз, казгу, кбту, уровень средний",Да,"23-24",,"061205650033",,,,,,,"11",,,,,,,"8669",,,,,,"8669",,,КО,,Женский,,,,,,,,,,Платно 23-24,,,,,,,,Математика,География,,Профессор (Professor),,,,,,,,,,,,,,,,"0",,,,,,,Никто,,Основной,,,,ЕНТ,,,
28970,102,,"28333715",,,,"358146617",,"28",,,,,,,,,,,,,,,Обед,"14:00",,,,,,,,"2024-05-11T00:00:00",,,"2023-09-11T00:00:00","2024-04-04T00:00:00",,"15",Пн-Вт-Ср-Чт-Пт,,,норм,Да,"23-24",,"070331501965",,,,,,,"11",,,,,,,"8742",,,,,,"8742",,"2",КО,,Мужской,,,,,,,,,,Не поступил,,,,,,,,Математика,География,,Профессор (Professor),,,,,,,,,,,,,,,,"0",,,,,,,Никто,,Основной,,,,ЕНТ,,,
28971,102,,"28334119",,,,,,"36",,,,,,,,,,,,,,,Обед,"14:00",,,,,,,,,,,"2023-09-13T00:00:00","2024-02-29T00:00:00",,"11",Пн-Вт-Ср-Вс-Чт-Пт-Сб,,,"закрытый, очень волнуется, сам прекрасно понимает, что много пробелов. Живут в Бесагаше. У нас начал учебу его друг, Алан Маликбек.",,"23-24",,"060930501187",,,,,,,"11",,,,,,,"6775",,,,,,"6775",,,РО,,Мужской,,,,,,,,,,Грант 23-24,,,,,,,,Математика,Информатика,,Грандмастер (Grandmaster),,,,,,,,,,,,,,,,"0",,,,,,,Никто,,Основной,,,,ЕНТ,,,
28976,102,,"28334501",,,,,,"45",,,,,,,,,,,,,,,Вечер,"17:20",,,,,,,,,,,"2023-09-13T00:00:00","2024-06-04T00:00:00",,"2",Пн-Вт-Ср-Чт-Пт,,,слабый по предметам,,"23-24",,"070814500308",,,,,,,"11",,,,,,,"11403",,,,,,"11678",,,РО,,Мужской,,,,,,,,,,Грант 23-24,,,,,,,,Математика,Информатика,,Профессор (Professor),,,,,,,,,,,,,,,,"0",,,,,,,Никто,,Основной,,"275",,ЕНТ,,,
29004,102,,"28342853",,,,"358146510",,"1",,,,,,,,,,,,,,,Обед,"14:00",,,,,,,,"2024-04-05T00:00:00",,,"2023-09-14T00:00:00","2024-06-24T00:00:00",,"2",Пн-Вт-Ср-Вс-Чт-Пт-Сб,,,Алтын белгіге үміткер,Да,"23-24",,"070205650578",,,,,,,"11",,,,,,,"9363",,,,,,"9363",,"41",КО,,Женский,,,,,,,,,,Грант 23-24,,,,,,,,Математика,География,,Профессор (Professor),,,,,,,,,,,,,,,,"0",,,,,,,Никто,,Основной,,,,ЕНТ,,,
29008,102,,"28563415",,,,"366400346",,"3",,,,,,,,,,,,,,,Вечер,"17:20",,,,,,,,,,,"2023-09-13T00:00:00","2024-05-24T00:00:00",,"5",Пн-Вт-Ср-Вс-Чт-Пт-Сб,,,"1",,"23-24",,"061018601069",,,,,,,"11",,,,,,,,,,,,,"165",,,РО,,Женский,,,,,,,,,,Грант 23-24,,,,,,,,География,Биология,,Новобранец (Recruit),,,,,,,,,,,,,,,,"0",,,,,,,Никто,,Основной,,"165",,ЕНТ,,,
29009,102,,"28343211",,,,"364146436",,"69",,,,,,,,,,,,,,,Обед,"14:00",,,,,,,,,,,"2023-09-14T00:00:00","2024-03-01T00:00:00",,"6",Пн-Вт-Ср-Чт-Пт,,,Самостоятельный,,"23-24",,"060328501618",,,,,,,"11",,,,,,,"6531",,,,,,"13225",,,КО,,Мужской,,,,,,,,,,Грант 23-24,,,,,,,,Математика,Физика,,Мегамозг (Megamind),,,,,,,,,,,,,,,,"0",,,,,,,Никто,"6694",Основной,,,,ЕНТ,,,
29037,102,,"28344311",,,,"358146685",,Нет школы,,,"7701",,,,,,,,,,,,Вечер,"17:20",,,,,,,,"2024-04-10T00:00:00",,,"2023-09-14T00:00:00","2024-04-26T00:00:00",,"8",Пн-Вт-Ср-Вс-Чт-Пт-Сб,,,-,Да,"23-24",,"060416601555",,,,,,,"11",,,,,,,,,,,,,"7701",,"14",КО,,Мужской,,,,,,,,,,Грант 23-24,,,,,,,,Английский язык,Всемирная история,,Грандмастер (Grandmaster),,,,,,,,,,,,,,,,"0",,,,,,,Никто,,Основной,,,,ЕНТ,,,
29073,102,,"28348367",,,,"358146614",,"23",,,,,,,,,,,,,,,Вечер,"17:20",,,,,,,,"2024-04-10T00:00:00",,,"2023-09-14T00:00:00","2024-04-15T00:00:00",,"1",Пн-Вт-Ср-Чт-Пт,,,-,Да,"23-24",,"061028500900",,,,,,,"11",,,,,,,,,,,,,"0",,"11",КО,,Мужской,,,,,,,,,,Грант 23-24,,,,,,,,География,Всемирная история,,Новобранец (Recruit),,,,,,,,,,,,,,,,"0",,,,,,,Никто,,Основной,,,,ЕНТ,,,
29074,102,,"29400755",,,,"362161541",,"36",,,,,,,,,,,,,,,Обед,"14:00",,,,,,,,"2024-05-16T00:00:00",,,"2023-09-13T00:00:00","2024-06-26T00:00:00",,"8",Пн-Вт-Ср-Чт-Пт,,,"11",Да,"23-24",,"070306000106",,,,,,,"11",,,,,,,,,,,,,"6663",,"0",КО,,Женский,,,,,,,,,,Грант 23-24,,,,,,,,Химия,Биология,,Грандмастер (Grandmaster),,,,,,,,,,,,,,,,"0",,,,,,,Нурбек Талгатулы,,Основной,,"6663",,ЕНТ,,,
29087,102,,"28350003",,,,"361278705",,"26",,,,,,,,,,,,,,,Вечер,"17:20",,,,,,,,,,,"2023-09-27T00:00:00","2024-05-16T00:00:00",,"8",Пн-Вт-Ср-Чт-Пт,,,"1",,"23-24",,"060427500312",,,,,,,"11",,,,,,,"11037",,,,,,"20622",,,РО,,Мужской,,,,,,,,,,Грант 23-24,,,,,,,,Математика,Физика,,Босс (AIBoss),,,,,,,,,,,,,,,,Дозвон,,,,,,,Никто,"9585",Основной,,,,ЕНТ,,,
29095,102,,"28351705",,,,"360684189",,"53",,,,,,,,,,,,,,,Обед,"14:00",,,,,,,,,,,"2023-09-28T00:00:00","2024-06-25T00:00:00",,"11",Пн-Вт-Ср-Чт-Пт,,,топ топ топ топ/ алтын белгыге бара жатыр/ бырден А тобына отыргызуды сураймын/,Да,"23-24",,"071010551611",,,,,,,"11",,,,,,,"9151",,,,,,"9151",,,КО,,Мужской,,,,,,,,,,Грант 23-24,,,,,,,,Математика,Информатика,,Профессор (Professor),,,,,,,,,,,,,,,,"0",,,,,,,Никто,,Основной,,,,ЕНТ,,,
29116,102,,"28356913",,,,"360698227",,"143",,,,,,,,,,,,,,,Обед,"14:00",,,,,,,,,,,"2023-09-28T00:00:00","2024-06-28T00:00:00",,"15",Пн-Вт-Ср-Чт-Пт,,,хотят на грант Общ. мед или фармацевтика. мама щипительная.,Да,"23-24",,"070422600908",,,,,,,"11",,,,,,,,,,,,,"12075",,,КО,,Женский,,,,,,,,,,Грант 23-24,,,,,,,,Химия,Биология,,Мегамозг (Megamind),,,,,,,,,,,,,,,,"0",,,,,,,Никто,,Основной,,"12075",,ЕНТ,,,
29120,102,,"29256359",,,,"367699113",,"22",,,,,,,,,,,,,,,Вечер,"17:20",,,,,,,,"2024-06-12T00:00:00",,"2024-06-11T00:00:00","2023-09-27T00:00:00","2024-06-17T00:00:00",,"15",Пн-Вт-Ср-Чт-Пт,,,,,"23-24",,"060702551679",,,,,,,"11",,,,,,,"8711",,,,,,"8711",,"8",РО,,Мужской,,,,,,,,,,Грант 23-24,,,,,,,,Математика,Информатика,,Профессор (Professor),,,,,,,,,,,,,,,,Дозвон,,,,,,,Томирис Султанкызы,,Основной,,,,,,,
29132,102,,"28361881","28360897",,,,,"151",,,,,,,,,,,,,,,Вечер,"17:20",,,,,,,,,,,"2023-09-28T00:00:00","2023-10-31T00:00:00",,"9",Пн-Вт-Ср-Чт-Пт,,,"слабый по успеваемости, химбио 0, надо готовиться, открытый, хочет в Асфендияров на стоматолога хочет поступить",,"23-24",,"060819500899",,,,,,,"11",,,,,,,,,,,,,"335",,,КО,,Мужской,,,,,,,,,,Неизвестно,,,,,,,,Химия,Биология,,Новобранец (Recruit),,,,,,,,,,,,,,,,"0",,,,,,,Никто,,Основной,,"335",,ЕНТ,,,
29143,102,,"28363155",,,,"364109235",,"15",,,,,,,,,,,,,,,Обед,"14:00",,,,,,,,,,,"2023-09-27T00:00:00","2024-05-24T00:00:00",,"13",Пн-Вт-Ср-Чт-Пт,,,,,"23-24",,"051015501837",,,,,,,"11",,,,,,,"8391",,,,,,"18035",,,РО,,Мужской,,,,,,,,,,Грант 23-24,,,,,,,,Математика,Физика,,Мегамозг (Megamind),,,,,,,,,,,,,,,,Дозвон,,,,,,,,"9644",Основной,,,,,,,
29161,102,,"28364537","28318139",,,"378667915",,"8",,,,,,,,,,,,,,,Обед,"14:00",,,,,,,,,,,"2023-09-27T00:00:00","2024-06-21T00:00:00",,"13",Пн-Вт-Ср-Чт-Пт,,,"ходил раньше в Болашак, результаты были,, его 8 однаклассников к нам ходят, надо справку дать, примерно на пробных набирал 65-80",,"23-24",,"070211501932",,,,,,,"11",,,,,,,"9846",,,,,,"9846",,,РО,,Мужской,,,,,,,,,,Грант 23-24,,,,,,,,Математика,Информатика,,Профессор (Professor),,,,,,,,,,,,,,,,"0",,,,,,,Никто,,Основной,,,,ЕНТ,,,
29168,102,,"28365319","28354951",,,"362149296",,"5",,,,,,,,,,,,,,,Обед,"14:00",,,,,,,,"2024-02-24T00:00:00",,,"2023-09-27T00:00:00","2024-06-17T00:00:00",,"7",Пн-Вт-Ср-Чт-Пт,,,"Уровень средний, хочет на грант, папа и мама ждут хорошую обратную связь и хороший контроль учебы с нашей стороны",,"23-24",,"061120501740",,,,,,,"11",,,,,,,"10906",,,,,,"10906",,"44",РО,,Мужской,,,,,,,,,,Грант 23-24,,,,,,,,Математика,Информатика,,Профессор (Professor),,,,,,,,,,,,,,,,Дозвон,,,,,,,Никто,,Основной,,,,ЕНТ,,,
29173,102,,"28365619","28363565",,,"361041545",,"24",,,,,,,,,,,,,,,Обед,"14:00",,,,,,,,"2024-01-27T00:00:00",,,"2023-09-28T00:00:00","2024-02-26T00:00:00",,"3",Пн-Вт-Ср-Чт-Пт,,,Кытап окыганды жаксы корем,Да,"23-24",,"060828501925",,,,,,,"11",,,,,,,,,,,,,"7447,5",,"24",КО,,Мужской,,,,,,,,,,Грант 23-24,,,,,,,,Химия,Биология,,Грандмастер (Grandmaster),,,,,,,,,,,,,,,,Дозвон,,,,,,,Никто,,Основной,,"7448",,ЕНТ,,,
29192,102,,"28366915","28314431",,,"358146674",,"28",,,,,,,,,,,,,,,Вечер,"17:20",,,,,,,,,,,"2023-09-28T00:00:00","2024-06-17T00:00:00",,"14",Пн-Вт-Ср-Чт-Пт,,,"Аллергия на пенициллин, амоксиклав",Да,"23-24",,"061108501715",,,,,,,"11",,,,,,,"11096",,,,,,"11096",,,КО,,Мужской,,,,,,,,,,Грант 23-24,,,,,,,,Математика,География,,Профессор (Professor),,,,,,,,,,,,,,,,Дозвон,,,,,,,Никто,,Основной,,,,ЕНТ,,,
29174,102,,"28365631","28365445",,,"360700132",,"4",,,,,,,,,,,,,,,Обед,"14:00",,,,,,,,,,,"2023-09-28T00:00:00","2024-02-12T00:00:00",,"3",Пн-Вт-Ср-Чт-Пт,,,"У ребенка средний уровень знаний, очень хочет на грант, мама работает в школе и понимает структуру учебы, но хочет очень хорошую обратную связь, просят справку школе",Да,"23-24",,"060703501757",,,,,,,"11",,,,,,,"4927",,,,,,"4927",,,КО,,Мужской,,,,,,,,,,Грант 23-24,,,,,,,,Математика,Информатика,,Грандмастер (Grandmaster),,,,,,,,,,,,,,,,Дозвон,,,,,,,Никто,,Основной,,,,ЕНТ,,,
29175,102,,"28365637","28319427",,,"361262387",,"4",,,,,,,,,,,,,,,Обед,"14:00",,,,,,,,"2024-02-15T00:00:00",,,"2023-09-28T00:00:00","2024-02-12T00:00:00",,"8",Пн-Вт-Ср-Чт-Пт,,,"У ребенка средний уровень знаний, очень хочет на грант, мама работает в школе и понимает структуру учебы, но хочет очень хорошую обратную связь, просят справку школе",Да,"23-24",,"070423501757",,,,,,,"11",,,,,,,"4102",,,,,,"7835,5",,"14",КО,,Мужской,,,,,,,,,,Грант 23-24,,,,,,,,Математика,Физика,,Грандмастер (Grandmaster),,,,,,,,,,,,,,,,"0",,,,,,,Никто,"3734",Основной,,,,ЕНТ,,,
29176,102,,"28365639","28344331",,,"361061853",,"107",,,,,,,,,,,,,,,Обед,"14:00",,,,,,,,"2024-03-21T00:00:00",,,"2023-09-28T00:00:00","2024-06-14T00:00:00",,"3",Пн-Вт-Ср-Чт-Пт,,,"уровень хороший, силен по матграм, по истории чутка ххромает",Да,"23-24",,"070910554329",,,,,,,"11",,,,,,,,,,,,,"9606",,"44",КО,,Мужской,,,,,,,,,,Грант 23-24,,,,,,,,Химия,Биология,,Профессор (Professor),,,,,,,,,,,,,,,,"0",,,,,,,Никто,,Основной,,"9606",,ЕНТ,,,
29202,102,,"28369355","28363467",,,"362898796",,"62",,,,,,,,,,,,,,,Вечер,"17:20",,,,,,,,,,,"2023-09-28T00:00:00","2024-05-31T00:00:00",,"13",Пн-Вт-Ср-Чт-Пт,,,"слабая по профильным, мат грам отлично",,"23-24",,"071016651786",,,,,,,"11",,,,,,,,,,,,,"9625",,,КО,,Мужской,,,,,,,,,,Грант 23-24,,,,,,,,Химия,Биология,,Профессор (Professor),,,,,,,,,,,,,,,,"0",,,,,,,Никто,,Основной,,"9625",,ЕНТ,,,
29224,102,,"29008395","28350279",,,"365748510",,"124",,,,,,,,,,,,,,,Вечер,"17:20",,,,,,,,,,,"2023-09-28T00:00:00","2024-06-25T00:00:00",,"8",Пн-Вт-Ср-Чт-Пт,,,средний/ авиацияга тускысы келеды,,"23-24",,"070116502329",,,,,,,"11",,,,,,,"10770",,,,,,"20358",,,КО,,Мужской,,,,,,,,,,Грант 23-24,,,,,,,,Математика,Физика,,Босс (AIBoss),,,,,,,,,,,,,,,,"0",,,,,,,Никто,"9588",Основной,,,,ЕНТ,,,
29225,102,,"28373745","28365073",,,"358146581",,"182",,,,,,,,,,,,,,,Вечер,"17:20",,,,,,,,,,,"2023-09-28T00:00:00","2024-06-25T00:00:00",,"4",Пн-Вт-Ср-Чт-Пт,,,былымы орташа/ озы ызденып келген бала,Да,"23-24",,"070622502436",,,,,,,"11",,,,,,,"12948",,,,,,"22489,5",,,КО,,Мужской,,,,,,,,,,Грант 23-24,,,,,,,,Математика,Физика,,Босс (AIBoss),,,,,,,,,,,,,,,,"0",,,,,,,Никто,"9542",Основной,,,,ЕНТ,,,
29286,102,,"28384647","27625511",,,"357806548",,"36",,,,,,,,,,,,,,,Обед,"14:00",,,,,,,,"2024-04-09T00:00:00",,,"2023-09-28T00:00:00","2024-06-26T00:00:00",,"4",Пн-Вт-Ср-Чт-Пт,,,"девочка неразговорчивая, но цель грант, хочет на психолога поступить, по успев по профильным мало, история казахстана из 15/4, матграм из 15/7",Да,"23-24",,"060514601756",,,,,,,"11",,,,,,,,,,,,,"0",,"44",КО,,Мужской,,,,,,,,,,Грант 23-24,,,,,,,,География,Биология,,Новобранец (Recruit),,,,,,,,,,,,,,,,"0",,,,,,,Никто,,Основной,,,,ЕНТ,,,
29297,102,,"28387437","28381927",,,"391277323",,"60",,,,,,,,,,,,,,,Вечер,"17:20",,,,,,,,,,,"2023-09-27T00:00:00","2024-06-28T00:00:00",,"2",Пн-Вт-Ср-Чт-Пт,,,"слабый по проф предметам, мало что знает, пока не уверен по проф предметам, но прошел профориентацию",Нет,"23-24",,"060630501979",,,,,,,"11",,,,,,,"10554",,,,,,"10554",,,РО,,Мужской,,,,,,,,,,Грант 23-24,,,,,,,,Математика,Информатика,,Профессор (Professor),,,,,,,,,,,,,,,,"0",,,,,,,Никто,,Основной,,,,ЕНТ,,,
29305,102,,"28391657","28361107",,,"366858867",,Нет школы,,,,,,,,,,,,,,,Вечер,"17:20",,,,,,,,"2024-02-23T00:00:00",,,"2023-09-27T00:00:00","2024-05-17T00:00:00",,"4",Пн-Вт-Ср-Чт-Пт,,,"папа в Астане, мальчик работает и самостоятельный, учился в РФМШ, после 9 класса поступил в колледж, оттуда отчислился и после сейчас учится в онлайн школе. Будут дни, когда он должен поехать и сдать экамены там, уровень хороший, по профильным подзабыл, по матграм 11/15, ист каз 15/8",Нет,"23-24",,"050303502095",,,,,,,"11",,,,,,,"6153",,,,,,"6152,5",,"45",РО,,Мужской,,,,,,,,,,Грант 23-24,,,,,,,,Математика,Информатика,,Грандмастер (Grandmaster),,,,,,,,,,,,,,,,"0",,,,,,,Никто,,Основной,,,,ЕНТ,,,
29308,102,,"28392295","28381703",,,"361582185",,"43",,,,,,,,,,,,,,,Обед,"14:00",,,,,,,,,,,"2023-09-27T00:00:00","2024-06-20T00:00:00",,"10",Пн-Вт-Ср-Чт-Пт,,,слабая,Нет,"23-24",,"070113601242",,,,,,,"11",,,,,,,,,,,,,"0",,,РО,,Мужской,,,,,,,,,,Грант 23-24,,,,,,,,География,Биология,,Новобранец (Recruit),,,,,,,,,,,,,,,,"0",,,,,,,Никто,,Основной,,,,ЕНТ,,,
29310,102,,"28392471","28388981",,,"358146605",,"168",,,,,,,,,,,,,,,Вечер,"17:20",,,,,,,,,,,"2023-09-28T00:00:00","2024-06-24T00:00:00",,"3",Пн-Вт-Ср-Чт-Пт,,,"напишу после теста, C группа",Да,"23-24",,"060331500063",,,,,,,"11",,,,,,,"9542",,,,,,"15943",,,КО,,Мужской,,,,,,,,,,Грант 23-24,,,,,,,,Математика,Физика,,Мегамозг (Megamind),,,,,,,,,,,,,,,,Дозвон,,,,,,,Никто,"6401",Основной,,,,ЕНТ,,,
29315,102,,"28392785",,,,"364694434",,"16",,,,,,,,,,,,,,,Обед,"14:00",,,,,,,,"2024-06-21T00:00:00",,"2024-06-20T00:00:00","2023-09-28T00:00:00","2024-07-01T00:00:00",,"13",Пн-Ср-Пт,,,,Да,"23-24",,"070717550357",,,,,,,"11",,,,,,,"8377",,,,,,"8377",,"34",КО,,Мужской,,,,,,,,,,Грант 23-24,,,,,,,,Математика,Информатика,,Профессор (Professor),,,,,,,,,,,,,,,,"0",,,,,,,,,Основной,,,,,,,
29339,102,,"28398109","28382301",,,"358146588",,"115",,,,,,,,,,,,,,,Обед,"14:00",,,,,,,,,,,"2023-09-28T00:00:00","2024-06-17T00:00:00",,"15",Пн-Вт-Ср-Чт-Пт,,,"по всем предметам слабо, сказала что идут в действующую группу, одноклассники у нас учатся, поступает в военное училище",Да,"23-24",,"061009500560",,,,,,,"11",,,,,,,"5856",,,,,,"11708",,,КО,,Мужской,,,,,,,,,,Грант 23-24,,,,,,,,Математика,Физика,,Профессор (Professor),,,,,,,,,,,,,,,,"0",,,,,,,Никто,"5852",Основной,,,,ЕНТ,,,
29361,102,,"28402603",,,,"354988347",,"138",,,,,,,,,,,,,,,Вечер,"17:20",,,,,,,,"2024-05-25T00:00:00",,"2024-05-24T00:00:00","2023-09-28T00:00:00","2024-06-17T00:00:00",,"11",Пн-Вт-Ср-Чт-Пт,,,,Да,"23-24",,"070419500465",,,,,,,"11",,,,,,,"9737",,,,,,"9737",,"38",КО,,Мужской,,,,,,,,,,Грант 23-24,,,,,,,,Математика,Физика,,Профессор (Professor),,,,,,,,,,,,,,,,Дозвон,,,,,,,,,Основной,,,,,,,
29362,102,,"28402805","28379923",,,"358146656",,"50",,,,,,,,,,,,,,,Вечер,"17:20",,,,,,,,"2024-05-25T00:00:00",,"2024-05-24T00:00:00","2023-09-28T00:00:00","2024-06-20T00:00:00",,"5",Пн-Вт-Ср-Чт-Пт,,,норм,Да,"23-24",,"070818551314",,,,,,,"11",,,,,,,"7295",,,,,,"7295",,"44",КО,,Мужской,,,,,,,,,,Грант 23-24,,,,,,,,Математика,Информатика,,Грандмастер (Grandmaster),,,,,,,,,,,,,,,,"0",,,,,,,Никто,,Основной,,,,ЕНТ,,,
29363,102,,"29048335","28386725",,,"354314827",,"206",,,,,,,,,,,,,,,Обед,"14:00",,,,,,,,,,,"2023-09-28T00:00:00","2024-03-13T00:00:00",,"2",Пн-Вт-Ср-Чт-Пт,,,слабая история КЗ; по матем база хорошая,Да,"23-24",,"070326501145",,,,,,,"11",,,,,,,"7521",,,,,,"7521",,,КО,,Мужской,,,,,,,,,,Грант 23-24,,,,,,,,Математика,Информатика,,Грандмастер (Grandmaster),,,,,,,,,,,,,,,,"0",,,,,,,Томирис Султанкызы,,Основной,,,,ЕНТ,,,
29364,102,,"28404407","28382211",,,"358146552",,п. Кыргауылды ср. школа Кыргауылды,,,,,,,,,,,,,,,Обед,"14:00",,,,,,,,"2024-06-11T00:00:00",,"2024-06-10T00:00:00","2023-09-27T00:00:00","2024-06-10T00:00:00",,"3",Пн-Вт-Ср-Чт-Пт,,,"пацан спокойный, сестры тут учились в КазГУ на грант поступили через нас",Да,"23-24",,"061009502205",,,,,,,"11",,,,,,,,,,,,,"0",,"42",КО,,Мужской,,,,,,,,,,Грант 23-24,,,,,,,,География,Всемирная история,,Новобранец (Recruit),,,,,,,,,,,,,,,,"0",,,,,,,Никто,,Основной,,,,ЕНТ,,,
29371,102,,"28404875","28362309",,,"391275770",,"12",,,,,,,,,,,,,,,Вечер,"17:20",,,,,,,,"2024-06-11T00:00:00",,"2024-06-10T00:00:00","2023-09-27T00:00:00","2024-07-01T00:00:00",,"5",Пн-Вт-Ср-Чт-Пт,,,"опредилился точно с проф предметами, грант не принципиально, потом хотят поменять на дневное время, по успеваемости слабо",Нет,"23-24",,"061221502400",,,,,,,"11",,,,,,,"10215",,,,,,"10215",,"31",РО,,Мужской,,,,,,,,,,Грант 23-24,,,,,,,,Математика,Информатика,,Профессор (Professor),,,,,,,,,,,,,,,,"0",,,,,,,Никто,,Основной,,,,ЕНТ,,,
29372,102,,"28404887","28395695",,,"366394091",,"136",,,,,,,,,,,,,,,Вечер,"17:20",,,,,,,,,,,"2023-09-28T00:00:00","2024-06-25T00:00:00",,"9",Пн-Вт-Ср-Чт-Пт,,,слабый,Да,"23-24",,"070801552954",,,,,,,"11",,,,,,,"10534",,,,,,"18118",,,КО,,Мужской,,,,,,,,,,Грант 23-24,,,,,,,,Математика,Физика,,Мегамозг (Megamind),,,,,,,,,,,,,,,,"0",,,,,,,Никто,"7585",Основной,,,,ЕНТ,,,
29382,102,,"28405813","28365979",,,"356599025",,"17",,,,,,,,,,,,,,,Обед,"14:00",,,,,,,,,,,"2023-09-27T00:00:00","2024-05-16T00:00:00",,"9",Пн-Вт-Ср-Чт-Пт,,,"есть пробелы, ребенок зачастую лениться; родителю нужны результаты! ОСОБЫЙ КОНТРОЛЬ; сомневается насчет проф предметов; ОС ПАПЕ!",Да,"23-24",,"060919502096",,,,,,,"11",,,,,,,"8454",,,,,,"8454",,,РО,,Мужской,,,,,,,,,,Грант 23-24,,,,,,,,Математика,Информатика,,Профессор (Professor),,,,,,,,,,,,,,,,"0",,,,,,,Томирис Султанкызы,,Основной,,,,ЕНТ,,,
29391,102,,"28406351",,,,"354988345",,"136",,,,,,,,,,,,,,,Вечер,"17:20",,,,,,,,,,,"2023-09-28T00:00:00","2024-07-01T00:00:00",,"14",Пн-Вт-Ср-Чт-Пт,,,,Да,"23-24",,"060606500761",,,,,,,"11",,,,,,,"2620",,,,,,"4782",,,КО,,Мужской,,,,,,,,,,Грант 23-24,,,,,,,,Математика,Физика,,Грандмастер (Grandmaster),,,,,,,,,,,,,,,,"0",,,,,,,,"2162",Основной,,,,,,,
29401,102,,"28409709","28385873",,,"358146602",,"128",,,,,,,,,,,,,,,Вечер,"17:20",,,,,,,,,,,"2023-09-28T00:00:00","2024-06-17T00:00:00",,"2",Пн-Вт-Ср-Чт-Пт,,,хромает по всем предметам,Да,"23-24",,"070119502019",,,,,,,"11",,,,,,,"11193",,,,,,"20291",,,КО,,Мужской,,,,,,,,,,Грант 23-24,,,,,,,,Математика,Физика,,Босс (AIBoss),,,,,,,,,,,,,,,,Дозвон,,,,,,,Никто,"9098",Основной,,,,ЕНТ,,,
29405,102,,"28409773","28386131",,,"366890316",,"36",,,,,,,,,,,,,,,Вечер,"17:20",,,,,,,,,,,"2023-09-27T00:00:00","2024-06-24T00:00:00",,"9",Пн-Вт-Ср-Чт-Пт,,,+,Нет,"23-24",,"060616502069",,,,,,,"11",,,,,,,"12088",,,,,,"12088",,,КО,,Мужской,,,,,,,,,,Грант 23-24,,,,,,,,Математика,Информатика,,Мегамозг (Megamind),,,,,,,,,,,,,,,,"0",,,,,,,Никто,,Основной,,,,ЕНТ,,,
29423,102,,"28418317","28395027",,,"357806564",,"138",,,,,,,,,,,,,,,Вечер,"17:20",,,,,,,,"2024-04-16T00:00:00",,,"2023-10-05T00:00:00","2024-05-27T00:00:00",,"13",Пн-Вт-Ср-Чт-Пт,,,"хрмают профильные предметы, хроший результат по матграм, надо поработать по каз ист, братишка Арайлым рук русяз",Да,"23-24",,"061130501150",,,,,,,"11",,,,,,,"9657",,,,,,"9657",,"4",КО,,Мужской,,,,,,,,,,Грант 23-24,,,,,,,,Математика,География,,Профессор (Professor),,,,,,,,,,,,,,,,Дозвон,,,,,,,Никто,,Основной,,,,ЕНТ,,,
29424,102,,"28418457","28409457",,,"358146526",,"145",,,,,,,,,,,,,,,Обед,"14:00",,,,,,,,"2024-05-25T00:00:00",,"2024-05-24T00:00:00","2023-10-04T00:00:00","2024-06-28T00:00:00",,"13",Пн-Вт-Ср-Чт-Пт,,,"пацан оч открытый, сам хочет заниматься, хочет в АГА на пилота, но рассм еще и другие варанты",Да,"23-24",,"070204551297",,,,,,,"11",,,,,,,"9798",,,,,,"17856,5",,"32",КО,,Мужской,,,,,,,,,,Грант 23-24,,,,,,,,Математика,Физика,,Мегамозг (Megamind),,,,,,,,,,,,,,,,"0",,,,,,,Никто,"8059",Основной,,,,ЕНТ,,,
29428,102,,"28419575","28418739",,,"366394086",,"206",,,,,,,,,,,,,,,Вечер,"17:20",,,,,,,,,,,"2023-10-05T00:00:00","2024-06-17T00:00:00",,"12",Пн-Вт-Ср-Чт-Пт,,,"хромет история казахстана, и математика",Нет,"23-24",,"060306050031",,,,,,,"11",,,,,,,"6995",,,,,,"12942",,,КО,,Мужской,,,,,,,,,,Грант 23-24,,,,,,,,Математика,Физика,,Мегамозг (Megamind),,,,,,,,,,,,,,,,Дозвон,,,,,,,Никто,"5947",Основной,,,,ЕНТ,,,
29438,102,,"28425503","28314243",,,"340362268",,"46",,,,,,,,,,,,,,,Обед,"14:00",,,,,,,,"2024-03-29T00:00:00",,,"2023-10-04T00:00:00","2024-06-17T00:00:00",,"11",Пн-Вт-Ср-Чт-Пт,,,слабый,Да,"23-24",,"070723551106",,,,,,,"11",,,,,,,"12648",,,,,,"23797",,"39",РО,,Мужской,,,,,,,,,,Грант 23-24,,,,,,,,Математика,Физика,,Босс (AIBoss),,,,,,,,,,,,,,,,Дозвон,,,,,,,Никто,"11149",Основной,,,,ЕНТ,,,
29441,102,,"28427851","28373399",,,"357950782",,"29",,,,,,,,,,,,,,,Обед,"14:00",,,,,,,,"2024-06-07T00:00:00",,"2024-06-06T00:00:00","2023-10-04T00:00:00","2024-06-26T00:00:00",,"7",Пн-Вт-Ср-Чт-Пт,,,слабый,Да,"23-24",,"061031550213",,,,,,,"11",,,,,,,"12723",,,,,,"23196",,"37",РО,,Мужской,,,,,,,,,,Грант 23-24,,,,,,,,Математика,Физика,,Босс (AIBoss),,,,,,,,,,,,,,,,Дозвон,,,,,,,Никто,"10473",Основной,,,,ЕНТ,,,
29442,102,,"28428113","28371535",,,"358146596",,"33",,,,,,,,,,,,,,,Вечер,"17:20",,,,,,,,,,,"2023-10-05T00:00:00","2024-03-06T00:00:00",,"2",Пн-Вт-Ср-Чт-Пт,,,норм,Да,"23-24",,"071212553725",,,,,,,"11",,,,,,,,,,,,,"0",,,КО,,Мужской,,,,,,,,,,Грант 23-24,,,,,,,,География,Биология,,Новобранец (Recruit),,,,,,,,,,,,,,,,"0",,,,,,,Никто,,Основной,,,,ЕНТ,,,
29448,102,,"28430391","28409677",,,"357806571",,"62",,,,,,,,,,,,,,,Обед,"14:00",,,,,,,,,,,"2023-10-05T00:00:00","2024-07-01T00:00:00",,"12",Пн-Вт-Ср-Чт-Пт,,,"История Кз 1/10, мат гр 5/10, матем 3/10, инф 1/10. Хотят на грант",Да,"23-24",,"060915652126",,,,,,,"11",,,,,,,"12859",,,,,,"12859",,,КО,,Мужской,,,,,,,,,,Грант 23-24,,,,,,,,Математика,Информатика,,Мегамозг (Megamind),,,,,,,,,,,,,,,,"0",,,,,,,Никто,,Основной,,,,ЕНТ,,,
29455,102,,"28431493","28402013",,,"357806569",,"146",,,,,,,,,,,,,,,Обед,"14:00",,,,,,,,"2024-06-21T00:00:00",,"2024-06-20T00:00:00","2023-10-04T00:00:00","2024-06-17T00:00:00",,"3",Пн-Вт-Ср-Чт-Пт,,,"пацан выбирает инфо мат, в нархоз, знания слабые, понимает что нужно готовиться",Да,"23-24",,"061013501203",,,,,,,"11",,,,,,,"6704",,,,,,"6704",,"54",КО,,Мужской,,,,,,,,,,Не поступил,,,,,,,,Математика,Информатика,,Грандмастер (Grandmaster),,,,,,,,,,,,,,,,"0",,,,,,,Никто,,Основной,,,,ЕНТ,,,
29459,102,,"28431603","28415766",,,"368068832",,"140",,,,,,,,,,,,,,,Вечер,"17:20",,,,,,,,,,,"2023-10-05T00:00:00","2024-09-11T00:00:00",,"13",Пн-Вт-Ср-Вс-Чт-Пт-Сб,,,математика киындау болып тур. жеңіл топтан бастаса дұрыс болатын еді.  оку программасын жаксы тусындыретын мугалым болса дейды. Орын босаган кезде 14:00-ге ауыстыру кажет.,Нет,"23-24",,"070520500617",,,,,,,"11",,,,,,,"11123",,,,,,"11123",,,КО,,Мужской,,,,,,,,,,Грант 23-24,,,,,,,,Математика,География,,Профессор (Professor),,,,,,,,,,,,,,,,Дозвон,,,,,,,Никто,,Основной,,,,ЕНТ,,,
29464,102,,"28434199","28257331",,,"365705924",,"16",,,,,,,,,,,,,,,Обед,"14:00",,,,,,,,"2024-03-08T00:00:00",,,"2023-10-04T00:00:00","2024-07-04T00:00:00",,"14",Пн-Вт-Ср-Чт-Пт,,,-,Да,"23-24",,"051207501256",,,,,,,"11",,,,,,,,,,,,,"2985",,"39",РО,,Мужской,,,,,,,,,,Грант 23-24,,,,,,,,Химия,Биология,,Мастер (Master),,,,,,,,,,,,,,,,"0",,,,,,,Никто,,Основной,,"2985",,ЕНТ,,,
29474,102,,"28436157","28385419",,,"364694439",,"13",,,,,,,,,,,,,,,Обед,"14:00",,,,,,,,,,,"2023-10-05T00:00:00","2024-06-17T00:00:00",,"2",Пн-Вт-Ср-Чт-Пт,,,оте акылды/ тек физиканы казакша терминдерды тусынуы киын болганы болмаса/ Кытайда 10 жыл турган/ бырден А денгейлы топка жыберуды сураймын,Нет,"23-24",,"051002050052",,,,,,,"11",,,,,,,"11889",,,,,,"22935",,,КО,,Мужской,,,,,,,,,,Грант 23-24,,,,,,,,Математика,Физика,,Босс (AIBoss),,,,,,,,,,,,,,,,"0",,,,,,,Никто,"11046",Основной,,,,ЕНТ,,,
29475,102,,"28436187","28405609",,,"357806556",,"45",,,,,,,,,,,,,,,Обед,"14:00",,,,,,,,,,,"2023-10-04T00:00:00","2024-06-17T00:00:00",,"14",Пн-Вт-Ср-Чт-Пт,,,"Уровень знаний средний - физмат хорошо осваивает, вот история плохо",Да,"23-24",,"070719551792",,,,,,,"11",,,,,,,"9220",,,,,,"17891",,,КО,,Мужской,,,,,,,,,,Грант 23-24,,,,,,,,Математика,Физика,,Мегамозг (Megamind),,,,,,,,,,,,,,,,"0",,,,,,,Никто,"8671",Основной,,,,ЕНТ,,,
29485,102,,"28438915","28437037",,,"358146672",,"83",,,,,,,,,,,,,,,Вечер,"17:20",,,,,,,,,,,"2023-10-05T00:00:00","2024-06-28T00:00:00",,"13",Пн-Вт-Ср-Чт-Пт,,,хромет история и матграм,Да,"23-24",,"061127600390",,,,,,,"11",,,,,,,,,,,,,"0",,,КО,,Мужской,,,,,,,,,,Грант 23-24,,,,,,,,География,Биология,,Новобранец (Recruit),,,,,,,,,,,,,,,,"0",,,,,,,Никто,,Основной,,,,ЕНТ,,,
29499,102,,"28440409","28435385",,,"340891438",,"149",,,,,,,,,,,,,,,Обед,"14:00",,,,,,,,"2024-05-25T00:00:00",,"2024-05-24T00:00:00","2023-10-05T00:00:00","2024-06-17T00:00:00",,"1",Пн-Вт-Ср-Чт-Пт,,,-,Да,"23-24",,"071103651623",,,,,,,"11",,,,,,,"10469",,,,,,"10469",,"36",КО,,Мужской,,,,,,,,,,Грант 23-24,,,,,,,,Математика,География,,Профессор (Professor),,,,,,,,,,,,,,,,Дозвон,,,,,,,Никто,,Основной,,,,ЕНТ,,,
29513,102,,"28444659","28410689",,,"357806590",,"16",,,,,,,,,,,,,,,Обед,"14:00",,,,,,,,,,,"2023-10-12T00:00:00","2024-07-01T00:00:00",,"1",Пн-Вт-Ср-Чт-Пт,,,"хромает по истории, и профильным",Да,"23-24",,"070424502384",,,,,,,"11",,,,,,,"11318",,,,,,"11318",,,КО,,Мужской,,,,,,,,,,Платно 23-24,,,,,,,,Математика,Информатика,,Профессор (Professor),,,,,,,,,,,,,,,,"0",,,,,,,Никто,,Основной,,,,ЕНТ,,,
29524,102,,"28449637","28446483",,,"358146682",,"42",,,,,,,,,,,,,,,Обед,"14:00",,,,,,,,"2024-05-18T00:00:00",,,"2023-10-12T00:00:00","2024-07-01T00:00:00",,"1",Пн-Вт-Ср-Чт-Пт,,,"Райкул Амина - написала тест самостоятельно, по результатам теста: по мат.гр - 5 из 15 правильно, по гр.чтения - 15 из 19, по истории Казахстана - 3 из 15 правильно, химия - 2 из 5 правильно, биология 0 из 5 правильно. Хотят поступить на грант, обучается в 42 школе и будет у нас обучаться с 14:00 поэтому просят справку",Да,"23-24",,"060922600538",,,,,,,"11",,,,,,,,,,,,,"5640",,"22",КО,,Мужской,,,,,,,,,,Грант 23-24,,,,,,,,Химия,Биология,,Грандмастер (Grandmaster),,,,,,,,,,,,,,,,"0",,,,,,,Никто,,Основной,,"5640",,ЕНТ,,,
29536,102,,"28456175","28421994",,,"341590119",,"24",,,"9227",,,,,,,,,,,,Вечер,"17:20",,,,,,,,"2024-06-09T00:00:00",,"2024-06-05T00:00:00","2023-10-05T00:00:00","2024-06-14T00:00:00",,"12",Пн-Вт-Ср-Вс-Чт-Пт-Сб,,,Ен сонгы ашылган топка отыргызу кажет. Сосын денгейы бойынша.,Да,"23-24",,"070306602293",,,,,,,"11",,,,,,,,,,,,,"9227",,"36",КО,,Мужской,,,,,,,,,,Платно 23-24,,,,,,,,Английский язык,Всемирная история,,Профессор (Professor),,,,,,,,,,,,,,,,Дозвон,,,,,,,Никто,,Основной,,,,ЕНТ,,,
29544,102,,"28462377","28431239",,,"341783493",,"19",,,,,,,,,,,,,,,Обед,"14:00",,,,,,,,"2024-06-12T00:00:00",,"2024-06-05T00:00:00","2023-10-12T00:00:00","2024-06-24T00:00:00",,"9",Пн-Вт-Ср-Чт-Пт,,,"Профильные по нулям почти, История Кз - С группа.",Да,"23-24",,"070124601470",,,,,,,"11",,,,,,,"7066",,,,,,"7066",,"33",КО,,Женский,,,,,,,,,,Грант 23-24,,,,,,,,Математика,Информатика,,Грандмастер (Grandmaster),,,,,,,,,,,,,,,,"0",,,,,,,Никто,,Основной,,,,ЕНТ,,,
29549,102,,"28463117","28387181",,,"358585796",,"208",,,,,,,,,,,,,,,Обед,"14:00",,,,,,,,,,,"2023-10-12T00:00:00","2024-01-11T00:00:00",,"3",Пн-Вт-Ср-Чт-Пт,,,"Ребенок по истории набрала 4 из 15 балла, по мат.гр набрала 10 из 15, обуч.гр - 19 из 19, химия 2 из 5, биология 1 из 5 правильно, на встрече говорил про ПРОДОЛЖАЮЩИЕ ГРУППЫ (для ментора) - чтобы потом вопросов по новым группам не было, тетя была на встрече и сама ученица - и они это правильно поняли, приехали к нам с другого города, чтобы подготовиться к ЕНТ и просят справку от нас (для ментора)",Да,"23-24",,"061102600512",,,,,,,"11",,,,,,,,,,,,,"4060",,,КО,,Мужской,,,,,,,,,,Грант 23-24,,,,,,,,Химия,Биология,,Мастер (Master),,,,,,,,,,,,,,,,Дозвон,,,,,,,Никто,,Основной,,"4060",,ЕНТ,,,
29557,102,,"28467345","28383963",,,"368241647",,"12",,,,,,,,,,,,,,,Обед,"14:00",,,,,,,,"2024-06-25T00:00:00",,"2024-06-24T00:00:00","2023-10-12T00:00:00","2024-06-24T00:00:00",,"3",Вт-Ср-Чт-Пт-Сб,,,напишу,Да,"23-24",,"070211501704",,,,,,,"11",,,,,,,"8591",,,,,,"8590,5",,"28",КО,,Мужской,,,,,,,,,,Грант 23-24,,,,,,,,Математика,Информатика,,Профессор (Professor),,,,,,,,,,,,,,,,"0",,,,,,,Никто,,Основной,Карина Аманбаева,,,ЕНТ,,,
29565,102,,"28469645","28454663",,,"342087412",,"40",,,,,,,,,,,,,,,Вечер,"17:20",,,,,,,,,,,"2023-10-11T00:00:00","2024-06-05T00:00:00",,"8",Пн-Вт-Ср-Чт-Пт,,,"слабый по матем, информатика нормально, учится в колледже и там математику не преподавали, стеснительный",Да,"23-24",,"051107501222",,,,,,,"11",,,,,,,"8222",,,,,,"8221,75",,,РО,,Мужской,,,,,,,,,,Грант 23-24,,,,,,,,Математика,Информатика,,Профессор (Professor),,,,,,,,,,,,,,,,Дозвон,,,,,,,Никто,,Основной,Арита Ришадовна,,,ЕНТ,,,
29569,102,,"28469957","28455481",,,"342097854",,"1",,,,,,,,,,,,,,,Вечер,"17:20",,,,,,,,"2024-04-17T00:00:00",,,"2023-10-11T00:00:00","2024-06-05T00:00:00",,"5",Пн-Вт-Ср-Вс-Чт-Пт-Сб,,,инфо мат,Да,"23-24",,"060912502424",,,,,,,"11",,,,,,,"7665",,,,,,"7664,75",,"38",РО,,Мужской,,,,,,,,,,Грант 23-24,,,,,,,,Математика,Информатика,,Грандмастер (Grandmaster),,,,,,,,,,,,,,,,"0",,,,,,,Никто,,Основной,Арайлым Агайдарова,,,ЕНТ,,,
29576,102,,"28470755","28420748",,,,,"101",,,,,,,,,,,,,,,Вечер,"17:20",,,,,,,,,,,"2023-10-12T00:00:00","2023-11-15T00:00:00",,"6",Пн-Вт-Ср-Чт-Пт,,,"Слабый по матем гр, по остальным хороший уровень!",,"23-24",,"061214501375",,,,,,,"11",,,,,,,,,,,,,"0",,,КО,,Мужской,,,,,,,,,,Грант 23-24,,,,,,,,ЧОП,Всемирная история,,Новобранец (Recruit),,,,,,,,,,,,,,,,Дозвон,,,,,,,Никто,,Основной,Адиль Максимулы,,,ЕНТ,,,
29599,102,,"28481063","28477167",,,"357806545",,"196",,,,,,,,,,,,,,,Обед,"14:00",,,,,,,,"2024-06-07T00:00:00",,"2024-06-06T00:00:00","2023-10-19T00:00:00","2024-06-17T00:00:00",,"15",Пн-Вт-Ср-Вс-Чт-Пт-Сб,,,Справка керек,Да,"23-24",,"060912500686",,,,,,,"11",,,,,,,"9834",,,,,,"9834",,"13",КО,,Мужской,,,,,,,,,,Грант 23-24,,,,,,,,Математика,Информатика,,Профессор (Professor),,,,,,,,,,,,,,,,"0",,,,,,,Нурбек Талгатулы,,Основной,Арайлым Агайдарова,,,ЕНТ,,,
29601,102,,"28485205","28480957",,,"357806593",,"140",,,,,,,,,,,,,,,Обед,"14:00",,,,,,,,,,,"2023-10-19T00:00:00","2024-06-17T00:00:00",,"9",Пн-Вт-Ср-Чт-Пт,,,математика киындау. группа окып журген деп ескертып айттым. Тарих киын.,Да,"23-24",,"060713500307",,,,,,,"11",,,,,,,"10052",,,,,,"10052",,,КО,,Мужской,,,,,,,,,,Грант 23-24,,,,,,,,Математика,Информатика,,Профессор (Professor),,,,,,,,,,,,,,,,Дозвон,,,,,,,Никто,,Основной,Жандос Усенулы,,,ЕНТ,,,
29610,102,,"29338527",,,,"364900380",,"39",,,,,,,,,,,,,,,Вечер,"17:20",,,,,,,,,,,"2023-10-12T00:00:00","2024-06-28T00:00:00",,"12",Пн-Вт-Ср-Чт-Пт,,,,,"23-24",,"060420601854",,,,,,,"11",,,,,,,"7662",,,,,,"7662",,,КО,,Женский,,,,,,,,,,Не поступил,,,,,,,,Математика,Информатика,,Грандмастер (Grandmaster),,,,,,,,,,,,,,,,"0",,,,,,,Томирис Султанкызы,,Основной,,,,,,,
29617,102,,"28489173","28484263",,,,,"24",,,,,,,,,,,,,,,Вечер,"17:20",,,,,,,,"2024-04-11T00:00:00",,,"2023-10-19T00:00:00","2024-06-17T00:00:00",,"10",Пн-Вт-Ср-Чт-Пт,,,"уровень средний, учится в лицее",,"23-24",,"070611502013",,,,,,,"11",,,,,,,,,,,,,"0",,"5",КО,,Мужской,,,,,,,,,,Грант 23-24,,,,,,,,География,Биология,,Новобранец (Recruit),,,,,,,,,,,,,,,,"0",,,,,,,Никто,,Основной,Жасулан Таубалдыулы,,,ЕНТ,,,
29624,102,,"29397265","28405657",,,"358146680",,"78",,,,,,,,,,,,,,,Вечер,"17:20",,,,,,,,,,,"2023-10-19T00:00:00","2024-06-28T00:00:00",,"10",Пн-Вт-Ср-Чт-Пт,,,"Плохо знает математику и историю, а химия и биология средне.",Да,"23-24",,"070328500831",,,,,,,"11",,,,,,,,,,,,,"9929",,,КО,,Мужской,,,,,,,,,,Грант 23-24,,,,,,,,Химия,Биология,,Профессор (Professor),,,,,,,,,,,,,,,,"0",,,,,,,Нурбек Талгатулы,,Основной,Адиль Максимулы,"9929",,ЕНТ,,,
29628,102,,"28491283","28485599",,,"362299685",,"105",,,,,,,,,,,,,,,Обед,"14:00",,,,,,,,,,,"2023-10-18T00:00:00","2024-06-17T00:00:00",,"12",Пн-Вт-Ср-Чт-Пт,,,"Результаты теста: ист.каз 1/10, мат. грамотность 2/10, математика 6/10, информатика 6/10. Хотят на грант. Cпокойный, сдержанный. Нужно будет к гет курсу доступ открыть",,"23-24",,"070220502355",,,,,,,"11",,,,,,,"6773",,,,,,"6773",,,РО,,Мужской,,,,,,,,,,Грант 23-24,,,,,,,,Математика,Информатика,,Грандмастер (Grandmaster),,,,,,,,,,,,,,,,Дозвон,,,,,,,Никто,,Основной,Карина Аманбаева,,,ЕНТ,,,
29629,102,,"28491379","28480243",,,,,"133",,,,,,,,,,,,,,,Вечер,"17:20",,,,,,,,"2024-02-17T00:00:00",,,"2023-10-18T00:00:00","2024-05-31T00:00:00",,"7",Пн-Вт-Ср-Вс-Чт-Пт-Сб,,,Добавить доп. инфо: хотят на грант. нужно помочь по специальностью. Ист. каз сложно дается.,,"23-24",,"060822501020",,,,,,,"11",,,,,,,"11225",,,,,,"21058",,"35",РО,,Мужской,,,,,,,,,,Грант 23-24,,,,,,,,Математика,Физика,,Босс (AIBoss),,,,,,,,,,,,,,,,Дозвон,,,,,,,Никто,"9833",Основной,Жандос Усенулы,,,ЕНТ,,,
29633,102,,"28493193","28485185",,,,,"110",,,,,,,,,,,,,,,Вечер,"17:20",,,,,,,,"2024-02-01T00:00:00",,,"2023-10-18T00:00:00","2024-02-21T00:00:00",,"9",Пн-Вт-Ср-Чт-Пт,,,слабый по предметам,,"23-24",,"060509501158",,,,,,,"11",,,,,,,"3822",,,,,,"3822",,"18",РО,,Мужской,,,,,,,,,,Грант 23-24,,,,,,,,Математика,Информатика,,Мастер (Master),,,,,,,,,,,,,,,,"0",,,,,,,Никто,,Основной,Арита Ришадовна,,,ЕНТ,,,
29636,102,,"28782397","28466273",,,"358146692",,"63",,,,,,,,,,,,,,,Обед,"14:00",,,,,,,,"2024-02-24T00:00:00",,,"2023-10-19T00:00:00","2024-06-17T00:00:00",,"14",Пн-Вт-Ср-Чт-Пт,,,-,Да,"23-24",,"080109500065",,,,,,,"11",,,,,,,"7090",,,,,,"11994",,"12",КО,,Мужской,,,,,,,,,,Грант 23-24,,,,,,,,Математика,Физика,,Профессор (Professor),,,,,,,,,,,,,,,,"0",,,,,,,Никто,"4904",Основной,Жасулан Таубалдыулы,,,ЕНТ,,,
29637,102,,"28496201","28493171",,,"364578949",,"178",,,,,,,,,,,,,,,Вечер,"17:20",,,,,,,,"2024-06-05T00:00:00",,"2024-06-03T00:00:00","2023-10-19T00:00:00","2024-06-28T00:00:00",,"1",Пн-Вт-Ср-Чт-Пт,,,"уровень средний, 15 из 40 вопросов ответил",,"23-24",,"070506501391",,,,,,,"11",,,,,,,"11583",,,,,,"21102",,"22",КО,,Мужской,,,,,,,,,,Грант 23-24,,,,,,,,Математика,Физика,,Босс (AIBoss),,,,,,,,,,,,,,,,"0",,,,,,,Никто,"9519",Основной,Адиль Максимулы,,,ЕНТ,,,
29641,102,,"28497923","28497875",,,"363882170",,"32",,,,,,,,,,,,,,,Обед,"14:00",,,,,,,,"2024-02-17T00:00:00",,,"2023-10-19T00:00:00","2024-04-19T00:00:00",,"13",Пн-Вт-Ср-Чт-Пт,,,норм,Да,"23-24",,"061207501377",,,,,,,"11",,,,,,,"5533",,,,,,"5847",,"7",КО,,Мужской,,,,,,,,,,Грант 23-24,,,,,,,,Математика,Информатика,,Грандмастер (Grandmaster),,,,,,,,,,,,,,,,"0",,,,,,,Никто,"314",Основной,Адилет Даулетбаевич,,,ЕНТ,,,
29648,102,,"28498569","28480461",,,"358146681",,"17 интернат",,,,,,,,,,,,,,,Вечер,"17:20",,,,,,,,,,,"2023-10-19T00:00:00","2024-06-17T00:00:00",,"13",Пн-Вт-Ср-Чт-Пт,,,"по всем предметам набрала 2-3 верных, профильные по 1, грамотность чтения - 15/20.",Да,"23-24",,"070331601723",,,,,,,"11",,,,,,,"9344",,,,,,"9344",,,КО,,Мужской,,,,,,,,,,Грант 23-24,,,,,,,,Математика,География,,Профессор (Professor),,,,,,,,,,,,,,,,Дозвон,,,,,,,Никто,,Основной,Карина Аманбаева,,,ЕНТ,,,
29667,102,,"28499329","28482389",,,"368043177",,"103",,,,,,,,,,,,,,,Обед,"14:00",,,,,,,,"2024-06-11T00:00:00",,"2024-06-07T00:00:00","2023-10-18T00:00:00","2024-06-17T00:00:00",,"12",Пн-Вт-Ср-Чт-Пт,,,"слабая, дать еще дополнительные материалы",,"23-24",,"061203600046",,,,,,,"11",,,,,,,,,,,,,"0",,"25",РО,,Женский,,,,,,,,,,Грант 23-24,,,,,,,,География,Биология,,Новобранец (Recruit),,,,,,,,,,,,,,,,"0",,,,,,,Никто,,Основной,Арита Ришадовна,,,ЕНТ,,,
29681,102,,"28505987","28501357",,,"349995862",,"140",,,"172",,,,,,,,,,,,Обед,"14:00",,,,,,,,,,,"2023-10-19T00:00:00","2024-06-17T00:00:00",,"14",Пн-Вт-Ср-Вс-Чт-Пт-Сб,,,"уровень хороший. ист 7/10, мат гр 8/10   мат 3/10 и физ 6/10. мамасына керы байланыс манызды.",Да,"23-24",,"070713651270",,,,,,,"11",,,,,,,"11522",,,,,,"22339",,,КО,,Мужской,,,,,,,,,,Грант 23-24,,,,,,,,Математика,Физика,,Босс (AIBoss),,,,,,,,,,,,,,,,Дозвон,,,,,,,Никто,"10645",Основной,Жандос Усенулы,,,ЕНТ,,,
29687,102,,"28510257","28499581",,,"361015399",,"186",,,,,,,,,,,,,,,Вечер,"17:20",,,,,,,,,,,"2023-10-27T00:00:00","2024-06-05T00:00:00",,"13",Пн-Вт-Ср-Чт-Пт,,,Хочет на логиста поступить,,"23-24",,"060524500052",,,,,,,"11",,,,,,,"11565",,,,,,"11565",,,РО,,Мужской,,,,,,,,,,Грант 23-24,,,,,,,,Математика,География,,Профессор (Professor),,,,,,,,,,,,,,,,"0",,,,,,,Никто,,Основной,Адиль Максимулы,,,ЕНТ,,,
29703,102,,"28517217","28510861",,,"365609903",,"89",,,,,,,,,,,,,,,Обед,"14:00",,,,,,,,,,,"2023-10-27T00:00:00","2024-04-09T00:00:00",,"3",Пн-Вт-Ср-Чт-Пт,,,"Кайсар открытый, учатся тут одноклассницы, ист каз 10/4, матграм 10/, матем 0, география 10/5, понимает, что надо готовится",,"23-24",,"070416501471",,,,,,,"11",,,,,,,"6409",,,,,,"6409",,,РО,,Мужской,,,,,,,,,,Грант 23-24,,,,,,,,Математика,География,,Грандмастер (Grandmaster),,,,,,,,,,,,,,,,"0",,,,,,,Никто,,Основной,Асель Толеужанкызы,,,ЕНТ,,,
29715,102,,"28519731",,,,"357806535",,"2",,,,,,,,,,,,,,,Вечер,"17:20",,,,,,,,"2024-07-31T00:00:00",,"2024-07-01T00:00:00","2023-10-26T00:00:00","2024-06-21T00:00:00",,"1",Пн-Вт-Ср-Чт-Пт,,,,Да,"23-24",,"070403501321",,,,,,,"11",,,,,,,"10870",,,,,,"10870",,"0",КО,,Мужской,,,,,,,,,,Грант 23-24,,,,,,,,Математика,Информатика,,Профессор (Professor),,,,,,,,,,,,,,,,"0",,,,,,,,,Основной,,,,,,,
29720,102,,"28523551","28467865",,,"364416883",,"24",,,,,,,,,,,,,,,Обед,"14:00",,,,,,,,"2024-06-12T00:00:00",,"2024-06-11T00:00:00","2023-10-26T00:00:00","2024-06-28T00:00:00",,"15",Пн-Вт-Ср-Чт-Пт,,,озыне сенымсыз,Да,"23-24",,"070215502219",,,,,,,"11",,,,,,,"10161",,,,,,"10161",,"31",КО,,Мужской,,,,,,,,,,Грант 23-24,,,,,,,,Математика,Информатика,,Профессор (Professor),,,,,,,,,,,,,,,,"0",,,,,,,Никто,,Основной,Олжас Сафуанулы,,,ЕНТ,,,
29737,102,,"28528755","28522077",,,,,"191",,,,,,,,,,,,,,,Вечер,"17:20",,,,,,,,,,,"2023-10-27T00:00:00","2024-04-04T00:00:00",,"6",Пн-Вт-Ср-Чт-Пт,,,"слабый по предметам, дать доп материалы",,"23-24",,"061215502041",,,,,,,"11",,,,,,,"6960",,,,,,"13615",,,РО,,Мужской,,,,,,,,,,Грант 23-24,,,,,,,,Математика,Физика,,Мегамозг (Megamind),,,,,,,,,,,,,,,,"0",,,,,,,Никто,"6655",Основной,Арита Ришадовна,,,ЕНТ,,,
29742,102,,"28530507","28519719",,,"369653845",,"59",,,,,,,,,,,,,,,Обед,"14:00",,,,,,,,,,,"2023-10-27T00:00:00","2024-05-31T00:00:00",,"11",Пн-Вт-Ср-Чт-Пт,,,"уровень средний, хромает по истории матграм, и математике",,"23-24",,"060828000221",,,,,,,"11",,,,,,,"9082",,,,,,"9082",,,РО,,Мужской,,,,,,,,,,Грант 23-24,,,,,,,,Математика,География,,Профессор (Professor),,,,,,,,,,,,,,,,Дозвон,,,,,,,Никто,,Основной,Жасулан Таубалдыулы,,,ЕНТ,,,
29772,102,,"28552221","28531065",,,"358146647",,"206",,,"5383",,,,,,,,,,,,Вечер,"17:20",,,,,,,,"2024-05-07T00:00:00",,,"2023-11-02T00:00:00","2024-06-18T00:00:00",,"11",Пн-Вт-Ср-Вс-Чт-Пт-Сб,,,хотят поступить на грант. уровень средний. мамасына керы байланыс оте манызды.,Да,"23-24",,"070823654124",,,,,,,"11",,,,,,,"3460",,,,,,"8993",,"33",КО,,Женский,,,,,,,,,,Платно 23-24,,,,,,,,Математика,Физика,,Профессор (Professor),,,,,,,,,,,,,,,,Дозвон,,,,,,,Никто,"150",Основной,Жандос Усенулы,,,ЕНТ,,,
29774,102,,"28553415","28548815",,,"362743266",,"178",,,,,,,,,,,,,,,Вечер,"17:20",,,,,,,,"2024-06-05T00:00:00",,"2024-06-03T00:00:00","2023-11-02T00:00:00","2024-06-25T00:00:00",,"1",Пн-Вт-Ср-Чт-Пт,,,,,"23-24",,"070105501564",,,,,,,"11",,,,,,,"10287",,,,,,"19100",,"26",КО,,Мужской,,,,,,,,,,Грант 23-24,,,,,,,,Математика,Физика,,Мегамозг (Megamind),,,,,,,,,,,,,,,,"0",,,,,,,,"8813",Основной,,,,,,,
29776,102,,"28554321","28545423",,,"358146601",,"13",,,,,,,,,,,,,,,Вечер,"17:20",,,,,,,,"2024-05-15T00:00:00",,,"2023-11-02T00:00:00","2024-06-20T00:00:00",,"9",Пн-Вт-Ср-Чт-Пт,,,алтын белги; очень ответственная; специальность: фин. экономика; у нас одноклассница учится,Да,"23-24",,"070328651179",,,,,,,"11",,,,,,,"11777",,,,,,"11777",,"35",КО,,Женский,,,,,,,,"23-24",,Грант 23-24,,,,,,,,Математика,География,,Профессор (Professor),,,,,,,,,,,,,,,,Дозвон,,,,,,,Томирис Султанкызы,,Основной,Томирис Султанкызы,,,ЕНТ,,,
29785,102,,"28555079","28548581",,,"358146569",,"12",,,,,,,,,,,,,,,Вечер,"17:20",,,,,,,,"2024-02-17T00:00:00",,,"2023-11-01T00:00:00","2024-06-04T00:00:00",,"12",Пн-Вт-Ср-Чт-Пт,,,"Пришли по рекомендации Кохан Абылая 11КО инфо мат, вечерняя группа.  История 1 из 10  Мат грамотнтсть 6 из 10  Математика 3 из 10  Информатика 3 из 10",Да,"23-24",,"070526501241",,,,,,,"11",,,,,,,"7931",,,,,,"7931",,"35",КО,,Мужской,,,,,,,,,,Грант 23-24,,,,,,,,Математика,Информатика,,Грандмастер (Grandmaster),,,,,,,,,,,,,,,,"0",,,,,,,Никто,,Основной,Владислав Андреевич,,,ЕНТ,,,
29792,102,,"28555205","28507623",,,"346203912",,"60",,,,,,,,,,,,,,,Обед,"14:00",,,,,,,,,,,"2023-11-01T00:00:00","2024-07-01T00:00:00",,"13",Пн-Вт-Ср-Чт-Пт,,,"слабый очень, дать материалы и максимально подтянуть",Да,"23-24",,"050401501585",,,,,,,"11",,,,,,,"9483",,,,,,"17779",,,РО,,Мужской,,,,,,,,,,Грант 23-24,,,,,,,,Математика,Физика,,Мегамозг (Megamind),,,,,,,,,,,,,,,,"0",,,,,,,Никто,"8296",Основной,Арита Ришадовна,,,ЕНТ,,,
29793,102,,"28555247","28505645",,,"358146561",,"172",,,,,,,,,,,,,,,Вечер,"17:20",,,,,,,,"2024-06-15T00:00:00",,"2024-06-14T00:00:00","2023-11-02T00:00:00","2024-07-01T00:00:00",,"13",Пн-Вт-Ср-Чт-Пт,,,"Самоучка, хочет на айти спец поступить на грант. Ранее в НИШе учился",Да,"23-24",,"070727552328",,,,,,,"11",,,,,,,"9585",,,,,,"9585",,"29",КО,,Мужской,,,,,,,,,,Грант 23-24,,,,,,,,Математика,Информатика,,Профессор (Professor),,,,,,,,,,,,,,,,"0",,,,,,,Никто,,Основной,Адиль Максимулы,,,ЕНТ,,,
29809,102,,"28559717","28535271",,,"366109784",,"1",,,,,,,,,,,,,,,Обед,"14:00",,,,,,,,"2024-03-17T00:00:00",,,"2023-11-08T00:00:00","2024-06-20T00:00:00",,"12",Пн-Вт-Ср-Чт-Пт,,,"история 7/10, мат грамотность 3/10,математика 5/10, география 3/10,  есть способность но ленится, Центр выбирал долго",,"23-24",,"070124501216",,,,,,,"11",,,,,,,"8414",,,,,,"8850",,"33",РО,,Мужской,,,,,,,,,,Грант 23-24,,,,,,,,Математика,Физика,,Профессор (Professor),,,,,,,,,,,,,,,,"0",,,,,,,Никто,"436",Основной,Арайлым Агайдарова,,,ЕНТ,,,
29822,102,,"28569045","28526849",,,"346934606",,"8",,,,,,,,,,,,,,,Вечер,"17:20",,,,,,,,,,,"2023-11-08T00:00:00","2024-06-21T00:00:00",,"13",Пн-Вт-Ср-Чт-Пт,,,"Инфо-мат профильные решила точно. Дать доступ к ютубу к темам, сама будет изучать дополнительно дома. Маме объяснить как получать результаты в телеграмм.",Да,"23-24",,"060818650995",,,,,,,"11",,,,,,,"7276",,,,,,"7276",,,РО,,Женский,,,,,,,,,,Грант 23-24,,,,,,,,Математика,Информатика,,Грандмастер (Grandmaster),,,,,,,,,,,,,,,,"0",,,,,,,Никто,,Основной,Адиль Максимулы,,,ЕНТ,,,
29833,102,,"28970907","28566711",,,"349302790",,"22",,,"3241",,,,,,,,,,,,Вечер,"17:20",,,,,,,,"2024-05-01T00:00:00",,,"2023-11-08T00:00:00","2024-05-21T00:00:00",,"14",Пн-Вт-Ср-Чт-Пт,,,"мат.гр - 2 из 15, мат - 0 из 5, геогр - 3 из 5, ист - 9 из 15, гр - 17 из 20",Да,"23-24",,"061107500741",,,,,,,"11",,,,,,,"825",,,,,,"4066",,"9",РО,,Мужской,,,,,,,,,,Грант 23-24,,,,,,,,Английский язык,География,,Мастер (Master),,,,,,,,,,,,,,,,"0",,,,,,,Никто,,Основной,Дарын Жасуланович,,,ЕНТ,,,
29839,102,,"28577113","28554257",,,,,"114",,,,,,,,,,,,,,,Вечер,"17:20",,,,,,,,,,,"2023-11-08T00:00:00","2024-05-22T00:00:00",,"4",Пн-Вт-Ср-Вс-Чт-Пт-Сб,,,ударница/ хорошо решает задачи но история хромает/ хочет стать педагогом,,"23-24",,"061219601547",,,,,,,"11",,,,,,,"6245",,,,,,"12299",,,РО,,Мужской,,,,,,,,,,Грант 23-24,,,,,,,,Математика,Физика,,Мегамозг (Megamind),,,,,,,,,,,,,,,,"0",,,,,,,Никто,"6054",Основной,Олжас Сафуанулы,,,ЕНТ,,,
29860,102,,"28580495","28576273",,,"362500679",,"55",,,,,,,,,,,,,,,Вечер,"17:20",,,,,,,,,,,"2023-11-09T00:00:00","2024-06-11T00:00:00",,"8",Пн-Вт-Ср-Чт-Пт,,,сам хочет результаты с 5-6 класса трудности,,"23-24",,"060813501884",,,,,,,"11",,,,,,,"10272",,,,,,"18724",,,КО,,Мужской,,,,,,,,,,Грант 23-24,,,,,,,,Математика,Физика,,Мегамозг (Megamind),,,,,,,,,,,,,,,,Дозвон,,,,,,,Никто,"8452",Основной,Адилет Даулетбаевич,,,ЕНТ,,,
29861,102,,"28580497","28522561",,,,,"76",,,,,,,,,,,,,,,Вечер,"17:20",,,,,,,,,,"2024-06-16T00:00:00","2023-11-08T00:00:00","2024-06-18T00:00:00",,"13",Пн-Вт-Ср-Чт-Пт,,,слабая,,"23-24",,"060303602211",,,,,,,"11",,,,,,,"9333",,,,,,"9333",,"31",РО,,Женский,,,,,,,,,,Грант 23-24,,,,,,,,Математика,География,,Профессор (Professor),,,,,,,,,,,,,,,,"0",,,,,,,Никто,,Основной,Адилет Даулетбаевич,,,ЕНТ,,,
29868,102,,"28583467","28563843",,,"361021558",,"160",,,,,,,,,,,,,,,Вечер,"17:20",,,,,,,,"2024-04-01T00:00:00",,,"2023-11-08T00:00:00","2024-04-19T00:00:00",,"7",Пн-Вт-Ср-Вс-Чт-Пт-Сб,,,очень очень умный,Да,"23-24",,"070906550047",,,,,,,"11",,,,,,,"6772",,,,,,"6772",,"13",РО,,Мужской,,,,,,,,,,Грант 23-24,,,,,,,,Математика,Информатика,,Грандмастер (Grandmaster),,,,,,,,,,,,,,,,Дозвон,,,,,,,Никто,,Основной,Олжас Сафуанулы,,,ЕНТ,,,
29869,102,,"28583543","28564715",,,"358146665",,"109",,,,,,,,,,,,,,,Вечер,"17:20",,,,,,,,,,,"2023-11-09T00:00:00","2024-05-22T00:00:00",,"10",Пн-Вт-Ср-Вс-Чт-Пт-Сб,,,училась онлайн. не было результата. Нужно больше 100 баллов. Маме важно обратная связь.,Да,"23-24",,"070215601376",,,,,,,"11",,,,,,,,,,,,,"0",,,КО,,Мужской,,,,,,,,,,Грант 23-24,,,,,,,,География,Биология,,Новобранец (Recruit),,,,,,,,,,,,,,,,"0",,,,,,,Никто,,Основной,Жандос Усенулы,,,ЕНТ,,,
29880,102,,"28586707","28559561",,,"392884913",,г. Каскелен шк. имени Ж.Жабаева,,,,,,,,,,,,,,,Вечер,"17:20",,,,,,,,,,,"2023-11-09T00:00:00","2024-04-10T00:00:00",,"13",Пн-Вт-Ср-Вс-Чт-Пт-Сб,,,нужно хотя бы проходной балл набрать. желание есть. адаптация трудно дается.,Да,"23-24",,"070923650204",,,,,,,"11",,,,,,,,,,,,,"0",,,КО,,Женский,,,,,,,,,,Грант 23-24,,,,,,,,ЧОП,Всемирная история,,Новобранец (Recruit),,,,,,,,,,,,,,,,"0",,,,,,,Никто,,Основной,Жандос Усенулы,,,ЕНТ,,,
29913,102,,"28604179","28581781",,,"363199407",,"59",,,,,,,,,,,,,,,Вечер,"17:20",,,,,,,,,,,"2023-11-16T00:00:00","2024-06-17T00:00:00",,"8",Пн-Вт-Ср-Чт-Пт,,,,Да,"23-24",,"070117502454",,,,,,,"11",,,,,,,"7219",,,,,,"12317",,,КО,,Мужской,,,,,,,,,,Грант 23-24,,,,,,,,Математика,Физика,,Мегамозг (Megamind),,,,,,,,,,,,,,,,Дозвон,,,,,,,,"5098",Основной,,,,,,,
29918,102,,"28605081","28600767",,,"373099960",,"115",,,,,,,,,,,,,,,Вечер,"17:20",,,,,,,,,,,"2023-11-15T00:00:00","2024-05-27T00:00:00",,"13",Пн-Вт-Ср-Чт-Пт,,,,,"23-24",,"061028501710",,,,,,,"11",,,,,,,"5721",,,,,,"5721",,,РО,,Мужской,,,,,,,,,,Грант 23-24,,,,,,,,Математика,Информатика,,Грандмастер (Grandmaster),,,,,,,,,,,,,,,,Дозвон,,,,,,,,,Основной,,,,,,,
29930,102,,"28611057","28560073",,,"358146527",,"54",,,,,,,,,,,,,,,Обед,"14:00",,,,,,,,"2024-06-18T00:00:00",,"2024-06-17T00:00:00","2023-11-16T00:00:00","2024-06-25T00:00:00",,"7",Пн-Вт-Ср-Чт-Пт,,,,Да,"23-24",,"061102501495",,,,,,,"11",,,,,,,"9648",,,,,,"9648",,"0",КО,,Мужской,,,,,,,,,,Грант 23-24,,,,,,,,Математика,Информатика,,Профессор (Professor),,,,,,,,,,,,,,,,"0",,,,,,,,,Основной,,,,,,,
29946,102,,"28624321","28583905",,,"355635525",,"5",,,,,,,,,,,,,,,Обед,"14:00",,,,,,,,"2024-03-21T00:00:00",,,"2023-11-22T00:00:00","2024-05-29T00:00:00",,"9",Пн-Вт-Ср-Чт-Пт,,,"Ауданбай Мадияр - написал тест самостоятельно, но и как все новенькие на нижесредний балл, хочет поступить на грант в АЙТИ",Да,"23-24",,"060825502045",,,,,,,"11",,,,,,,"1940",,,,,,"1940",,"34",РО,,Мужской,,,,,,,,,,Грант 23-24,,,,,,,,Математика,Информатика,,Мастер (Master),,,,,,,,,,,,,,,,"0",,,,,,,Никто,,Основной,Дарын Жасуланович,,,ЕНТ,,,
29987,102,,"28637365","28623237",,,"357806568",,"140",,,,,,,,,,,,,,,Вечер,"17:20",,,,,,,,"2024-05-25T00:00:00",,"2024-05-24T00:00:00","2023-11-23T00:00:00","2024-06-17T00:00:00",,"3",Пн-Вт-Ср-Чт-Пт,,,"уровень слабый, по профильным предметам из 10/3 балла. Сам понимает, учатся тут одноклассники",Да,"23-24",,"070628000078",,,,,,,"11",,,,,,,"9832",,,,,,"15863",,"25",КО,,Мужской,,,,,,,,,,Грант 23-24,,,,,,,,Математика,Физика,,Мегамозг (Megamind),,,,,,,,,,,,,,,,"0",,,,,,,Никто,"6031",Основной,Асель Толеужанкызы,,,ЕНТ,,,
29998,102,,"28641887","28624135",,,"358146559",,"163",,,,,,,,,,,,,,,Вечер,"17:20",,,,,,,,,,,"2023-11-23T00:00:00","2024-06-06T00:00:00",,"7",Пн-Вт-Ср-Вс-Чт-Пт-Сб,,,топчик,Да,"23-24",,"070320501747",,,,,,,"11",,,,,,,"6993",,,,,,"13348",,,КО,,Мужской,,,,,,,,,,Грант 23-24,,,,,,,,Математика,Физика,,Мегамозг (Megamind),,,,,,,,,,,,,,,,Дозвон,,,,,,,Нурбек Талгатулы,"6355",Основной,Нурбек Талгатулы,,,ЕНТ,,,
30035,102,,"28654809","28598507",,,"357806547",,"1",,,,,,,,,,,,,,,Вечер,"17:20",,,,,,,,"2024-06-08T00:00:00",,"2024-06-06T00:00:00","2023-11-23T00:00:00","2024-06-17T00:00:00",,"3",Пн-Вт-Ср-Вс-Чт-Пт-Сб,,,"ребенок сильный , не садите в слабую группу",Да,"23-24",,"060623502235",,,,,,,"11",,,,,,,,,,,,,"0",,"25",КО,,Мужской,,,,,,,,,,Грант 23-24,,,,,,,,ЧОП,Всемирная история,,Новобранец (Recruit),,,,,,,,,,,,,,,,"0",,,,,,,Никто,,Основной,Адилет Даулетбаевич,,,ЕНТ,,,
30038,102,,"28657201","28634119",,,"351392909",,"65",,,,,,,,,,,,,,,Вечер,"17:20",,,,,,,,"2024-05-18T00:00:00",,,"2023-11-30T00:00:00","2024-05-29T00:00:00",,"7",Пн-Вт-Ср-Чт-Пт,,,"в КНБ идет, по всем предметам 1-2 балла",Да,"23-24",,"070707500514",,,,,,,"11",,,,,,,"6998",,,,,,"6998",,"20",КО,,Мужской,,,,,,,,,,Грант 23-24,,,,,,,,Математика,География,,Грандмастер (Grandmaster),,,,,,,,,,,,,,,,Дозвон,,,,,,,Никто,,Основной,Карина Аманбаева,,,ЕНТ,,,
30039,102,,"28657599","28606051",,,,,"45",,,,,,,,,,,,,,,Вечер,"17:20",,,,,,,,"2024-03-19T00:00:00",,,"2023-11-29T00:00:00","2024-04-02T00:00:00",,"3",Пн-Вт-Ср-Чт-Пт,,,хромает по истории казахстана и матграм,,"23-24",,"061110602205",,,,,,,"11",,,,,,,"4495",,,,,,"8874",,"24",РО,,Мужской,,,,,,,,,,Грант 23-24,,,,,,,,Математика,Физика,,Профессор (Professor),,,,,,,,,,,,,,,,Дозвон,,,,,,,Никто,"4379",Основной,Жасулан Таубалдыулы,,,ЕНТ,,,
30058,102,,"28663369","28645357",,,"361559386",,"1",,,,,,,,,,,,,,,Обед,"14:00",,,,,,,,,,,"2023-11-29T00:00:00","2024-05-29T00:00:00",,"9",Пн-Вт-Ср-Чт-Пт,,,"Девочка слабая, но семья заинтересованна",,"23-24",,"070330600541",,,,,,,"11",,,,,,,"5529",,,,,,"11295",,,РО,,Мужской,,,,,,,,,,Грант 23-24,,,,,,,,Математика,Физика,,Профессор (Professor),,,,,,,,,,,,,,,,"0",,,,,,,Никто,"5766",Основной,Владислав Андреевич,,,ЕНТ,,,
30063,102,,"28666083","28665553",,,"364949364",,"202",,,,,,,,,,,,,,,Обед,"14:00",,,,,,,,,,,"2023-11-30T00:00:00","2024-05-29T00:00:00",,"8",Пн-Вт-Ср-Чт-Пт,,,денгейы баскаларга караганда алдекайда жогары,,"23-24",,"070405501636",,,,,,,"11",,,,,,,"5378",,,,,,"5378",,,КО,,Мужской,,,,,,,,,,Грант 23-24,,,,,,,,Математика,Информатика,,Грандмастер (Grandmaster),,,,,,,,,,,,,,,,Дозвон,,,,,,,Никто,,Основной,Олжас Сафуанулы,,,ЕНТ,,,
30089,102,,"28677133","24099357",,,"362456544",,"41",,,,,,,,,,,,,,,Обед,"14:00",,,,,,,,"2024-05-21T00:00:00",,,"2023-12-20T00:00:00","2024-06-24T00:00:00",,"12",Пн-Вт-Ср-Чт-Пт,,,"слабая по проф предметам, дать доп наши материалы которые они проходили",,"23-24",,"060725601426",,,,,,,"11",,,,,,,,,,,,,"0",,"28",РО,,Мужской,,,,,,,,,,Грант 23-24,,,,,,,,География,Биология,,Новобранец (Recruit),,,,,,,,,,,,,,,,"0",,,,,,,Никто,,Основной,Арита Ришадовна,,,ЕНТ,,,
30090,102,,"28677233","28592549",,,"354063745",,"13",,,,,,,,,,,,,,,Вечер,"17:20",,,,,,,,"2024-05-29T00:00:00",,"2024-05-27T00:00:00","2024-01-03T00:00:00","2024-06-26T00:00:00",,"12",Пн-Вт-Ср-Чт-Пт,,,"год пропустили после 11 класса, 73 набрала, сейчас хочет на грант в КБТУ на финансы НИКАК не готовилась ни тогда, ни сейчас",Да,"23-24",,"051028600350",,,,,,,"11",,,,,,,"6537",,,,,,"6537",,"14",КО,,Женский,,,,,,,,,,Грант 23-24,,,,,,,,Математика,География,,Грандмастер (Grandmaster),,,,,,,,,,,,,,,,"0",,,,,,,Никто,,Основной,Карина Аманбаева,,,ЕНТ,,,
30122,102,,"28693507","28688469",,,"363894753",,"51",,,,,,,,,,,,,,,Обед,"14:00",,,,,,,,"2024-01-25T00:00:00",,,"2023-12-14T00:00:00","2024-06-14T00:00:00",,"4",Пн-Вт-Ср-Чт-Пт,,,слабый по инфо и матем,,"23-24",,"070322500046",,,,,,,"11",,,,,,,"6815",,,,,,"6815",,"30",КО,,Мужской,,,,,,,,,,Грант 23-24,,,,,,,,Математика,Информатика,,Грандмастер (Grandmaster),,,,,,,,,,,,,,,,"0",,,,,,,Никто,,Основной,Адилет Даулетбаевич,,,ЕНТ,,,
30135,102,,"28699411","28676387",,,,,"58",,,,,,,,,,,,,,,Вечер,"17:20",,,,,,,,,,,"2023-12-14T00:00:00","2024-02-27T00:00:00",,"10",Пн-Вт-Ср-Чт-Пт,,,"норм , знания есть",,"23-24",,"070802500570",,,,,,,"11",,,,,,,"2266",,,,,,"4565",,,КО,,Мужской,,,,,,,,,,Грант 23-24,,,,,,,,Математика,Физика,,Грандмастер (Grandmaster),,,,,,,,,,,,,,,,"0",,,,,,,Никто,"2299",Основной,Адилет Даулетбаевич,,,ЕНТ,,,
30152,102,,"28718467","28685767",,,"362307168",,Нет школы,,,,,,,,,,,,,,,Обед,"14:00",,,,,,,,,,,"2023-12-13T00:00:00","2024-04-15T00:00:00",,"7",Пн-Вт-Ср-Вс-Чт-Пт-Сб,,,"до НГ попробует инф мат если все хорошо остается если нет ГЕОБИО. уровень слабый. не занимался до этого. мат 4, инф 3,  ист 2, мат. гр. 2. Нужно помочь с адаптацией.",,"23-24",,"061231550118",,,,,,,"11",,,,,,,"3717",,,,,,"6370",,,РО,,Мужской,,,,,,,,,,Грант 23-24,,,,,,,,Математика,Физика,,Грандмастер (Grandmaster),,,,,,,,,,,,,,,,"0",,,,,,,Никто,"2653",Основной,Жандос Усенулы,,,ЕНТ,,,
30223,102,,"28762717","28754393",,,,,"140",,,"6053",,,,,,,,,,,,Обед,"14:00",,,,,,,,"2024-06-11T00:00:00",,"2024-06-10T00:00:00","2023-12-28T00:00:00","2024-06-14T00:00:00",,"9",Пн-Вт-Ср-Чт-Пт,,,средний,,"23-24",,"060827601094",,,,,,,"11",,,,,,,,,,,,,"6053",,"10",КО,,Мужской,,,,,,,,,,Грант 23-24,,,,,,,,Английский язык,Всемирная история,,Грандмастер (Grandmaster),,,,,,,,,,,,,,,,Дозвон,,,,,,,Никто,,Основной,Дарын Жасуланович,,,ЕНТ,,,
30239,102,,"28768251","28494795",,,"360931485",,"123",,,,,,,,,,,,,,,Вечер,"17:20",,,,,,,,"2024-06-22T00:00:00",,"2024-06-21T00:00:00","2023-12-28T00:00:00","2024-07-02T00:00:00",,"2",Пн-Вт-Ср-Чт-Пт,,,"Ребенок ранее ходил в другие центры и там было пофигистичное отношение к ученику и во время урока преподы могли в телефоне сидеть или спать, у нас в Айплюсе таких моментов не должно быть с этой ученицей, хочет на грант поступить, надо распечатать ей программу по истории и по биологии то что мы прошли, потому что хочет дополнительно сама прочитать, а по химии и по мат.грамотности хочет как можно в нач.группу (если есть слабая группа - туда надо ее)",,"23-24",,"070330601490",,,,,,,"11",,,,,,,,,,,,,"5863",,"8",КО,,Мужской,,,,,,,,,,Грант 23-24,,,,,,,,Химия,Биология,,Грандмастер (Grandmaster),,,,,,,,,,,,,,,,"0",,,,,,,Никто,,Основной,Дарын Жасуланович,"5863",,,,,
30243,102,,"28769649","28764543",,,"357784661",,РФМШ,,,,,,,,,,,,,,,Вечер,"17:20",,,,,,,,,,,"2023-12-28T00:00:00","2024-06-20T00:00:00",,"13",Пн-Вт-Ср-Чт-Пт,,,"РФМШ, математика ТОООП, очень сильный, история КЗ и информатика - слабо",Да,"23-24",,"060711501532",,,,,,,"11",,,,,,,"7729",,,,,,"7729",,,КО,,Мужской,,,,,,,,,,Грант 23-24,,,,,,,,Математика,Информатика,,Грандмастер (Grandmaster),,,,,,,,,,,,,,,,"0",,,,,,,Никто,,Основной,Карина Аманбаева,,,ЕНТ,,,
30267,102,,"28777671",,,,"360736438",,РФМШ,,,,,,,,,,,,,,,Вечер,"17:20",,,,,,,,"2024-04-13T00:00:00",,,"2023-12-29T00:00:00","2024-06-17T00:00:00",,"9",Пн-Вт-Ср-Чт-Пт,,,,,"23-24",,"060923501723",,,,,,,"11",,,,,,,"5656",,,,,,"5656",,"19",КО,,Мужской,,,,,,,,,,Грант 23-24,,,,,,,,Математика,Информатика,,Грандмастер (Grandmaster),,,,,,,,,,,,,,,,Дозвон,,,,,,,,,Основной,,,,,,,
30272,102,,"28780065","28779413",,,"362209123",,"11",,,,,,,,,,,,,,,Обед,"14:00",,,,,,,,,,,"2024-01-05T00:00:00","2024-04-26T00:00:00",,"15",Пн-Вт-Ср-Чт-Пт,,,Поменял профильные с инфо-мат на гео-мат. Уровень ниже среднего,,"23-24",,"061019501335",,,,,,,"11",,,,,,,"3235",,,,,,"3235",,,КО,,Мужской,,,,,,,,,,Грант 23-24,,,,,,,,Математика,География,,Мастер (Master),,,,,,,,,,,,,,,,"0",,,,,,,Никто,,Основной,Адиль Максимулы,,,ЕНТ,,,
30312,102,,"28783027","28781875",,,"362307172",,"25",,,,,,,,,,,,,,,Обед,"14:00",,,,,,,,"2024-04-13T00:00:00",,,"2024-01-05T00:00:00","2024-06-17T00:00:00",,"12",Пн-Вт-Ср-Вс-Чт-Пт-Сб,,,в Стамбуле 3 года прожили.  Ист. Каз не изучал.  Хотят на грант Казгаса.,,"23-24",,"070504501826",,,,,,,"11",,,,,,,"7418",,,,,,"13291",,"22",РО,,Мужской,,,,,,,,,,Грант 23-24,,,,,,,,Математика,Физика,,Мегамозг (Megamind),,,,,,,,,,,,,,,,Дозвон,,,,,,,Никто,"5873",Основной,Жандос Усенулы,,,ЕНТ,,,
30322,102,,"28789071","28750485",,,"363894751",,Бобек,,,,,,,,,,,,,,,Обед,"14:00",,,,,,,,"2024-02-23T00:00:00",,,"2024-01-05T00:00:00","2024-04-05T00:00:00",,"10",Пн-Вт-Ср-Чт-Пт,,,"1",,"23-24",,"070514500981",,,,,,,"11",,,,,,,"4609",,,,,,"4608,5",,"15",КО,,Мужской,,,,,,,,,,Грант 23-24,,,,,,,,Математика,Информатика,,Грандмастер (Grandmaster),,,,,,,,,,,,,,,,Дозвон,,,,,,,Никто,,Основной,Владислав Андреевич,,,ЕНТ,,,
30323,102,,"28789543","28765157",,,"364399177",,"29",,,,,,,,,,,,,,,Обед,"14:00",,,,,,,,"2024-05-25T00:00:00",,"2024-05-24T00:00:00","2024-01-24T00:00:00","2024-07-01T00:00:00",,"12",Пн-Вт-Ср-Чт-Пт,,,Слабая по всем предметам кроме биологии на ней набрала 5 из 10,,"23-24",,"060306601775",,,,,,,"11",,,,,,,,,,,,,"6591",,"22",РО,,Женский,,,,,,,,,,Грант 23-24,,,,,,,,Химия,Биология,,Грандмастер (Grandmaster),,,,,,,,,,,,,,,,"0",,,,,,,Никто,,Основной,Владислав Андреевич,"6591",,ЕНТ,,,
30342,102,,"28795587","28795525",,,,,Алгорифм,,,,,,,,,,,,,,,Вечер,"17:20",,,,,,,,,,,"2024-01-11T00:00:00","2024-01-22T00:00:00",,"2",Пн-Вт-Ср-Чт-Пт,,,слабая физика,,"23-24",,"070621501664",,,,,,,"11",,,,,,,"436",,,,,,"796",,,КО,,Мужской,,,,,,,,,,Не поступил,,,,,,,,Математика,Физика,,Новобранец (Recruit),,,,,,,,,,,,,,,,"0",,,,,,,Нурбек Талгатулы,"361",Основной,Нурбек Талгатулы,,,ЕНТ,,,
30355,102,,"28798463","28795315",,,"360074386",,"18",,,"7607",,,,,,,,,,,,Обед,"14:00",,,,,,,,"2024-06-15T00:00:00",,"2024-06-14T00:00:00","2024-01-10T00:00:00","2024-06-26T00:00:00",,"5",Пн-Вт-Ср-Чт-Пт,,,"Cредний уровень, не слабая",Да,"23-24",,"070709600829",,,,,,,"11",,,,,,,,,,,,,"7607",,"21",РО,,Мужской,,,,,,,,,,Грант 23-24,,,,,,,,Английский язык,Всемирная история,,Грандмастер (Grandmaster),,,,,,,,,,,,,,,,"0",,,,,,,Никто,,Основной,Владислав Андреевич,,,ЕНТ,,,
30356,102,,"28798439",,,,"360073745",,"56",,,,,,,,,,,,,,,Вечер,"17:20",,,,,,,,"2024-04-03T00:00:00",,,"2024-01-10T00:00:00","2024-05-30T00:00:00",,"9",Пн-Вт-Ср-Чт-Пт,,,,,"23-24",,"061103551714",,,,,,,"11",,,,,,,"3717",,,,,,"3717",,"24",РО,,Мужской,,,,,,,,,,Грант 23-24,,,,,,,,Математика,Информатика,,Мастер (Master),,,,,,,,,,,,,,,,Недозвон,,,,,,,,,Основной,,,,,,,
30397,102,,"28809635","28802551",,,"383091037",,"53",,,,,,,,,,,,,,,Вечер,"17:20",,,,,,,,,,,"2024-01-12T00:00:00","2024-05-27T00:00:00",,"1",Пн-Вт-Ср-Чт-Пт,,,"если ребенок не пришел на урок, то сразу позвонить родителю и сказать, дать доп материалы, как геткурс, помочь с университетами",Да,"23-24",,"061102501980",,,,,,,"11",,,,,,,"3338",,,,,,"4858",,,КО,,Мужской,,,,,,,,,,Грант 23-24,,,,,,,,Математика,Физика,,Грандмастер (Grandmaster),,,,,,,,,,,,,,,,"0",,,,,,,Нурбек Талгатулы,"1520",Основной,Арита Ришадовна,,,ЕНТ,,,
30413,102,,"28811965","28802857",,,"372832426",,РФМШ,,,,,,,,,,,,,,,Обед,"14:00",,,,,,,,"2024-06-16T00:00:00",,"2024-06-11T00:00:00","2024-01-12T00:00:00","2024-07-01T00:00:00",,"9",Пн-Вт-Ср-Чт-Пт,,,"Гаукарбек Акмарал - написала тест самостоятельно, по истории 4 из 10 правильно, по информатике 3 из 10 правильно, математика 8 из 10 правильно, мат.грамотность 8 из 10 правильно. Математика сильная, потому что учиться в РФМШ. Мама очень переживает за учебу и просит хорошую обратную связь",,"23-24",,"061217601129",,,,,,,"11",,,,,,,"6539",,,,,,"6539",,"20",РО,,Женский,,,,,,,,,,Грант 23-24,,,,,,,,Математика,Информатика,,Грандмастер (Grandmaster),,,,,,,,,,,,,,,,Дозвон,,,,,,,Никто,,Основной,Дарын Жасуланович,,,ЕНТ,,,
30431,102,,"28816821","28816481",,,"366893569",,"1",,,,,,,,,,,,,,,Вечер,"17:20",,,,,,,,"2024-05-23T00:00:00",,"2024-05-22T00:00:00","2024-01-18T00:00:00","2024-06-05T00:00:00",,"6",Пн-Вт-Ср-Вс-Чт-Пт-Сб,,,слабый,,"23-24",,"070115501831",,,,,,,"11",,,,,,,"4655",,,,,,"4655",,"21",КО,,Мужской,,,,,,,,,,Грант 23-24,,,,,,,,Математика,География,,Грандмастер (Grandmaster),,,,,,,,,,,,,,,,"0",,,,,,,Никто,,Основной,Арайлым Агайдарова,,,ЕНТ,,,
30435,102,,"28817597",,,,"373045644",,"22",,,,,,,,,,,,,,,Обед,"14:00",,,,,,,,,,,"2024-01-17T00:00:00","2024-06-17T00:00:00",,"8",Пн-Вт-Ср-Чт-Пт,,,"Серик Темирлан - написал тест самостоятельно. По результатам теста: математика 8 из 10, мат.грамотность 6 из 10, история 2 из 10, информатика 6 из 10 правильно. В 11 классе (то есть в этом году) - отчислился с НИШ и хочет сдать на айтишника ЕНТ на грант. Бабушка переживает за учебу и просит контроль и хорошую обратную связь",,"23-24",,"070208501084",,,,,,,"11",,,,,,,"2562",,,,,,"2562",,,РО,,Мужской,,,,,,,,,,Грант 23-24,,,,,,,,Математика,Информатика,,Мастер (Master),,,,,,,,,,,,,,,,"0",,,,,,,Никто,,Основной,Дарын Жасуланович,,,ЕНТ,,,
30439,102,,"28820065","28809901",,,"393096190",,"69",,,,,,,,,,,,,,,Вечер,"17:20",,,,,,,,"2024-06-18T00:00:00",,"2024-06-17T00:00:00","2024-01-17T00:00:00","2024-06-19T00:00:00",,"1",Пн-Вт-Ср-Чт-Пт,,,слабый уровень,,"23-24",,"070226501687",,,,,,,"11",,,,,,,"4084",,,,,,"4084",,"9",РО,,Мужской,,,,,,,,,,Грант 23-24,,,,,,,,Математика,Информатика,,Мастер (Master),,,,,,,,,,,,,,,,Дозвон,,,,,,,Никто,,Основной,Карина Аманбаева,,,ЕНТ,,,
30475,102,,"28827635","28801525",,,"364405687",,Колледж,,,,,,,,,,,,,,,Вечер,"17:20",,,,,,,,,,,"2024-01-18T00:00:00","2024-06-17T00:00:00",,"8",Пн-Вт-Ср-Чт-Пт,,,"Слабый уровень по всем предметам, профильные недавно поменял.",,"23-24",,"050323501096",,,,,,,"11",,,,,,,,,,,,,"0",,,КО,,Мужской,,,,,,,,,,Грант 23-24,,,,,,,,ЧОП,Всемирная история,,Новобранец (Recruit),,,,,,,,,,,,,,,,Дозвон,,,,,,,Никто,,Основной,Адиль Максимулы,,,ЕНТ,,,
30482,102,,"28818289",,,,"366859849",,Другое,,,,,,,,,,,,,,,Вечер,"17:20",,,,,,,,"2024-04-12T00:00:00",,,"2024-01-17T00:00:00","2024-04-29T00:00:00",,"14",Пн-Вт-Ср-Чт-Пт,,,самостоятельная; только профиль нужно выбрать. Уровень зависит от предметов. Способная девочка,,"23-24",,"060530601981",,,,,,,"11",,,,,,,,,,,,,"3280",,"7",РО,,Мужской,,,,,,,,,,Грант 23-24,,,,,,,,Химия,Биология,,Мастер (Master),,,,,,,,,,,,,,,,"0",,,,,,,Никто,,Основной,Адиль Максимулы,"3280",,ЕНТ,,,
30487,102,,"29303039","28824757",,,"373326502",,"173",,,,,,,,,,,,,,,Вечер,"17:20",,,,,,,,,,,"2024-01-18T00:00:00","2024-05-30T00:00:00",,"4",Пн-Вт-Ср-Чт-Пт,,,набирает 80-85   хочет на грант.,,"23-24",,"061229502028",,,,,,,"11",,,,,,,"5678",,,,,,"5678",,,КО,,Мужской,,,,,,,,,,Грант 23-24,,,,,,,,Математика,Информатика,,Грандмастер (Grandmaster),,,,,,,,,,,,,,,,"0",,,,,,,Никто,,Основной,Жандос Усенулы,,,ЕНТ,,,
30488,102,,"28830725","28774825",,,"362693350",,"67",,,,,,,,,,,,,,,Обед,"14:00",,,,,,,,"2024-06-13T00:00:00",,"2024-06-12T00:00:00","2024-01-17T00:00:00","2024-06-14T00:00:00",,"11",Пн-Вт-Ср-Чт-Пт,,,выбрала геомат. отец хочет чтобы она на грант поступила. Пробелы есть.,,"23-24",,"061010601709",,,,,,,"11",,,,,,,"4694",,,,,,"4694",,"18",РО,,Мужской,,,,,,,,,,Грант 23-24,,,,,,,,Математика,География,,Грандмастер (Grandmaster),,,,,,,,,,,,,,,,Дозвон,,,,,,,Никто,,Основной,Жандос Усенулы,,,ЕНТ,,,
30492,102,,"28654515","28654515",,,"362227834",,JOS,,,,,,,,,,,,,,,Обед,"14:00",,,,,,,,"2024-04-27T00:00:00",,,"2024-01-17T00:00:00","2024-05-22T00:00:00",,"6",Пн-Вт-Ср-Чт-Пт,,,алтын белги,,"23-24",,"070223651871",,,,,,,"11",,,,,,,"3732",,,,,,"8026",,"10",РО,,Женский,,,,,,,,,,Грант 23-24,,,,,,,,Математика,Физика,,Профессор (Professor),,,,,,,,,,,,,,,,Дозвон,,,,,,,Нурбек Талгатулы,"4294",Основной,Нурбек Талгатулы,,,ЕНТ,,,
30601,102,,"28880577","28877079",,,"365193187",,"66",,,,,,,,,,,,,,,Вечер,"17:20",,,,,,,,,,,"2024-02-01T00:00:00","2024-06-20T00:00:00",,"9",Пн-Вт-Ср-Чт-Пт,,,"слабый , есть пробелы",Да,"23-24",,"070227501256",,,,,,,"11",,,,,,,"5835",,,,,,"9851",,,КО,,Мужской,,,,,,,,,,Грант 23-24,,,,,,,,Математика,Физика,,Профессор (Professor),,,,,,,,,,,,,,,,"0",,,,,,,Никто,"4016",Основной,Адилет Даулетбаевич,,,ЕНТ,,,
30678,102,,"28916749","28910291",,,"370370487",,"11",,,,,,,,,,,,,,,Вечер,"17:20",,,,,,,,"2024-06-14T00:00:00",,"2024-06-13T00:00:00","2024-02-07T00:00:00","2024-06-17T00:00:00",,"3",Пн-Вт-Ср-Чт-Пт,,,Хочет на стомотолога поступить. Инфо-мат как план Б. Набрал на январьском 50 баллов. Хим-Био 4/10. Ист.Каз/Мат.Гр 2/10,,"23-24",,"070225501344",,,,,,,"11",,,,,,,,,,,,,"4470",,"14",КО,,Мужской,,,,,,,,,,Грант 22-23,,,,,,,,Химия,Биология,,Мастер (Master),,,,,,,,,,,,,,,,"0",,,,,,,Никто,,Основной,Адиль Максимулы,"4470",,ЕНТ,,,
30676,102,,"28916335","28916253",,,,,"106",,,,,,,,,,,,,,,Вечер,"17:20",,,,,,,,,,,"2024-02-06T00:00:00","2024-05-29T00:00:00",,"3",Пн-Вт-Ср-Вс-Чт-Пт-Сб,,,-,,"23-24",,"061018651650",,,,,,,"11",,,,,,,"928",,,,,,"928",,,КО,,Женский,,,,,,,,,,Неизвестно,,,,,,,,Математика,География,,Новобранец (Recruit),,,,,,,,,,,,,,,,"0",,,,,,,Никто,,Основной,Жандос Усенулы,,,ЕНТ,,,
30708,102,,"28925981","28925677",,,"368087508",,"38",,,,,,,,,,,,,,,Обед,"14:00",,,,,,,,,,,"2024-02-07T00:00:00","2024-05-23T00:00:00",,"12",Пн-Вт-Ср-Чт-Пт,,,"Чемпион Казахстана по шахматам, уже есть грант в КБТУ, нужно 50-70 баллов набрать. Нужны самые слабые группы",,"23-24",,"060511502385",,,,,,,"11",,,,,,,"1805",,,,,,"2595",,,РО,,Мужской,,,,,,,,,,Грант 23-24,,,,,,,,Математика,География,,Мастер (Master),,,,,,,,,,,,,,,,Дозвон,,,,,,,Никто,"790",Основной,Карина Аманбаева,,,ЕНТ,,,
30744,102,,"28947173","28945539",,,"368528037",,"121",,,,,,,,,,,,,,,Обед,"14:00",,,,,,,,,,,"2024-02-14T00:00:00","2024-07-01T00:00:00",,"10",Вт-Ср-Чт-Пт-Сб,,,"IELTS 6.0, без английского будет заниматься. СЛАБЫЙ уровень",Да,"23-24",,"061102601451",,,,,,,"11",,,,,,,,,,,,,"0",,,РО,,Мужской,,,,,,,,,,Грант 23-24,,,,,,,,Английский язык,Всемирная история,,Новобранец (Recruit),,,,,,,,,,,,,,,,Дозвон,,,,,,,Никто,,Основной,Карина Аманбаева,,,ЕНТ,,,
30754,102,,"28952423","28952423",,,"368713602",,"51",,,,,,,,,,,,,,,Обед,"14:00",,,,,,,,"2024-05-31T00:00:00",,"2024-05-30T00:00:00","2024-02-14T00:00:00","2024-06-17T00:00:00",,"9",Пн-Вт-Ср-Чт-Пт,,,англ не ходит,,"23-24",,"070831652092",,,,,,,"11",,,,,,,,,,,,,"0",,"2",РО,,Мужской,,,,,,,,,,Грант 23-24,,,,,,,,Английский язык,Всемирная история,,Новобранец (Recruit),,,,,,,,,,,,,,,,"0",,,,,,,Никто,,Основной,Адилет Даулетбаевич,,,ЕНТ,,,
30768,102,,"28970507","28970129",,,"371353043",,"140",,,,,,,,,,,,,,,Вечер,"17:20",,,,,,,,"2024-06-05T00:00:00",,"2024-06-04T00:00:00","2024-02-16T00:00:00","2024-06-17T00:00:00",,"15",Пн-Вт-Ср-Чт-Пт,,,"У ребенка средний уровень знаний, сразу предупредил что у нас не новые группы, но тем не менее ей надо всемирку поднимать. Мама требует хорошую обратную связь",,"23-24",,"061226600061",,,,,,,"11",,,,,,,,,,,,,"0",,"2",КО,,Мужской,,,,,,,,,,Грант 23-24,,,,,,,,ЧОП,Всемирная история,,Новобранец (Recruit),,,,,,,,,,,,,,,,Дозвон,,,,,,,Никто,,Основной,Дарын Жасуланович,,,ЕНТ,,,
30777,102,,"28975719","28959191",,,"375034455",,Другое,,,,,,,,,,,,,,,Обед,"14:00",,,,,,,,"2024-04-26T00:00:00",,,"2024-02-20T00:00:00","2024-06-17T00:00:00",,"9",Пн-Вт-Ср-Чт-Пт,,,Слабый уровень по Ист Каз и Информатике. Средний уровень по Мат Гр и Матем.,,"23-24",,"051205501344",,,,,,,"11",,,,,,,"3725",,,,,,"3725",,"19",РО,,Мужской,,,,,,,,,,Грант 23-24,,,,,,,,Математика,Информатика,,Мастер (Master),,,,,,,,,,,,,,,,"0",,,,,,,Никто,,Основной,Адиль Максимулы,,,ЕНТ,,,Русский
30797,102,,"28989885","28969953",,,"392769114",,Школа при КазНУ,,,,,,,,,,,,,,,Обед,"14:00",,,,,,,,"2024-06-07T00:00:00",,"2024-06-06T00:00:00","2024-03-01T00:00:00","2024-06-17T00:00:00",,"14",Пн-Вт-Ср-Чт-Пт,,,"Ранее обучалась в Достыке и там менялись преподаватели, в основном делали на казахское отделение, на русское отделение не обращали внимание. Цель набрать 120+, просит хорошую обратную связь",,"23-24",,"070329602295",,,,,,,"11",,,,,,,"3603",,,,,,"3603",,"0",РО,,Мужской,,,,,,,,,,Грант 23-24,,,,,,,,Математика,Информатика,,Мастер (Master),,,,,,,,,,,,,,,,"0",,,,,,,Никто,,Основной,Дарын Жасуланович,,,ЕНТ,,,
30799,102,,"28990745","28954993",,,,,"74",,,,,,,,,,,,,,,Вечер,"17:20",,,,,,,,,,,"2024-02-21T00:00:00","2024-07-01T00:00:00",,"12",Пн-Вт-Ср-Чт-Пт,,,по матем хромает 9-10 классы программы,,"23-24",,"060818500163",,,,,,,"11",,,,,,,"1930",,,,,,"5748",,,РО,,Мужской,,,,,,,,,,Грант 23-24,,,,,,,,Математика,Физика,,Грандмастер (Grandmaster),,,,,,,,,,,,,,,,"0",,,,,,,Никто,"3818",Основной,Арита Ришадовна,,,ЕНТ,,,
30807,102,,"28996909","28988755",,,"372090873",,"66",,,,,,,,,,,,,,,Обед,"14:00",,,,,,,,,,,"2024-02-23T00:00:00","2024-06-19T00:00:00",,"3",Пн-Вт-Ср-Чт-Пт,,,"топчик по предметам, набрал на январьском ент 102, половину набирает гео и мат",,"23-24",,"070717500320",,,,,,,"11",,,,,,,"3284",,,,,,"3284",,,КО,,Мужской,,,,,,,,,,Грант 23-24,,,,,,,,Математика,География,,Мастер (Master),,,,,,,,,,,,,,,,Дозвон,,,,,,,Никто,,Основной,Арита Ришадовна,,,ЕНТ,,,
30851,102,,"29017893","28988975",,,"373007058",,"62",,,,,,,,,,,,,,,Обед,"14:00",,,,,,,,"2024-03-15T00:00:00",,,"2024-03-01T00:00:00","2024-06-17T00:00:00",,"7",Пн-Вт-Ср-Чт-Пт,,,слабый,Да,"23-24",,"060126502134",,,,,,,"11",,,,,,,"4667",,,,,,"9085",,"15",РО,,Мужской,,,,,,,,,,Грант 23-24,,,,,,,,Математика,Физика,,Профессор (Professor),,,,,,,,,,,,,,,,Дозвон,,,,,,,Никто,"4418",Основной,Арита Ришадовна,,,ЕНТ,,,
30894,102,,"29053389","29052931",,,"378636184",,"42",,,,,,,,,,,,,,,Вечер,"17:20",,,,,,,,"2024-04-20T00:00:00",,,"2024-03-13T00:00:00","2024-06-04T00:00:00",,"9",Пн-Вт-Ср-Чт-Пт,,,после колледжа,,"23-24",,"041203501183",,,,,,,"11",,,,,,,"2854",,,,,,"2854",,"7",РО,,Мужской,,,,,,,,,,Грант 23-24,,,,,,,,Математика,Информатика,,Мастер (Master),,,,,,,,,,,,,,,,Дозвон,,,,,,,Никто,,Основной,Адилет Даулетбаевич,,,ЕНТ,,,
30896,102,,"29053941","29053919",,"29053941",,,"2",,,,,,,,,,,,,,,Обед,"14:00",,,,,,,,,,,"2024-03-06T00:00:00","2024-06-19T00:00:00",,"3",Вт-Чт-Сб,,,"этот ученик ходит индивидуально на оффлайне только на биологию, остальные предметы на онлайне. ДАВАТЬ ОС НЕ НУЖНО, реализация только для аттенденса",,"23-24",,"040430600748",,,,,,,"11",,,,,,,,,,,,,"0",,,КО,,Мужской,,,,,,,,,,Грант 23-24,,,,,,,,Химия,Биология,,Новобранец (Recruit),,,,,,,,,,,,,,,,"0",,,,,,,Томирис Султанкызы,,Основной,Томирис Султанкызы,,,Для себя (повысить уровень),,,
30903,102,,"29065853","29063531",,,,,"22",,,,,,,,,,,,,,,Обед,"14:00",,,,,,,,"2024-05-11T00:00:00",,,"2024-03-13T00:00:00","2024-06-26T00:00:00",,"11",,,,"ребенок шустрый, ббудет ходить только на проф с 14.00 до 16.00, по остальным предметам немного не дотягивает, больше 100 хочет набирать",,"23-24",,"060405502021",,,,,,,"11",,,,,,,"3425",,,,,,"3425",,"14",РО,,Мужской,,,,,,,,,,Грант 23-24,,,,,,,,Математика,Информатика,,Мастер (Master),,,,,,,,,,,,,,,,"0",,,,,,,Никто,,Основной,Асель Толеужанкызы,,,ЕНТ,,,
30904,102,,"29065927","29063467",,,,,"126",,,,,,,,,,,,,,,Вечер,"17:20",,,,,,,,,,,"2024-03-14T00:00:00","2024-06-25T00:00:00",,"14",Пн-Вт-Ср-Чт-Пт,,,геомат/ лицейде окиды/ Кытайдан екы жыл бурын келген/ киындыктар болуы мумкын/ алдын ала ескертуды сураймын,,"23-24",,"060509050025",,,,,,,"11",,,,,,,"1984",,,,,,"1983,5",,,КО,,Мужской,,,,,,,,,,Грант 23-24,,,,,,,,Математика,География,,Мастер (Master),,,,,,,,,,,,,,,,"0",,,,,,,Никто,,Основной,Олжас Сафуанулы,,,ЕНТ,,,
30931,102,,"29110023","29100027",,,"382420300",,"1",,,,,,,,,,,,,,,Вечер,"17:20",,,,,,,,"2024-04-27T00:00:00",,,"2024-03-28T00:00:00","2024-05-17T00:00:00",,"2",Пн-Вт-Ср-Чт-Пт,,,айти нархоз,,"23-24",,"061025500944",,,,,,,"11",,,,,,,"1692",,,,,,"1692",,"8",КО,,Мужской,,,,,,,,,,Грант 23-24,,,,,,,,Математика,Информатика,,Мастер (Master),,,,,,,,,,,,,,,,"0",,,,,,,Никто,,Основной,Олжас Сафуанулы,,,ЕНТ,,,
30939,102,,"29251225","29096709",,,"380004224",,"8",,,,,,,,,,,,,,,Обед,"14:00",,,,,,,,,,,"2024-03-27T00:00:00","2024-06-07T00:00:00",,"1",Пн-Вт-Ср-Чт-Пт,,,ребенок сам хочет готовиться,,"23-24",,"061106501121",,,,,,,"11",,,,,,,"2893",,,,,,"2893",,,РО,,Мужской,,,,,,,,,,Грант 23-24,,,,,,,,Математика,Информатика,,Мастер (Master),,,,,,,,,,,,,,,,"0",,,,,,,Томирис Султанкызы,,Основной,Томирис Султанкызы,,,ЕНТ,,,
30969,102,,"29144903","29121993",,,"381595770",,"1",,,,,,,,,,,,,,,Обед,"14:00",,,,,,,,"2024-05-22T00:00:00",,"2024-05-21T00:00:00","2024-03-29T00:00:00","2024-06-17T00:00:00",,"8",Пн-Вт-Ср-Вс-Чт-Пт-Сб,,,химия слабая. 100 баллов получила на пробном нужно 120+,,"23-24",,"061015600410",,,,,,,"11",,,,,,,,,,,,,"2703",,"4",РО,,Мужской,,,,,,,,,,Грант 23-24,,,,,,,,Химия,Биология,,Мастер (Master),,,,,,,,,,,,,,,,"0",,,,,,,Никто,,Основной,Арайлым Агайдарова,"2703",,ЕНТ,,,
31022,102,,"29173381","29165597",,,"381695688",,"1",,,,,,,,,,,,,,,Вечер,"17:20",,,,,,,,"2024-06-06T00:00:00",,"2024-06-05T00:00:00","2024-04-05T00:00:00","2024-06-04T00:00:00",,"1",Пн-Вт-Ср-Вс-Чт-Пт-Сб,,,на грант,,"23-24",,"061021501673",,,,,,,"11",,,,,,,"2609",,,,,,"2609",,"9",КО,,Мужской,,,,,,,,,,Грант 23-24,,,,,,,,Математика,Информатика,,Мастер (Master),,,,,,,,,,,,,,,,"0",,,,,,,Никто,,Основной,Арайлым Агайдарова,,,ЕНТ,,,
31123,102,,"29228395","29194621",,,"386878409",,JOS,,,,,,,,,,,,,,,Вечер,"17:20",,,,,,,,"2024-05-03T00:00:00",,,"2024-04-23T00:00:00","2024-06-04T00:00:00",,"2",Пн-Вт-Ср-Чт-Пт,,,"Кенже Есимхан - набрал 74 балла на первом тесте, на втором тесте набрал 66 баллов. Немного трудности по математике и по историй, по матем.грамотности набрал 7 из 10, родители хотят хорошую обратную связь",,"23-24",,"060821501461",,,,,,,"11",,,,,,,"1134",,,,,,"1134",,"8",КО,,Мужской,,,,,,,,,,Грант 23-24,,,,,,,,Математика,Информатика,,Новобранец (Recruit),,,,,,,,,,,,,,,,"0",,,,,,,Никто,,Основной,Дарын Жасуланович,,,ЕНТ,,,
31229,102,,"29291369","29284035",,,"388137045",,Другое,,,,,,,,,,,,,,,Обед,"14:00",,,,,,,,"2024-05-29T00:00:00",,"2024-05-28T00:00:00","2024-05-10T00:00:00","2024-05-27T00:00:00",,"11",Пн-Вт-Ср-Чт-Пт,,,"Караторгаева Дина - написала тест самостоятельно, по результатам теста по математике - 6 из 10, матем.грамотность - 10 из 10, история казахстана - 3 из 10, информатика - 2 из 10 набирает. Ранее обучалась в КБТУ до 3 курса и отчислилась, так как хочет поменять специальность. Теперь готовиться в Астана АЙТИ универ. Хочет набрать 70-80 баллов. Требуется больше работы по тестам, прежде чем принимать посоветовался с Марат рук.учебки и он дал добро + сказал что по тестам занимаются уже, ребенок обо всем осведомлен",,"23-24",,"030401651376",,,,,,,"12",,,,,,,"569",,,,,,"569",,"3",РО,,Женский,,,,,,,,,,Грант 23-24,,,,,,,,Математика,Информатика,,Новобранец (Recruit),,,,,,,,,,,,,,,,"0",,,,,,,Никто,,Основной,Дарын Жасуланович,,,Для себя (повысить уровень),,,
34667,102,,"29647405","29628569",,,"407972795",,"206",,,,,,,,,,,,,,,Вечер,"16:15",,,,,,,,,,,"2024-09-04T00:00:00","2025-06-23T00:00:00",,"13",Пн-Вт-Ср-Чт-Пт,,,"трудности по матем, ист каз и информ, сама хочет на веб дизайн",Да,"24-25",,"070109601518",,,,,,,"11",Нет,,,,,,"8832",,,,,,"8832",,,КО,,Женский,,,,,,,,,,Грант 23-24,,,,,,,,Математика,Информатика,,Профессор (Professor),,,,,,,,,,,,,,,,"0",,,,,,,Никто,,Нурсат,Никто,,,ЕНТ,,,
34707,102,,"29636837",,,,"408639901",,"57",,,,,,,,,,,,,,,Обед,"14:00",,,,,,,,,,,"2024-09-04T00:00:00","2025-06-16T00:00:00",,"6",Пн-Вт-Ср-Чт-Пт,,,физмат тандайды/ ата анасы балага катал карауга руксат берды/,Да,"24-25",,"081106553295",,,,,,,"11",,,,,,,"6246",,,,,,"7186",,"26",КО,,Мужской,,,,,,,,,,Грант 23-24,,,,,,,,Математика,Информатика,,Грандмастер (Grandmaster),,,,,,,,,,,,,,,,"0",,,,,,,,"940",Нурсат,,,,,,,
